uin,archive_status,financial_year,insurer,product_name,approval_date,product_type,document_url,document_text,scraped_at
ACKHLGP21469V022021,Non-Archived,2020-2021,Acko General Insurance Co. Ltd.,Acko Group Health Insurance Policy,28-09-2020,Revision,https://irdai.gov.in/documents/37343/931203/ACKHLGP21469V022021_2020-2021.pdf/410f8cbb-9e73-e08e-d075-5a7899fdfdc0?version=1.1&t=1668578026890&download=true,ACKHLGP21469V022021_2020-2021.pdf,2026-08-20T14:23:13.912425+00:00
ACKHLGP21470V022021,Non-Archived,2020-2021,Acko General Insurance Co. Ltd.,Acko Group Health OPD Wallet,28-09-2020,Revision,https://irdai.gov.in/documents/37343/931203/ACKHLGP21470V022021_2020-2021.pdf/02f826bf-c5a2-19a0-54e3-b51d21bfad1b?version=1.1&t=1668578198593&download=true,ACKHLGP21470V022021_2020-2021.pdf,2026-08-20T14:23:13.912425+00:00
ACKHLIP20039V012021,Non-Archived,2020-2021,Acko General Insurance Co. Ltd.,Acko Health Insurance policy,21-05-2020,New,https://irdai.gov.in/documents/37343/931203/ACKHLIP20039V012021_2020-2021.pdf/9d098b92-18c6-bfde-7c23-2dcbf75aa06a?version=1.1&t=1668578569102&download=true,ACKHLIP20039V012021_2020-2021.pdf,2026-08-20T14:23:13.912425+00:00
ACKHLIP20183V011920,Non-Archived,2019-2020,Acko General Insurance Co. Ltd.,"Arogya Sanjeevani Policy, Acko General Insurance Ltd",04-01-2020,New,https://irdai.gov.in/documents/37343/931203/ACKHLIP20183V011920_2019-2020.pdf/4be7c51c-9483-9517-d04e-a526e601f44b?version=1.1&t=1668510453603&download=true,ACKHLIP20183V011920_2019-2020.pdf,2026-08-20T14:23:13.912425+00:00
ACKHLIP21105V012021,Non-Archived,2020-2021,Acko General Insurance Co. Ltd.,"Corona Kavach Policy, Acko General Insurance Ltd",07-08-2020,New,https://irdai.gov.in/documents/37343/931203/ACKHLIP21105V012021_2020-2021.pdf/e7a35c53-3c9a-899f-e8ba-15eb5142d68f?version=1.1&t=1668155063605&download=true,ACKHLIP21105V012021_2020-2021.pdf,2026-08-20T14:23:13.912425+00:00
ACKTGDP18115V021718,Non-Archived,2018-2019,Acko General Insurance Co. Ltd.,Group Domestic Travel Insurance,09-04-2018,Group,https://irdai.gov.in/documents/37343/931203/ACKTGDP18115V021718_2018-2019.pdf/0475942c-6bdb-4349-befe-eda8a2b2dc11?version=1.1&t=1668495432355&download=true,ACKTGDP18115V021718_2018-2019.pdf,2026-08-20T14:23:13.912425+00:00
ACKTGDP21526V032021,Non-Archived,2020-2021,Acko General Insurance Co. Ltd.,Group Domestic Travel Insurance Policy,30-09-2020,Revision,https://irdai.gov.in/documents/37343/931203/ACKTGDP21526V032021_2020-2021.pdf/5e1a293b-16e1-7e5a-add3-4e558244f2c1?version=1.1&t=1668578519061&download=true,ACKTGDP21526V032021_2020-2021.pdf,2026-08-20T14:23:13.912425+00:00
ACKTGDP18115V011718,Non-Archived,2017-2018,Acko General Insurance Co. Ltd.,Group Domestic Travel Insurance Policy,02-02-2018,,https://irdai.gov.in/documents/37343/931203/Ack_GroupDomesticTravel_2017-2018.pdf/a18b2e56-b07f-db36-007e-d6482a1f65e3?version=1.1&t=1668421303397&download=true,Ack_GroupDomesticTravel_2017-2018.pdf,2026-08-20T14:23:13.912425+00:00
ACKHLGP21472V022021,Non-Archived,2020-2021,Acko General Insurance Co. Ltd.,Group Health & Accident Care,28-09-2020,Revision,https://irdai.gov.in/documents/37343/931203/ACKHLGP21472V022021_2020-2021.pdf/106c3fd5-092a-328a-0132-ebd6cff30c57?version=1.1&t=1668578273620&download=true,ACKHLGP21472V022021_2020-2021.pdf,2026-08-20T14:23:13.912425+00:00
ACKPAGP21527V022021,Non-Archived,2020-2021,Acko General Insurance Co. Ltd.,Group Personal Accident Policy,30-09-2020,Revision,https://irdai.gov.in/documents/37343/931203/ACKPAGP21527V022021_2020-2021.pdf/cdb202d9-e977-bb59-9963-98a8151e1298?version=1.1&t=1668578335647&download=true,ACKPAGP21527V022021_2020-2021.pdf,2026-08-20T14:23:13.912425+00:00
ACKTGBP21525V022021,Non-Archived,2020-2021,Acko General Insurance Co. Ltd.,Group Travel Insurance Policy,30-09-2020,Revision,https://irdai.gov.in/documents/37343/931203/ACKTGBP21525V022021_2020-2021.pdf/1e4e1955-5fc4-f511-93b4-5e45d1e4c4f1?version=1.1&t=1668578402902&download=true,ACKTGBP21525V022021_2020-2021.pdf,2026-08-20T14:23:13.912425+00:00
ACKHLGP21471V022021,Non-Archived,2020-2021,Acko General Insurance Co. Ltd.,Secure Shield,28-09-2020,Revision,https://irdai.gov.in/documents/37343/931203/ACKHLGP21471V022021_2020-2021.pdf/5bb319ac-d810-7036-ac17-fa2269beb23e?version=1.1&t=1668578233057&download=true,ACKHLGP21471V022021_2020-2021.pdf,2026-08-20T14:23:13.912425+00:00
ACKHLIA22210V012122,Non-Archived,2021-2022,Acko General Insurance Limited,Add-On- Initial 30 days Waiting Period Waiver,10-02-2022,Add On,https://irdai.gov.in/documents/37343/931203/ACKHLIA22210V012122.pdf/9489d7da-77fb-f707-3a65-c63785e4fc33?version=1.1&t=1668853914134&download=true,ACKHLIA22210V012122.pdf,2026-08-20T14:23:13.912425+00:00
ACKPAIP21638V012021,Non-Archived,2021-2022,Acko General Insurance Ltd.,"Saral Suraksha Bima, Acko",31-03-2021,Individual,https://irdai.gov.in/documents/37343/931203/ACKPAIP21638V012021_HEALTH2069.pdf/172c67f4-5b00-843e-0bfc-5a02fa66941e?version=1.1&t=1668769438173&download=true,ACKPAIP21638V012021_HEALTH2069.pdf,2026-08-20T14:23:13.912425+00:00
ADIHLIP18077V011718,Non-Archived,2017-2018,Aditya Bira Health Ins Co,Activ Assure,13-11-2017,,https://irdai.gov.in/documents/37343/931203/ABHI_Activassure_2017-2018.pdf/c292e366-5be1-9af1-4dab-c70305912bde?version=1.1&t=1668421390959&download=true,ABHI_Activassure_2017-2018.pdf,2026-08-20T14:23:13.912425+00:00
ADIHLIP18076V011718,Non-Archived,2017-2018,Aditya Bira Health Ins Co,Active Secure,08-11-2017,,https://irdai.gov.in/documents/37343/931203/ABHI_GroupActiveSecure_2017-2018.pdf/68f72773-e60f-c0d7-ef51-108241409f58?version=1.1&t=1668421361185&download=true,ABHI_GroupActiveSecure_2017-2018.pdf,2026-08-20T14:23:13.912425+00:00
ADIHLIP20170V011920,Non-Archived,2019-2020,Aditya Birla Health Insurance Co Ltd,"ArogyaSanjeevani Policy, Aditya Birla Health Insurance Company Limited",31-03-2020,New,https://irdai.gov.in/documents/37343/931203/ADIHLIP20170V011920_2019-2020.pdf/4436815b-247c-06d5-3d14-112905fdf817?version=1.1&t=1668511041948&download=true,ADIHLIP20170V011920_2019-2020.pdf,2026-08-20T14:23:13.912425+00:00
ADIHLIP21080V012021,Non-Archived,2020-2021,Aditya Birla Health Insurance Co Ltd,"Corona Kavach Policy, Aditya Birla Health Insurance Company Limited",07-09-2020,New,https://irdai.gov.in/documents/37343/931203/ADIHLIP21080V012021_2020-2021.pdf/ac6c7fde-ad37-6ac5-1734-e3818f0d3632?version=1.1&t=1668155000658&download=true,ADIHLIP21080V012021_2020-2021.pdf,2026-08-20T14:23:13.912425+00:00
ADITGBP19020V011819,Non-Archived,2018-2019,Aditya Birla Health Insurance Co ltd,Group Activ Travel,25-05-2018,Group,https://irdai.gov.in/documents/37343/931203/ADITGBP19020V011819_2018-2019.pdf/25dca6ab-76ad-78d6-872d-ac2a4186f295?version=1.1&t=1668495625313&download=true,ADITGBP19020V011819_2018-2019.pdf,2026-08-20T14:23:13.912425+00:00
ADIHLIP21574V032021,Non-Archived,2020-2021,Aditya Birla Health Insurance Co. Ltd,Activ Health,01-08-2021,Revision,https://irdai.gov.in/documents/37343/931203/ADIHLIP21574V032021_2020-2021.pdf/0b0783bb-0000-9a96-54b3-729f4cc5974d?version=1.1&t=1668578608012&download=true,ADIHLIP21574V032021_2020-2021.pdf,2026-08-20T14:23:13.912425+00:00
ADIHLAP21589V012021,Non-Archived,2020-2021,Aditya Birla Health Insurance Co. Ltd,Additional S.I. for Pandemic and Epidemic Rider,18-02-2021,Group Health Rider,https://irdai.gov.in/documents/37343/931203/Additional+S.I.+for+Pandemic+and+Epidemic+Rider.pdf/71a7825b-1bb6-38b2-fb46-f55b3ca55236?version=1.1&t=1668922162512&download=true,Additional S.I. for Pandemic and Epidemic Rider.pdf,2026-08-20T14:23:13.912425+00:00
ADIPAIP21628V012021,Non-Archived,2020-2021,Aditya Birla Health Insurance Co. Ltd,Saral Suraksha Bima,31-03-2021,Health Individual,https://irdai.gov.in/documents/37343/931203/Saral+Suraksha+Bima.pdf/ac953482-3301-b0c4-6c32-c7c60493be2f?version=1.1&t=1668922557733&download=true,Saral Suraksha Bima.pdf,2026-08-20T14:23:13.912425+00:00
ADIHLAP21591V012021,Non-Archived,2020-2021,Aditya Birla Health Insurance Co. Ltd,Super No Claim Bonus Rider,18-02-2021,Group Health,https://irdai.gov.in/documents/37343/931203/Super+No+Claim+Bonus+Rider.pdf/fbf0edca-5381-e3ee-a9dd-6f269c1b21e3?version=1.1&t=1668922429498&download=true,Super No Claim Bonus Rider.pdf,2026-08-20T14:23:13.912425+00:00
ADIHLAP21588V012021,Non-Archived,2020-2021,Aditya Birla Health Insurance Co. Ltd,Super reload Rider,18-02-2021,Group Health Rider,https://irdai.gov.in/documents/37343/931203/Health+Super+Reload+Rider.pdf/b96e6166-728e-a54b-7c49-b39ad9836034?version=1.1&t=1668922027799&download=true,Health Super Reload Rider.pdf,2026-08-20T14:23:13.912425+00:00
ADIHLAP21590V012021,Non-Archived,2020-2021,Aditya Birla Health Insurance Co. Ltd,Tele OPD Consultation Rider,18-02-2021,Group health rider,https://irdai.gov.in/documents/37343/931203/Tele+OPD+Consultation+Rider.pdf/bd3b80dc-bcb8-d8bf-0fcf-2512e1491e6b?version=1.1&t=1668922308815&download=true,Tele OPD Consultation Rider.pdf,2026-08-20T14:23:13.912425+00:00
ADIHLIP21250V032021,Non-Archived,2020-2021,Aditya Birla Health Insurance Co. Ltd.,Activ Assure,15-09-2020,Revision,https://irdai.gov.in/documents/37343/931203/ADIHLIP21250V032021_2020-2021.pdf/6224f254-de8b-5828-7e9b-bee7d9495c40?version=1.1&t=1668581031785&download=true,ADIHLIP21250V032021_2020-2021.pdf,2026-08-20T14:23:13.912425+00:00
ADIHLIP21062V022021,Non-Archived,2020-2021,Aditya Birla Health Insurance Co. Ltd.,Activ Care,30-06-2020,Revision,https://irdai.gov.in/documents/37343/931203/ADIHLIP21062V022021_2020-2021.pdf/13145754-8a7a-1087-cc3e-2d179c9f72e8?version=1.1&t=1668579560455&download=true,ADIHLIP21062V022021_2020-2021.pdf,2026-08-20T14:23:13.912425+00:00
ADIHLIP21376V022021,Non-Archived,2020-2021,Aditya Birla Health Insurance Co. Ltd.,Activ Health,22-09-2020,Revision,https://irdai.gov.in/documents/37343/931203/ADIHLIP21376V022021_2020-2021.pdf/5d1abeb8-c3b9-a619-fa4a-dbb2fddfeec9?version=1.1&t=1668581160946&download=true,ADIHLIP21376V022021_2020-2021.pdf,2026-08-20T14:23:13.912425+00:00
ADIHLIP21136V012021,Non-Archived,2020-2021,Aditya Birla Health Insurance Co. Ltd.,"Corona Rakshak Policy , Aditya Birla Health Insurance Co. Limited",31-07-2020,Individual,https://irdai.gov.in/documents/37343/931203/ADIHLIP21136V012021_2020-2021.pdf/6428251c-e085-251a-f696-762e6fe9eaf5?version=1.1&t=1668580994378&download=true,ADIHLIP21136V012021_2020-2021.pdf,2026-08-20T14:23:13.912425+00:00
ADIHLIP21069V022021,Non-Archived,2020-2021,Aditya Birla Health Insurance Co. Ltd.,Global Health Secure,07-06-2020,Revision,https://irdai.gov.in/documents/37343/931203/ADIHLIP21069V022021_2020-2021.pdf/c495a7d9-cd74-dcce-dc85-2098289c360b?version=1.1&t=1668580955595&download=true,ADIHLIP21069V022021_2020-2021.pdf,2026-08-20T14:23:13.912425+00:00
ADIHLGP21134V022021,Non-Archived,2020-2021,Aditya Birla Health Insurance Co. Ltd.,Group Activ Helath,31-07-2020,Revision,https://irdai.gov.in/documents/37343/931203/ADIHLGP21134V022021_2020-2021.pdf/80ac2cc7-e5c1-9a61-030a-260b57c2b341?version=1.1&t=1668579258566&download=true,ADIHLGP21134V022021_2020-2021.pdf,2026-08-20T14:23:13.912425+00:00
ADITGBP21377V022021,Non-Archived,2020-2021,Aditya Birla Health Insurance Co. Ltd.,Group Activ Travel,22-09-2020,Revision,https://irdai.gov.in/documents/37343/931203/ADITGBP21377V022021_2020-2021.pdf/5bd031f7-ee49-9b64-3b2b-7bc6502a278f?version=1.1&t=1668581201654&download=true,ADITGBP21377V022021_2020-2021.pdf,2026-08-20T14:23:13.912425+00:00
ADIHLGP21229V012021,Non-Archived,2020-2021,Aditya Birla Health Insurance Co. Ltd.,"Group Arogya Sanjeevani Policy, Aditya Birla Health Insurance Co. Limited”",09-09-2020,Group,https://irdai.gov.in/documents/37343/931203/ADIHLGP21229V012021_2020-2021.pdf/bf358d71-b8dc-43ae-2f2c-1ccdd33e56c7?version=1.1&t=1668579447177&download=true,ADIHLGP21229V012021_2020-2021.pdf,2026-08-20T14:23:13.912425+00:00
ADIHLGP21055V012021,Non-Archived,2020-2021,Aditya Birla Health Insurance Co. Ltd.,Group Assure COVID-19,06-12-2020,Group,https://irdai.gov.in/documents/37343/931203/ADIHLGP21055V012021_2020-2021.pdf/682687cc-b444-c60f-19e5-e3b4fb8615ab?version=1.1&t=1668578652066&download=true,ADIHLGP21055V012021_2020-2021.pdf,2026-08-20T14:23:13.912425+00:00
ADIHLGP22023V032122,Non-Archived,2021-2022,Aditya Birla Health Insurance Co. Ltd.,Group Protect,27-05-2021,Group,https://irdai.gov.in/documents/37343/931203/ADIHLGP22023V032122_HEALTH2000.pdf/a6108e2f-356f-3d96-cf64-c0752a8f61d4?version=1.1&t=1668843316921&download=true,ADIHLGP22023V032122_HEALTH2000.pdf,2026-08-20T14:23:13.912425+00:00
ADIHLIP21061V022021,Non-Archived,2020-2021,Aditya Birla Health Insurance Co. Ltd.,Super Health Plus Top Up,30-06-2020,Revision,https://irdai.gov.in/documents/37343/931203/ADIHLIP21061V022021_2020-2021.pdf/57e9f6ec-48f1-ad4a-e98e-4b6e947de35b?version=1.1&t=1668579497273&download=true,ADIHLIP21061V022021_2020-2021.pdf,2026-08-20T14:23:13.912425+00:00
ADIHLIP19051V011920,Non-Archived,2019-2020,Aditya Birla Health Insurance Co.Ltd,Global Health Secure,22-08-2019,New,https://irdai.gov.in/documents/37343/931203/ADIHLIP19051V011920_2019-2020.pdf/4b7de163-ac07-6bbf-2325-566baa95d2a3?version=1.1&t=1668511074016&download=true,ADIHLIP19051V011920_2019-2020.pdf,2026-08-20T14:23:13.912425+00:00
ADIHLIP20079V011920,Non-Archived,2019-2020,Aditya Birla Health Insurance Co.Ltd,Super Health Plus Top up,20-11-2019,New,https://irdai.gov.in/documents/37343/931203/ADIHLIP20079V011920_2019-2020.pdf/fc894330-33ef-e89d-26e6-2d62b1fcb36c?version=1.1&t=1668511107777&download=true,ADIHLIP20079V011920_2019-2020.pdf,2026-08-20T14:23:13.912425+00:00
IRDAI/HLT/ABHI/P-H/V.I/32/16-17,Non-Archived,2016-2017,Aditya Birla Health Insurance Company Limited,Activ Health,31-10-2016,Retail,https://irdai.gov.in/documents/37343/931203/ABHI_ActivHealth_2016-2017.pdf/485491c6-5bef-c3fc-c258-088ffb2849c5?version=1.1&t=1668411878340&download=true,ABHI_ActivHealth_2016-2017.pdf,2026-08-20T14:23:13.912425+00:00
IRDAI/HLT/ABHI/P-H(G)/V.I/19/2016-17,Non-Archived,2016-2017,Aditya Birla Health Insurance Company Limited,Group Activ Health,30-09-2016,Group,https://irdai.gov.in/documents/37343/931203/ABHI_GroupActivHealth_2016-2017.pdf/71c8aec7-4623-33be-20ed-25749ede61c2?version=1.1&t=1668411840253&download=true,ABHI_GroupActivHealth_2016-2017.pdf,2026-08-20T14:23:13.912425+00:00
IRDAI/HLT/ABHI/P-H(G)/V.I/18/2016-17,Non-Archived,2016-2017,Aditya Birla Health Insurance Company Limited,Group Activ Secure,30-09-2016,Group,https://irdai.gov.in/documents/37343/931203/ABHI_GroupActiveSecure_2016-2017.pdf/1fa7cd87-8b79-2f11-4b7d-62215a508677?version=1.1&t=1668411798958&download=true,ABHI_GroupActiveSecure_2016-2017.pdf,2026-08-20T14:23:13.912425+00:00
ADIHLIP20001V011920,Non-Archived,2019-2020,Aditya Birla Helath Insurance Co,Active Care,04-03-2019,New,https://irdai.gov.in/documents/37343/931203/ADIHLIP20001V011920_2019-2020.pdf/0acad0fc-026d-54e3-5e22-8d6d0be00f3a?version=1.1&t=1668511334784&download=true,ADIHLIP20001V011920_2019-2020.pdf,2026-08-20T14:23:13.912425+00:00
APOHLIP19005V021920,Non-Archived,2019-2020,Apollo Munich Health Insurance Co,Health On Revision,04-10-2019,Revision,https://irdai.gov.in/documents/37343/931203/APOHLIP19005V021920_2019-2020.pdf/fc891159-084d-751d-988f-e9f8b8042dd5?version=1.1&t=1668511378647&download=true,APOHLIP19005V021920_2019-2020.pdf,2026-08-20T14:23:13.912425+00:00
APOHLIP19013V011920,Non-Archived,2019-2020,Apollo Munich Health Insurance Co,Hospital Daily Cash Rider,30-04-2019,New,https://irdai.gov.in/documents/37343/931203/APOHLIP19013V011920_2019-2020.pdf/2dce75bf-f5c8-2126-17ee-0fe399e55f37?version=1.1&t=1668511513462&download=true,APOHLIP19013V011920_2019-2020.pdf,2026-08-20T14:23:13.912425+00:00
APOPAIP19004V011920,Non-Archived,2019-2020,Apollo Munich Health Insurance Co,Individual Personal Accident Rider,04-10-2019,New,https://irdai.gov.in/documents/37343/931203/APOPAIP19004V011920_2019-2020.pdf/017cadf0-db68-baa1-9210-b4a87e189883?version=1.1&t=1668511428173&download=true,APOPAIP19004V011920_2019-2020.pdf,2026-08-20T14:23:13.912425+00:00
APOHLIP19006V011920,Non-Archived,2019-2020,Apollo Munich Health Insurance Co,Protectore Rider,04-10-2019,New,https://irdai.gov.in/documents/37343/931203/APOHLIP19006V011920_2019-2020.pdf/c3d4efeb-7abc-705f-bcd4-fd4e18ea65b8?version=1.1&t=1668511465102&download=true,APOHLIP19006V011920_2019-2020.pdf,2026-08-20T14:23:13.912425+00:00
APOHLGP19084V011819,Non-Archived,2018-2019,Apollo Munich Health Insurance Co Ltd,Group Assurance Health Plan,31-10-2018,Group,https://irdai.gov.in/documents/37343/931203/APOHLGP19084V011819_2018-2019.pdf/dffaa75e-fa19-a6df-3f11-34fa56e96bfb?version=1.1&t=1668495587051&download=true,APOHLGP19084V011819_2018-2019.pdf,2026-08-20T14:23:13.912425+00:00
APOHLGP19064V011819,Non-Archived,2018-2019,Apollo Munich Health Insurance Co Ltd,Group Outpatient Insurance,10-04-2018,Group,https://irdai.gov.in/documents/37343/931203/APOHLGP19064V011819_2018-2019.pdf/5b271392-63a3-6fd5-5226-ce0813a5fac4?version=1.1&t=1668495690870&download=true,APOHLGP19064V011819_2018-2019.pdf,2026-08-20T14:23:13.912425+00:00
APOPAIP18053V031819,Non-Archived,2018-2019,Apollo Munich Health Insurance Co Ltd,Individual Personal Accident,10-09-2018,Revision,https://irdai.gov.in/documents/37343/931203/APOPAIP18053V031819_2018-2019.pdf/36fa2d56-0d65-3ff1-8b82-8bc4548040f5?version=1.1&t=1668495737808&download=true,APOPAIP18053V031819_2018-2019.pdf,2026-08-20T14:23:13.912425+00:00
IRDA/NL-HLT/AMHI/P-H/V.II/1/14-15,Non-Archived,2014-2015,Apollo Munich Health Insurance Co. Ltd.,Optima Restore,07-07-2014,,https://irdai.gov.in/documents/37343/931203/Optima+Restore_2014-2015.pdf/6678d0df-a9e6-6dc5-6ca3-ed9e8265e2f4?version=1.1&t=1668243955048&download=true,Optima Restore_2014-2015.pdf,2026-08-20T14:23:13.912425+00:00
APOPAGP18032V011718,Non-Archived,2017-2018,Apollo Munich Health Insurance Co. ltd,"Apne ,Sapne Surakshit",31-08-2017,,https://irdai.gov.in/documents/37343/931203/APO_ApneSapneSurakshit_2017-2018.pdf/fbdd93ba-443c-2ef7-f864-2b6c2b11ca9f?version=1.1&t=1668421678613&download=true,APO_ApneSapneSurakshit_2017-2018.pdf,2026-08-20T14:23:13.912425+00:00
APOPAGP18085V011718,Non-Archived,2017-2018,Apollo Munich Health Insurance Co. ltd,Group Emergency Accident Insurance Plan,29-11-2017,,https://irdai.gov.in/documents/37343/931203/APO_GroupEmergencyAccidentInsurancePlan_2017-2018.pdf/7a347710-7944-b77f-1016-8a3e0112197d?version=1.1&t=1668421750651&download=true,APO_GroupEmergencyAccidentInsurancePlan_2017-2018.pdf,2026-08-20T14:23:13.912425+00:00
APOTGDP18043V011718,Non-Archived,2017-2018,Apollo Munich Health Insurance Co. ltd,Njoy,29-09-2017,,https://irdai.gov.in/documents/37343/931203/APO_Njoy_2017-2018.pdf/37f265ea-bffe-a5d2-0089-2b6b25bbea51?version=1.1&t=1668421718368&download=true,APO_Njoy_2017-2018.pdf,2026-08-20T14:23:13.912425+00:00
APOHLGP18007V011718,Non-Archived,2017-2018,Apollo Munich Health Insurance Co. ltd,Optima Enhance,03-07-2017,,https://irdai.gov.in/documents/37343/931203/APO_OptimaEnhance_2017-2018.pdf/7da783a1-61d4-888b-d869-e7acd35d0c45?version=1.1&t=1668421640333&download=true,APO_OptimaEnhance_2017-2018.pdf,2026-08-20T14:23:13.912425+00:00
IRDA/NL-HLT/AMHI/P-H/V.I/15/13-14,Non-Archived,2013-2014,Apollo Munich Health Insurance Company Limited,Apollo Munich Health Plan,12-02-2014,,https://irdai.gov.in/documents/37343/931203/Apollo+Munich+Health+Plan_2013-2014.pdf/591a75fa-b7aa-1d37-75d6-2a3de10c6f5f?version=1.1&t=1668150050176&download=true,Apollo Munich Health Plan_2013-2014.pdf,2026-08-20T14:23:13.912425+00:00
IRDA/NL-HLT/AMHI/P-T/V.I/108/13-14,Non-Archived,2013-2014,Apollo Munich Health Insurance Company Limited,Easy Domestic Travel Insurance,08-07-2013,,https://irdai.gov.in/documents/37343/931203/Easy+Domestic+Travel+Insurance_2013-2014.pdf/479ba965-da4b-4ec4-e6af-6930afc2a457?version=1.1&t=1668145614907&download=true,Easy Domestic Travel Insurance_2013-2014.pdf,2026-08-20T14:23:13.912425+00:00
IRDA/HLT/AMHI/V.III/1R/2016-17,Non-Archived,2016-2017,Apollo Munich Health Insurance Company Limited,Easy Health,16-09-2016,Retail,https://irdai.gov.in/documents/37343/931203/AMHI_EasyHealth_2016-2017.pdf/fd43f60b-d367-8ba7-c396-ea197732e9f2?version=1.1&t=1668412302845&download=true,AMHI_EasyHealth_2016-2017.pdf,2026-08-20T14:23:13.912425+00:00
IRDA/NL-HLT/AMHI/P-H/V.I/107/13-14,Non-Archived,2013-2014,Apollo Munich Health Insurance Company Limited,Easy Health Group Insurance,08-07-2013,,https://irdai.gov.in/documents/37343/931203/Easy+Health+Group+Insurance_2013-2014.pdf/e250ea40-e34f-0bee-b94a-050752923967?version=1.1&t=1668145971021&download=true,Easy Health Group Insurance_2013-2014.pdf,2026-08-20T14:23:13.912425+00:00
IRDA/NL-HLT/AMHI/P-H/V.I/1/13-14,Non-Archived,2013-2014,Apollo Munich Health Insurance Company Limited,Easy Health- Exclusive,03-04-2013,,https://irdai.gov.in/documents/37343/931203/Easy+Health-Exclusive_2013-2014.pdf/2672a86a-d805-f4c0-ff84-7f4b3901c273?version=1.1&t=1668146161817&download=true,Easy Health-Exclusive_2013-2014.pdf,2026-08-20T14:23:13.912425+00:00
IRDA/NL-HLT/AMHI/P-T/V.I/415/13-14,Non-Archived,2013-2014,Apollo Munich Health Insurance Company Limited,Easy Travel Global Health Insurance (Group),28-10-2013,,https://irdai.gov.in/documents/37343/931203/Easy+Travel++Global+Healt+Insurance%28Group%29_2013-2014.pdf/096a0d11-d029-3153-53a7-fb63c89a7db8?version=1.1&t=1668145894164&download=true,Easy Travel Global Healt Insurance(Group)_2013-2014.pdf,2026-08-20T14:23:13.912425+00:00
IRDA/NL-HLT/AMHI/P-T/V.I/395/13-14,Non-Archived,2013-2014,Apollo Munich Health Insurance Company Limited,Easy Travel Global Health Insurance (Individual),24-10-2013,,https://irdai.gov.in/documents/37343/931203/East+Travel+Global+Health+Insurance+%28Individual%29_2013-2014.pdf/1be4deac-fd76-a49d-b578-1e3dbc5fb4ed?version=1.1&t=1668145838891&download=true,East Travel Global Health Insurance (Individual)_2013-2014.pdf,2026-08-20T14:23:13.912425+00:00
IRDA/NL-HLT/AMHI/P-T/V.I/110/13-14,Non-Archived,2013-2014,Apollo Munich Health Insurance Company Limited,Easy Travel Group Travel Health,08-07-2013,,https://irdai.gov.in/documents/37343/931203/Easy+Travel+Group+Travel+Health_2013-2014.pdf/ef675e31-016c-79f8-6d82-0b4ba55610f4?version=1.1&t=1668146113116&download=true,Easy Travel Group Travel Health_2013-2014.pdf,2026-08-20T14:23:13.912425+00:00
IRDA/NL-HLT/AMHI/P-T/V.I/6/13-14,Non-Archived,2013-2014,Apollo Munich Health Insurance Company Limited,Easy Travel-Senior Citizen,03-04-2013,,https://irdai.gov.in/documents/37343/931203/Easy+Travel-+Senior+Citizen_2013-2014.pdf/99855635-c8a8-25c7-0b62-d360b9683fc1?version=1.1&t=1668146460511&download=true,Easy Travel- Senior Citizen_2013-2014.pdf,2026-08-20T14:23:13.912425+00:00
IRDA/NL-HLT/AMHI/P-H/V.I/10/13-14,Non-Archived,2013-2014,Apollo Munich Health Insurance Company Limited,Energy,27-08-2013,,https://irdai.gov.in/documents/37343/931203/Energy_2013-2014.pdf/12769129-464c-fec3-e57b-421f97668c85?version=1.1&t=1668145509090&download=true,Energy_2013-2014.pdf,2026-08-20T14:23:13.912425+00:00
IRDAI/HLT/AMHI/P-H(G)/V.I/62/2016-17,Non-Archived,2016-2017,Apollo Munich Health Insurance Company Limited,Group Assurance Health Plan,21-02-2017,Group,https://irdai.gov.in/documents/37343/931203/AMHI_GroupAssuranceHealthPlan_2016-2017.pdf/98cf9421-4186-f955-aaa5-3395ed6544da?version=1.1&t=1668412005470&download=true,AMHI_GroupAssuranceHealthPlan_2016-2017.pdf,2026-08-20T14:23:13.912425+00:00
IRDAI/HLT/AMHI/P-H(G)/V.I/54/2016-17,Non-Archived,2016-2017,Apollo Munich Health Insurance Company Limited,Group Easy Cash,23-01-2017,Group,https://irdai.gov.in/documents/37343/931203/AMHI_GroupEasyCash_2016-2017.pdf/e9977add-a803-f3f2-454d-987ecee5582b?version=1.1&t=1668411924863&download=true,AMHI_GroupEasyCash_2016-2017.pdf,2026-08-20T14:23:13.912425+00:00
IRDA/NL-HLT/AMHI/P-P/V.I/109/13-14,Non-Archived,2013-2014,Apollo Munich Health Insurance Company Limited,Group Personal Accident Insurance,08-07-2013,,https://irdai.gov.in/documents/37343/931203/Group+Personal+Accident+insurance_2013-2014.pdf/a01dbbce-afa9-70bf-89aa-f9d1125c4cf8?version=1.1&t=1668146026038&download=true,Group Personal Accident insurance_2013-2014.pdf,2026-08-20T14:23:13.912425+00:00
IRDAI/HLT/AMHI/P-H/V.I/09/16-17,Non-Archived,2016-2017,Apollo Munich Health Insurance Company Limited,Health On,29-06-2016,Retail,https://irdai.gov.in/documents/37343/931203/AMHI_HealthOn_2016-2017.pdf/385c0e82-bcba-6747-12f3-b485f417d96c?version=1.1&t=1668412201306&download=true,AMHI_HealthOn_2016-2017.pdf,2026-08-20T14:23:13.912425+00:00
IRDAI/HLT/AMHI/P-H/V.I/57/2016-17,Non-Archived,2016-2017,Apollo Munich Health Insurance Company Limited,Health Wallet,30-01-2017,Retail,https://irdai.gov.in/documents/37343/931203/AMHI_HealthWallet_2016-2017.pdf/7cbb73a0-22b1-2239-ee3a-34b618ff31b8?version=1.1&t=1668411961537&download=true,AMHI_HealthWallet_2016-2017.pdf,2026-08-20T14:23:13.912425+00:00
IRDA/NL-HLT/AMHI/P-P/V.I/20/13-14,Non-Archived,2013-2014,Apollo Munich Health Insurance Company Limited,Individual Personal Accident-Premium Plan,20-05-2013,,https://irdai.gov.in/documents/37343/931203/Individual+Personal+Accident+-Premium+Plan_2013-2014.pdf/87fe100d-aa23-383b-a430-7d20f48e9a44?version=1.1&t=1668150107627&download=true,Individual Personal Accident -Premium Plan_2013-2014.pdf,2026-08-20T14:23:13.912425+00:00
IRDA/NL-HLT/AMHI/P-H/V.I/5/13-14,Non-Archived,2013-2014,Apollo Munich Health Insurance Company Limited,Maxima,03-04-2013,,https://irdai.gov.in/documents/37343/931203/Maxima_2013-2014.pdf/d8b11592-7e2a-b8ec-7472-d6079b134c34?version=1.1&t=1668145412748&download=true,Maxima_2013-2014.pdf,2026-08-20T14:23:13.912425+00:00
IRDA/NL-HLT/AMHI/P-H/V.I/227/13-14,Non-Archived,2013-2014,Apollo Munich Health Insurance Company Limited,Optima Cash -Gold Plan,13-09-2013,,https://irdai.gov.in/documents/37343/931203/OptimaCash-Gold_2013-2014.pdf/c017cf69-2a2b-3f98-fe61-b0329c818be4?version=1.1&t=1668145677127&download=true,OptimaCash-Gold_2013-2014.pdf,2026-08-20T14:23:13.912425+00:00
IRDA/NL-HLT/AMHI/P-H/V.I/3/13-14,Non-Archived,2013-2014,Apollo Munich Health Insurance Company Limited,Optima Plus,03-04-2013,,https://irdai.gov.in/documents/37343/931203/Optima+Plus_2013-2014.pdf/5ad8f626-e834-e81e-9fc1-babbb2937fbd?version=1.1&t=1668146368987&download=true,Optima Plus_2013-2014.pdf,2026-08-20T14:23:13.912425+00:00
IRDA/HLT/AMHI/V.III/1/2016-17,Non-Archived,2016-2017,Apollo Munich Health Insurance Company Limited,Optima Restore,16-09-2016,Retail,https://irdai.gov.in/documents/37343/931203/AMHI_OptimaRestore_2016-2017.pdf/f87528db-9777-e641-1727-da73eb63d848?version=1.1&t=1668412246454&download=true,AMHI_OptimaRestore_2016-2017.pdf,2026-08-20T14:23:13.912425+00:00
IRDA/NL-HLT/AMHI/P-H/V.I/2/13-14,Non-Archived,2013-2014,Apollo Munich Health Insurance Company Limited,Optima Restore,03-04-2013,,https://irdai.gov.in/documents/37343/931203/Optima+Restore_2013-2014.pdf/1cd4ae2a-eec2-51b6-5d87-dd90762737f9?version=1.1&t=1668146317292&download=true,Optima Restore_2013-2014.pdf,2026-08-20T14:23:13.912425+00:00
IRDA/NL-HLT/AMHI/P-H/V.I/4/13-14,Non-Archived,2013-2014,Apollo Munich Health Insurance Company Limited,Optima Senior,03-04-2013,,https://irdai.gov.in/documents/37343/931203/optima+Senior_2013-2014.pdf/5716dc4c-5ed7-43a8-278a-d1d1789f2c4e?version=1.2&t=1668145254114&download=true,optima Senior_2013-2014.pdf,2026-08-20T14:23:13.912425+00:00
IRDA/NL-HLT/AMHI/P-H/V.I/9/13-14,Non-Archived,2013-2014,Apollo Munich Health Insurance Company Limited,Optima Super,18-03-2014,,https://irdai.gov.in/documents/37343/931203/Optima+Super_2013-2014.pdf/c98f39e4-ee8b-fafe-631f-89396fe5d462?version=1.1&t=1668145499770&download=true,Optima Super_2013-2014.pdf,2026-08-20T14:23:13.912425+00:00
IRDA/NL-HLT/AMHI/P-H(C)/V.I/8/13-14,Non-Archived,2013-2014,Apollo Munich Health Insurance Company Limited,Optima Vital,18-03-2014,,https://irdai.gov.in/documents/37343/931203/optima+vital_2013-2014.pdf/6831bb65-bc63-a2f9-6c52-f9087369377d?version=1.1&t=1668145405016&download=true,optima vital_2013-2014.pdf,2026-08-20T14:23:13.912425+00:00
IRDA/NL-HLT/AMHI/P-H/V.I/59/14-15,Non-Archived,2015-2016,Apollo Munich Health Insurance Company Ltd,Critical Advantage Rider,19-06-2015,,https://irdai.gov.in/documents/37343/931203/Apollo_Critical+Advantage+Rider_2015-2016.pdf/9cce66bb-ac11-06ab-d31b-819107d30b0b?version=1.1&t=1668407669657&download=true,Apollo_Critical Advantage Rider_2015-2016.pdf,2026-08-20T14:23:13.912425+00:00
IRDAI/HLT/AMHI/P-H/V.I/01/15-16,Non-Archived,2015-2016,Apollo Munich Health Insurance Company Ltd,Day2Day Care,12-08-2015,,https://irdai.gov.in/documents/37343/931203/Apollo_EverydayCare_2015-2016.pdf/958e96e8-eb18-6496-dd2d-8b239da357bb?version=1.1&t=1668407718014&download=true,Apollo_EverydayCare_2015-2016.pdf,2026-08-20T14:23:13.912425+00:00
IRDA/NL-HLT/AMHI/P-H/V.I/74/14-15,Non-Archived,2015-2016,Apollo Munich Health Insurance Company Ltd,Dengue Care,23-05-2015,,https://irdai.gov.in/documents/37343/931203/Apollo_Dengue+Care_2015-2016.pdf/2ddc49d9-5b2d-3256-a411-d4af776cc3d0?version=1.1&t=1668407591268&download=true,Apollo_Dengue Care_2015-2016.pdf,2026-08-20T14:23:13.912425+00:00
IRDA/NL-HLT/AMHI/P-H/V.I/72/14-15,Non-Archived,2015-2016,Apollo Munich Health Insurance Company Ltd,Edu Care,19-06-2015,,https://irdai.gov.in/documents/37343/931203/Apollo_EduCare_2015-2016.pdf/67d8e4ad-ac2a-7e44-03df-daf530e32ca5?version=1.1&t=1668407634802&download=true,Apollo_EduCare_2015-2016.pdf,2026-08-20T14:23:13.912425+00:00
IRDAI/HLT/AMHI/P-H/V.II/10/15-16,Non-Archived,2015-2016,Apollo Munich Health Insurance Company Ltd,Energy,16-12-2015,,https://irdai.gov.in/documents/37343/931203/Apollo_Energy_2015-2016.pdf/5acce461-c1df-4a08-0095-c1c6c21b8086?version=1.1&t=1668407752994&download=true,Apollo_Energy_2015-2016.pdf,2026-08-20T14:23:13.912425+00:00
IRDAI/HLT/AMHI/P-P/V.II/20/2015-16,Non-Archived,2015-2016,Apollo Munich Health Insurance Company Ltd,Individual Personal Accident,11-01-2016,,https://irdai.gov.in/documents/37343/931203/Apollo_Individual+Personal+Accident++-Premium_2015-2016.pdf/24355d4b-3328-a916-1fb3-81e670f3033f?version=1.1&t=1668407797858&download=true,Apollo_Individual Personal Accident -Premium_2015-2016.pdf,2026-08-20T14:23:13.912425+00:00
APOHLIP18126V031718,Non-Archived,2017-2018,Apollo Munich Health Insurance co ltd,ENERGY,28-03-2018,,https://irdai.gov.in/documents/37343/931203/APO_Energy_2017-2018.pdf/bad5c140-c249-4d8a-39cb-f499af158d0c?version=1.1&t=1668421426562&download=true,APO_Energy_2017-2018.pdf,2026-08-20T14:23:13.912425+00:00
APOHLlP18125VO41718,Non-Archived,2017-2018,Apollo Munich Health Insurance co ltd,Optima Resotre,28-03-2018,,https://irdai.gov.in/documents/37343/931203/APO_Optima-Restore_2017-2018.pdf/628c7da0-60cd-ee58-5408-c1fa81f5e089?version=1.1&t=1668421590285&download=true,APO_Optima-Restore_2017-2018.pdf,2026-08-20T14:23:13.912425+00:00
APOHLIP18128V011718,Non-Archived,2017-2018,Apollo Munich Health Insurance co ltd,iCan(Enhance Variant),28-03-2018,,https://irdai.gov.in/documents/37343/931203/APO_iCan-enhance_2017-2018.pdf/e31fd882-1cef-1561-85a0-dc86ccfa6773?version=1.1&t=1668421485896&download=true,APO_iCan-enhance_2017-2018.pdf,2026-08-20T14:23:13.912425+00:00
IRDAI/HLT/BAGI/P-T/V.I/37/16-17,Non-Archived,2016-2017,Bajaj Allianz Gen Insurance Company Limited,Bajaj Allianz Bharath Bhraman Insurance Policy,28-11-2016,Retail,https://irdai.gov.in/documents/37343/931203/BajajAllianz_BharatBhramanInsurancePolicy_2016-2017.pdf/d8d2c7fa-eade-a7cc-f4df-b054edf94db5?version=1.1&t=1668416104588&download=true,BajajAllianz_BharatBhramanInsurancePolicy_2016-2017.pdf,2026-08-20T14:23:13.912425+00:00
IRDAI/HLT/BAGI/P-H/V.I/50/2016-17,Non-Archived,2016-2017,Bajaj Allianz Gen Insurance Company Limited,Extra Care Plus,11-01-2017,Retail,https://irdai.gov.in/documents/37343/931203/BajajAllianz_ExtraCarePlus_2016-2017.pdf/ff0a99bf-076a-1915-1943-783ea397cc68?version=1.1&t=1668412662302&download=true,BajajAllianz_ExtraCarePlus_2016-2017.pdf,2026-08-20T14:23:13.912425+00:00
IRDAI/HLT/BAGI/P-H/V.I/65/2016-17,Non-Archived,2016-2017,Bajaj Allianz Gen Insurance Company Limited,Family Health Care,07-03-2017,Retail,https://irdai.gov.in/documents/37343/931203/BajajAllianz_FamilyHealthCare%28Gold%29_2016-2017.pdf/a769273f-9b30-5e7b-bccb-682b54202662?version=1.1&t=1668412360660&download=true,BajajAllianz_FamilyHealthCare(Gold)_2016-2017.pdf,2026-08-20T14:23:13.912425+00:00
IRDAI/HLT/BAGI/P-P/V.I/04/2016-17,Non-Archived,2016-2017,Bajaj Allianz Gen Insurance Company Limited,Global Personal Guard policy (Group),12-05-2016,Group,https://irdai.gov.in/documents/37343/931203/BajajAllianz_GlobalPersonalGuardPolicy%28Group%29_2016-2017.pdf/b0799ccd-f34e-badd-1e99-d64f215e0264?version=1.1&t=1668416016802&download=true,BajajAllianz_GlobalPersonalGuardPolicy(Group)_2016-2017.pdf,2026-08-20T14:23:13.912425+00:00
IRDAI/HLT/BAGI/P-T(G)/V.I/41/2016-17,Non-Archived,2016-2017,Bajaj Allianz Gen Insurance Company Limited,Group Business Travellers Insurance Policy,28-12-2016,Group,https://irdai.gov.in/documents/37343/931203/BajajAllianz_GroupBusinessTravelersInsurancePolicy_2016-2017.pdf/06873b18-80e8-e73e-9187-7e3933027114?version=1.1&t=1668412625807&download=true,BajajAllianz_GroupBusinessTravelersInsurancePolicy_2016-2017.pdf,2026-08-20T14:23:13.912425+00:00
IRDAI/HLT/BAGI/P-H/V.II/113/16-17,Non-Archived,2016-2017,Bajaj Allianz Gen Insurance Company Limited,Health Guard,28-12-2016,Retail,https://irdai.gov.in/documents/37343/931203/BajajAllianz_HealthGuard%28GoldPlan%29_2016-2017.pdf/adeb4416-6eb8-b46b-4281-9e827d9c98f1?version=1.1&t=1668412509836&download=true,BajajAllianz_HealthGuard(GoldPlan)_2016-2017.pdf,2026-08-20T14:23:13.912425+00:00
IRDAI/HLT/BAGI/P-H/V.I/40/16-17,Non-Archived,2016-2017,Bajaj Allianz Gen Insurance Company Limited,Suraksha Chakra,19-12-2016,Retail,https://irdai.gov.in/documents/37343/931203/BajajAllianz_SurakshaChakra_2016-2017.pdf/1d5f53e6-6367-f1c5-6386-afc8890df45e?version=1.1&t=1668412471490&download=true,BajajAllianz_SurakshaChakra_2016-2017.pdf,2026-08-20T14:23:13.912425+00:00
BAJTGOP22172V012122,Non-Archived,2021-2022,Bajaj Allianz General Insuarnce Co Ltd,Travel Corona Protect- International (Group),21-10-2021,Group,https://irdai.gov.in/documents/37343/931203/Travel++Corona+Protect+International+%28Group%29.pdf/45cbdc02-1300-547d-560c-95b3bf96135f?version=1.1&t=1668755397064&download=true,Travel Corona Protect International (Group).pdf,2026-08-20T14:23:13.912425+00:00
BAJHLIP20055V011920,Non-Archived,2019-2020,Bajaj Allianz General Insuarnce Co. Ltd,Health Infinity,09-09-2019,New,https://irdai.gov.in/documents/37343/931203/BAJHLIP20055V011920_2019-2020.pdf/0f2c26e3-1ff7-555c-f089-14db3afd90a6?version=1.1&t=1668511563014&download=true,BAJHLIP20055V011920_2019-2020.pdf,2026-08-20T14:23:13.912425+00:00
BAJHLGA22166V012122,Non-Archived,2021-2022,Bajaj Allianz General Insuarnce Co. Ltd,Health Prime (Group),01-10-2021,Group Health,https://irdai.gov.in/documents/37343/931203/Health+Prime++%28Group%29.pdf/d88bd8e6-ec85-12dd-9dd9-f6acf0498099?version=1.1&t=1668750077917&download=true,Health Prime (Group).pdf,2026-08-20T14:23:13.912425+00:00
BAJHLIP22192V032122,Non-Archived,2021-2022,Bajaj Allianz General Insuarnce Co. Ltd,Silver Health,01-04-2021,Health,https://irdai.gov.in/documents/37343/931203/Silver+Health.pdf/8a2f35ac-0a8e-6e8e-d284-a44ea3c60caa?version=1.1&t=1668753337593&download=true,Silver Health.pdf,2026-08-20T14:23:13.912425+00:00
BAJTIOP20086V011920,Non-Archived,2019-2020,Bajaj Allianz General Insuarnce Co. Ltd,Travel Ace (International ),12-06-2019,New,https://irdai.gov.in/documents/37343/931203/BAJTIOP20086V011920_2019-2020.pdf/292bc338-7a38-8b1b-f800-f90a9b59c6c1?version=1.1&t=1668511599585&download=true,BAJTIOP20086V011920_2019-2020.pdf,2026-08-20T14:23:13.912425+00:00
BAJPCSP19055V011819,Non-Archived,2018-2019,Bajaj Allianz General Insurance Co,CSC- Bajaj Allianz Janata Personal Accident Policy- Individual,11-09-2018,CSC,https://irdai.gov.in/documents/37343/931203/BAJPCSP19055V011819_2018-2019.pdf/e110bae9-c57c-ca51-fdb2-90ffb1659783?version=1.1&t=1668495812296&download=true,BAJPCSP19055V011819_2018-2019.pdf,2026-08-20T14:23:13.912425+00:00
BAJHLIP19079V011819,Non-Archived,2018-2019,Bajaj Allianz General Insurance Co,M care,25-10-2018,Retail,https://irdai.gov.in/documents/37343/931203/BAJHLIP19079V011819_2018-2019.pdf/2ce77859-bc43-e035-33b1-19753fb1e60c?version=1.1&t=1668495864810&download=true,BAJHLIP19079V011819_2018-2019.pdf,2026-08-20T14:23:13.912425+00:00
BAJHLGP18031V011819,Non-Archived,2018-2019,Bajaj Allianz General Insurance Co,M care (Group),05-07-2018,Group,https://irdai.gov.in/documents/37343/931203/BAJHLGP18031V011819_2018-2019.pdf/864e15a8-a038-8c17-33d8-da022539946b?version=1.1&t=1668495919295&download=true,BAJHLGP18031V011819_2018-2019.pdf,2026-08-20T14:23:13.912425+00:00
BAJHLIA19077V011819,Non-Archived,2018-2019,Bajaj Allianz General Insurance Co,Trip Delay Delight,25-10-2018,Add on,https://irdai.gov.in/documents/37343/931203/BAJHLIA19077V011819_2018-2019.pdf/8d42cb07-81af-ed24-68e1-f48fd70d223f?version=1.1&t=1668495964321&download=true,BAJHLIA19077V011819_2018-2019.pdf,2026-08-20T14:23:13.912425+00:00
BAJTIDP22129V022122,Non-Archived,2021-2022,Bajaj Allianz General Insurance Co Ltd,Bajaj Allianz Bharat Bhraman Insurance Policy,23-07-2021,Revision,https://irdai.gov.in/documents/37343/931203/BAJTIDP22129V022122_HEALTH2077.pdf/3664f5c2-ccd6-9895-c871-8d05a6d915ee?version=1.1&t=1668769328952&download=true,BAJTIDP22129V022122_HEALTH2077.pdf,2026-08-20T14:23:13.912425+00:00
BAJTIDP22128V022122,Non-Archived,2021-2022,Bajaj Allianz General Insurance Co Ltd,E Travel Value policy,23-07-2021,Revision,https://irdai.gov.in/documents/37343/931203/BAJTIDP22128V022122_HEALTH2076.pdf/59d70300-0c08-142e-9fff-655b69fd7590?version=1.1&t=1668769769454&download=true,BAJTIDP22128V022122_HEALTH2076.pdf,2026-08-20T14:23:13.912425+00:00
BAJHLIP20147V021920,Non-Archived,2019-2020,Bajaj Allianz General Insurance Co Ltd,Extra Care Plus,18-03-2020,Individual,https://irdai.gov.in/documents/37343/931203/BAJHLIP20147V021920_2019-2020.pdf/2b9eea69-e915-1b85-f909-5ede3d73685d?version=1.1&t=1668511646099&download=true,BAJHLIP20147V021920_2019-2020.pdf,2026-08-20T14:23:13.912425+00:00
BAJTGOP22126V022122,Non-Archived,2021-2022,Bajaj Allianz General Insurance Co Ltd,Group Business Travelers Insurance Policy,23-07-2021,Revision,https://irdai.gov.in/documents/37343/931203/BAJTGOP22126V022122_HEALTH2075.pdf/53905161-7138-b43a-9102-3aca7a91d222?version=1.1&t=1668769731330&download=true,BAJTGOP22126V022122_HEALTH2075.pdf,2026-08-20T14:23:13.912425+00:00
BAJHLGP22130V022122,Non-Archived,2021-2022,Bajaj Allianz General Insurance Co Ltd,Group Hospital Cash Policy,23-07-2021,Revision,https://irdai.gov.in/documents/37343/931203/BAJHLGP22130V022122_HEALTH2070.pdf/2d7026d4-e5bd-1230-4372-db42b332fd80?version=1.1&t=1668769500162&download=true,BAJHLGP22130V022122_HEALTH2070.pdf,2026-08-20T14:23:13.912425+00:00
BAJHLIP21005V022021,Non-Archived,2020-2021,Bajaj Allianz General Insurance Co Ltd,Health Infinity,13-04-2020,Revision,https://irdai.gov.in/documents/37343/931203/BAJHLIP21005V022021_2020-2021.pdf/7d4d487e-f4c3-a954-d67c-9db8bc92250f?version=1.1&t=1668581243542&download=true,BAJHLIP21005V022021_2020-2021.pdf,2026-08-20T14:23:13.912425+00:00
BAJTGDP22127V022122,Non-Archived,2021-2022,Bajaj Allianz General Insurance Co Ltd,IRCTC Air Care Policy,23-07-2021,Revision,https://irdai.gov.in/documents/37343/931203/BAJTGDP22127V022122_HEALTH2072.pdf/61d5e258-684b-7cc4-1520-86031fb18e31?version=1.1&t=1668769572122&download=true,BAJTGDP22127V022122_HEALTH2072.pdf,2026-08-20T14:23:13.912425+00:00
BAJTIOP22122V022122,Non-Archived,2021-2022,Bajaj Allianz General Insurance Co Ltd,Pravasi Bharatiya Bima Yojana Policy,23-07-2021,Revision,https://irdai.gov.in/documents/37343/931203/BAJTIOP22122V022122_HEALTH2079.pdf/d2918b39-7593-b129-4d27-2e30c5d8a3cb?version=1.1&t=1668768966822&download=true,BAJTIOP22122V022122_HEALTH2079.pdf,2026-08-20T14:23:13.912425+00:00
BAJTIOP22121V022122,Non-Archived,2021-2022,Bajaj Allianz General Insurance Co Ltd,Travel Assist Card,23-07-2021,Revision,https://irdai.gov.in/documents/37343/931203/BAJTIOP22121V022122_HEALTH2078.pdf/791113e6-6d3c-e097-8d68-9a4e7a40ed0f?version=1.1&t=1668768929148&download=true,BAJTIOP22121V022122_HEALTH2078.pdf,2026-08-20T14:23:13.912425+00:00
BAJTIOP22124V022122,Non-Archived,2021-2022,Bajaj Allianz General Insurance Co Ltd,Travel Companion,23-07-2021,Revision,https://irdai.gov.in/documents/37343/931203/BAJTIOP22124V022122_HEALTH2080.pdf/ffa5e07c-4ec1-ffae-388a-76514b4c0e11?version=1.1&t=1668769002767&download=true,BAJTIOP22124V022122_HEALTH2080.pdf,2026-08-20T14:23:13.912425+00:00
BAJTGOP22123V022122,Non-Archived,2021-2022,Bajaj Allianz General Insurance Co Ltd,Travel Elect (Group),23-07-2021,Revision,https://irdai.gov.in/documents/37343/931203/BAJTGOP22123V022122_HEALTH2074.pdf/1aa7bfd3-c3f3-a613-3dac-47c52f688307?version=1.1&t=1668769688261&download=true,BAJTGOP22123V022122_HEALTH2074.pdf,2026-08-20T14:23:13.912425+00:00
BAJTGDP22120V022122,Non-Archived,2021-2022,Bajaj Allianz General Insurance Co Ltd,Travel Insurance for E- ticket Passengers-For(IRCTC),23-07-2021,Revision,https://irdai.gov.in/documents/37343/931203/BAJTGDP22120V022122_HEALTH2071.pdf/d6af7e65-7794-df97-1ced-33f8c110ade1?version=1.1&t=1668769535846&download=true,BAJTGDP22120V022122_HEALTH2071.pdf,2026-08-20T14:23:13.912425+00:00
BAJTGOP22119V022122,Non-Archived,2021-2022,Bajaj Allianz General Insurance Co Ltd,Travel Prime Holiday Insurance Policy (Group),23-07-2021,Revision,https://irdai.gov.in/documents/37343/931203/BAJTGOP22119V022122_HEALTH2073.pdf/bf1af062-7129-0874-21c6-36524d48818d?version=1.1&t=1669362206151&download=true,BAJTGOP22119V022122_HEALTH2073.pdf,2026-08-20T14:23:13.912425+00:00
BAJTIOP22125V022122,Non-Archived,2021-2022,Bajaj Allianz General Insurance Co Ltd,Travel Prime Policy,23-07-2021,Revision,https://irdai.gov.in/documents/37343/931203/BAJTIOP22125V022122_HEALTH2081.pdf/86f5ff5d-adac-8711-9605-daee42de70c8?version=1.1&t=1668769041676&download=true,BAJTIOP22125V022122_HEALTH2081.pdf,2026-08-20T14:23:13.912425+00:00
IRDAI/HLT/BAGI/P-H/V.II/112/2017-18,Non-Archived,2017-2018,Bajaj Allianz General Insurance Co ltd,Health Ensure,20-06-2017,,https://irdai.gov.in/documents/37343/931203/BajajAllianz_HealthEnsure_2017-2018.pdf/3a188cda-0b02-aee8-282c-82c4d462f278?version=1.1&t=1668421788450&download=true,BajajAllianz_HealthEnsure_2017-2018.pdf,2026-08-20T14:23:13.912425+00:00
BAJHLIP20164V011920,Non-Archived,2019-2020,Bajaj Allianz General Insurance Co. Ltd,"ArogyaSanjeevani Policy, Bajaj Allianz General Insurance Co Ltd",27-03-2020,New,https://irdai.gov.in/documents/37343/931203/BAJHLIP20164V011920_2019-2020.pdf/f1edb180-43d1-a1c1-12f6-3a3821bb6386?version=1.1&t=1668511689301&download=true,BAJHLIP20164V011920_2019-2020.pdf,2026-08-20T14:23:13.912425+00:00
BAJHLIP21100V012021,Non-Archived,2020-2021,Bajaj Allianz General Insurance Co. Ltd,"Corona Kavach Policy, Bajaj Allianz General Insurance Co Ltd",07-10-2020,New,https://irdai.gov.in/documents/37343/931203/BAJHLIP21100V012021_2020-2021.pdf/efd4507d-a173-28ca-ecf5-a427224cd7bf?version=1.1&t=1668154903452&download=true,BAJHLIP21100V012021_2020-2021.pdf,2026-08-20T14:23:13.912425+00:00
BAJHLIP21117V022021,Non-Archived,2020-2021,Bajaj Allianz General Insurance Co. Ltd,Critical Illness,23-07-2020,Revision,https://irdai.gov.in/documents/37343/931203/BAJHLIP21117V022021_2020-2021.pdf/9d58ed7d-d3ae-5d2e-ea30-1a22eb38df26?version=1.1&t=1668581371653&download=true,BAJHLIP21117V022021_2020-2021.pdf,2026-08-20T14:23:13.912425+00:00
BAJHLIP21146V022021,Non-Archived,2020-2021,Bajaj Allianz General Insurance Co. Ltd,Extra Care,08-12-2020,Revision,https://irdai.gov.in/documents/37343/931203/BAJHLIP21146V022021_2020-2021.pdf/d2b214ec-6122-2518-0906-f3285f1506bb?version=1.1&t=1668581706141&download=true,BAJHLIP21146V022021_2020-2021.pdf,2026-08-20T14:23:13.912425+00:00
BAJHLIP21182V022021,Non-Archived,2020-2021,Bajaj Allianz General Insurance Co. Ltd,Family Health Care,31-08-2020,Revision,https://irdai.gov.in/documents/37343/931203/BAJHLIP21182V022021_2020-2021.pdf/93a3c398-c919-cd8c-4364-49a864bf5bdd?version=1.1&t=1668581752001&download=true,BAJHLIP21182V022021_2020-2021.pdf,2026-08-20T14:23:13.912425+00:00
BAJHLGP22165V012122,Non-Archived,2021-2022,Bajaj Allianz General Insurance Co. Ltd,Flexi Health Protect Plan,01-10-2021,Group Health,https://irdai.gov.in/documents/37343/931203/Flexi+Health+Protect%28Group%29.pdf/cc5ba02a-385a-ca3d-a607-61c0a798101e?version=1.1&t=1668753289313&download=true,Flexi Health Protect(Group).pdf,2026-08-20T14:23:13.912425+00:00
BAJHLIP21143V022021,Non-Archived,2020-2021,Bajaj Allianz General Insurance Co. Ltd,Health Care Supreme,08-12-2020,Revision,https://irdai.gov.in/documents/37343/931203/BAJHLIP21143V022021_2020-2021.pdf/36406f08-f807-4ccf-1efd-fe200b099f02?version=1.1&t=1668581669575&download=true,BAJHLIP21143V022021_2020-2021.pdf,2026-08-20T14:23:13.912425+00:00
BAJHLIP21227V042021,Non-Archived,2020-2021,Bajaj Allianz General Insurance Co. Ltd,Health Guard,09-07-2020,Revision,https://irdai.gov.in/documents/37343/931203/BAJHLIP21227V042021_2020-2021.pdf/64022b8d-b6cc-2e14-1951-4078c1044501?version=1.1&t=1668581981549&download=true,BAJHLIP21227V042021_2020-2021.pdf,2026-08-20T14:23:13.912425+00:00
BAJHLGP21181V022021,Non-Archived,2020-2021,Bajaj Allianz General Insurance Co. Ltd,Health Guard (Group),31-08-2020,Revision,https://irdai.gov.in/documents/37343/931203/BAJHLGP21181V022021_2020-2021.pdf/fe1024f5-4661-f4f4-85a9-f7a11e67a737?version=1.1&t=1668581285092&download=true,BAJHLGP21181V022021_2020-2021.pdf,2026-08-20T14:23:13.912425+00:00
BAJHLIP21127V032021,Non-Archived,2020-2021,Bajaj Allianz General Insurance Co. Ltd,Health ensure,29-07-2020,Revision,https://irdai.gov.in/documents/37343/931203/BAJHLIP21127V032021_2020-2021.pdf/d0c1d4ad-e6d8-4e68-a4c6-f576d6917251?version=1.1&t=1668581564300&download=true,BAJHLIP21127V032021_2020-2021.pdf,2026-08-20T14:23:13.912425+00:00
BAJHLIP21115V022021,Non-Archived,2020-2021,Bajaj Allianz General Insurance Co. Ltd,Hospital Cash Daily Allowance,31-08-2020,Revision,https://irdai.gov.in/documents/37343/931203/BAJHLIP21115V022021_2020-2021.pdf/c99daebb-68e0-d213-f14c-e2e72474d059?version=1.1&t=1668581319137&download=true,BAJHLIP21115V022021_2020-2021.pdf,2026-08-20T14:23:13.912425+00:00
BAJHLIP21218V022021,Non-Archived,2020-2021,Bajaj Allianz General Insurance Co. Ltd,Personal Accident Insurance Policy,09-01-2020,Revision,https://irdai.gov.in/documents/37343/931203/BAJHLIP21218V022021_2020-2021.pdf/15121f59-ade1-5182-9405-9e1e51795e6e?version=1.1&t=1668581935394&download=true,BAJHLIP21218V022021_2020-2021.pdf,2026-08-20T14:23:13.912425+00:00
BAJHLIP21183V022021,Non-Archived,2020-2021,Bajaj Allianz General Insurance Co. Ltd,Silver Health,31-08-2020,Revision,https://irdai.gov.in/documents/37343/931203/BAJHLIP21183V022021_2020-2021.pdf/42fef6b0-d0f7-ea5d-c11a-4134e496648f?version=1.1&t=1668581833648&download=true,BAJHLIP21183V022021_2020-2021.pdf,2026-08-20T14:23:13.912425+00:00
BAJHLIP21184V022021,Non-Archived,2020-2021,Bajaj Allianz General Insurance Co. Ltd,Tax Gain,31-08-2020,Revision,https://irdai.gov.in/documents/37343/931203/BAJHLIP21184V022021_2020-2021.pdf/7790d106-a4b4-7b8d-71e3-84f581590cde?version=1.1&t=1668581893534&download=true,BAJHLIP21184V022021_2020-2021.pdf,2026-08-20T14:23:13.912425+00:00
BAJHLIP21142V022021,Non-Archived,2020-2021,Bajaj Allianz General Insurance Co. Ltd,Women Specific Critical Illness Plan,08-12-2020,Revision,https://irdai.gov.in/documents/37343/931203/BAJHLIP21142V022021_2020-2021.pdf/3a159160-a0c1-63d2-ae72-6c49600972b1?version=1.1&t=1668581622619&download=true,BAJHLIP21142V022021_2020-2021.pdf,2026-08-20T14:23:13.912425+00:00
BAJHLGP21602V012021,Non-Archived,2020-2021,Bajaj Allianz General Insurance Co. Ltd .,"Arogya SanjeevaniPolicy, Bajaj Allianz GI Co. Ltd(Group)",03-08-2021,Group,https://irdai.gov.in/documents/37343/931203/BAJHLGP21602V012021_2020-2021.pdf/04bdfc4d-69df-d290-fecd-9727aa2d5690?version=1.1&t=1668582083350&download=true,BAJHLGP21602V012021_2020-2021.pdf,2026-08-20T14:23:13.912425+00:00
BAJHLGP21584V012021,Non-Archived,2020-2021,Bajaj Allianz General Insurance Co. Ltd .,Bharat Bhraman Insurance Policy for Scheduled Airline Operators,02-10-2021,Group,https://irdai.gov.in/documents/37343/931203/BAJHLGP21584V012021_2020-2021.pdf/49c1e400-feb2-91a8-fd77-6344fd3578e7?version=1.1&t=1668582037499&download=true,BAJHLGP21584V012021_2020-2021.pdf,2026-08-20T14:23:13.912425+00:00
BAJPAIP21609V012021,Non-Archived,2020-2021,Bajaj Allianz General Insurance Co. Ltd .,"Saral Suraksha Bima, Bajaj Allianz GI Co. Ltd",25-03-2021,New,https://irdai.gov.in/documents/37343/931203/BAJPAIP21609V012021_2020-2021.pdf/dbc4a2bb-6a46-a29a-7370-2079709f58ab?version=1.1&t=1668582119475&download=true,BAJPAIP21609V012021_2020-2021.pdf,2026-08-20T14:23:13.912425+00:00
IRDA/NL-HLT/BAGI/P-P/V.I/8/14-15,Non-Archived,2014-2015,Bajaj Allianz General Insurance Co. Ltd.,Bajaj Allianz Janata Personal Accident Policy (Group),13-06-2014,,https://irdai.gov.in/documents/37343/931203/Bajaj+Allianz+Janata+Personal+Accident+Policy-+Group+%28Policy_2014-2015.pdf/48ea2a72-28d1-559e-e570-95b56b39a625?version=1.1&t=1668243621499&download=true,Bajaj Allianz Janata Personal Accident Policy- Group (Policy_2014-2015.pdf,2026-08-20T14:23:13.912425+00:00
IRDA/NL-HLT/BAGI/P-P/V.I/16/14-15,Non-Archived,2014-2015,Bajaj Allianz General Insurance Co. Ltd.,Bajaj Allianz Janata Personal Accident Policy (Individual),24-07-2014,,https://irdai.gov.in/documents/37343/931203/Bajaj+Allianz+Janata+Personal+Accident+Policy-+Individual++%28_2014-2015.pdf/e69ad0cc-7bcd-8f5f-15b8-e2e30d970eae?version=1.1&t=1668243434972&download=true,Bajaj Allianz Janata Personal Accident Policy- Individual (_2014-2015.pdf,2026-08-20T14:23:13.912425+00:00
BAJHLIP22024V032122,Non-Archived,2021-2022,Bajaj Allianz General Insurance Co. Ltd.,Family Care,27-05-2021,Revision,https://irdai.gov.in/documents/37343/931203/BAJHLIP22024V032122_HEALTH2003.pdf/3a731570-ef1e-4e72-c816-9cc50a42b658?version=1.1&t=1668843530403&download=true,BAJHLIP22024V032122_HEALTH2003.pdf,2026-08-20T14:23:13.912425+00:00
BAJHLIP23020V012223,Non-Archived,2022-2023,Bajaj Allianz General Insurance Co. Ltd.,Global Health Care,06-05-2022,Individual,https://irdai.gov.in/documents/37343/931203/BAJHLIP23020V012223.pdf/fc18c97a-baf7-336e-bd80-e637b32dcb7d?version=1.0&t=1667711515563&download=true,BAJHLIP23020V012223.pdf,2026-08-20T14:23:13.912425+00:00
BAJHLIP22019V022122,Non-Archived,2021-2022,Bajaj Allianz General Insurance Co. Ltd.,M Care,19-05-2021,Revision,https://irdai.gov.in/documents/37343/931203/BAJHLIP22019V022122_HEALTH2002.pdf/14747491-6bac-bc1b-8612-1f340e4b8760?version=1.1&t=1668843444730&download=true,BAJHLIP22019V022122_HEALTH2002.pdf,2026-08-20T14:23:13.912425+00:00
BAJHLGP22020V022122,Non-Archived,2021-2022,Bajaj Allianz General Insurance Co. Ltd.,M Care (Group),19-05-2021,Revision,https://irdai.gov.in/documents/37343/931203/BAJHLGP22020V022122_HEALTH2001.pdf/5855ce14-f081-f968-f643-4688b5933518?version=1.1&t=1668843371876&download=true,BAJHLGP22020V022122_HEALTH2001.pdf,2026-08-20T14:23:13.912425+00:00
IRDA/NL-HLT/BAGI/P-T/V.I/468/13-14,Non-Archived,2014-2015,Bajaj Allianz General Insurance Co. Ltd.,Travel Prime Holiday Policy (Group),30-06-2014,,https://irdai.gov.in/documents/37343/931203/TRAVEL+PRIME+HOLIDAY+POLICY_2014-2015.pdf/06949611-9a08-7f73-13ec-b575125830a5?version=1.1&t=1668243681069&download=true,TRAVEL PRIME HOLIDAY POLICY_2014-2015.pdf,2026-08-20T14:23:13.912425+00:00
IRDA/NL-HLT/BAGI/P-T/V.I/37/13-14,Non-Archived,2014-2015,Bajaj Allianz General Insurance Co. Ltd.,Travel Prime Policy,30-06-2014,,https://irdai.gov.in/documents/37343/931203/TRAVEL+PRIME+POLICY_2014-2015.pdf/c9c2679b-3d35-9637-4a4d-904d98934235?version=1.1&t=1668243767861&download=true,TRAVEL PRIME POLICY_2014-2015.pdf,2026-08-20T14:23:13.912425+00:00
IRDA/NL-HLT/BAGI/P-H(C)/V.I/281/13-14,Non-Archived,2013-2014,Bajaj Allianz General Insurance Company Limited,Critical Illness Insurance,30-09-2013,,https://irdai.gov.in/documents/37343/931203/Critical+Illness+Insurance_2013-2014.pdf/cca1abe7-5e48-8629-37a4-4d09d606e2f9?version=1.1&t=1668151652690&download=true,Critical Illness Insurance_2013-2014.pdf,2026-08-20T14:23:13.912425+00:00
IRDA/NL-HLT/BAGI/P-T/V.I/461/13-14,Non-Archived,2013-2014,Bajaj Allianz General Insurance Company Limited,E-Travel Value Policy,26-02-2014,,https://irdai.gov.in/documents/37343/931203/E+Travel+Value+Policy_2013-2014.pdf/fcc01077-ff46-a838-7112-a5e5eaacf1fe?version=1.1&t=1668152752964&download=true,E Travel Value Policy_2013-2014.pdf,2026-08-20T14:23:13.912425+00:00
IRDA/NL-HLT/BAGI/P-H/V.I/111/13-14,Non-Archived,2013-2014,Bajaj Allianz General Insurance Company Limited,Extra Care,27-08-2013,,https://irdai.gov.in/documents/37343/931203/Extra+Care_2013-2014.pdf/c94d2d9f-4638-3c65-4ec6-69727ee41d4d?version=1.1&t=1668150821605&download=true,Extra Care_2013-2014.pdf,2026-08-20T14:23:13.912425+00:00
IRDA/NL-HLT/BAGI/P-P/V.I/151/13-14,Non-Archived,2013-2014,Bajaj Allianz General Insurance Company Limited,Group Personal Accident,27-08-2013,,https://irdai.gov.in/documents/37343/931203/Group+Personal+Accident_2013-2014.pdf/5a00bc8f-792d-3369-c4a4-df202a1500b4?version=1.1&t=1668151408123&download=true,Group Personal Accident_2013-2014.pdf,2026-08-20T14:23:13.912425+00:00
IRDA/NL-HLT/BAGI/P-H/V.I/22/13-14,Non-Archived,2013-2014,Bajaj Allianz General Insurance Company Limited,Health Care Supreme,28-03-2014,,https://irdai.gov.in/documents/37343/931203/Health+Care+Supreme_2013-2014.pdf/a990ae47-4f49-38c3-7b33-a5259b7c1408?version=1.1&t=1668150619060&download=true,Health Care Supreme_2013-2014.pdf,2026-08-20T14:23:13.912425+00:00
IRDA/NL-HLT/BAGI/P-H/V.I/112/13-14,Non-Archived,2013-2014,Bajaj Allianz General Insurance Company Limited,Health Ensure,27-08-2013,,https://irdai.gov.in/documents/37343/931203/Health+Ensure_2013-2014.pdf/cb38fb3f-01e3-9a57-b151-8371bc6f4881?version=1.1&t=1668150864551&download=true,Health Ensure_2013-2014.pdf,2026-08-20T14:23:13.912425+00:00
IRDA/NL-HLT/BAGI/P-H/V.I/113/13-14,Non-Archived,2013-2014,Bajaj Allianz General Insurance Company Limited,Health Guard-Indivudal Policy,27-08-2013,,https://irdai.gov.in/documents/37343/931203/Health+Guard-Individual+Policy_2013-2014.pdf/5a3f233b-1239-e410-c677-26a5712f0c4b?version=1.1&t=1668155934855&download=true,Health Guard-Individual Policy_2013-2014.pdf,2026-08-20T14:23:13.912425+00:00
IRDA/NL-HLT/BAGI/P-H/V.I/146/13-14,Non-Archived,2013-2014,Bajaj Allianz General Insurance Company Limited,Hospital Cash Daily Allowance,27-08-2013,,https://irdai.gov.in/documents/37343/931203/Hospital+Cash+Daily+Allowance_2013-2014.pdf/47654d64-d483-6602-e6ff-9b78ca2e3615?version=1.1&t=1668150971859&download=true,Hospital Cash Daily Allowance_2013-2014.pdf,2026-08-20T14:23:13.912425+00:00
IRDA/NL-HLT/BAGI/P-H/V.I/148/13-14,Non-Archived,2013-2014,Bajaj Allianz General Insurance Company Limited,Insta Insure,27-08-2013,,https://irdai.gov.in/documents/37343/931203/Insta+Insure_2013-2014.pdf/36d339d0-7a6a-adbc-83a7-ce2efcd36406?version=1.1&t=1668151071114&download=true,Insta Insure_2013-2014.pdf,2026-08-20T14:23:13.912425+00:00
IRDA/NL-HLT/BAGI/P-H/V.I/406/13-14,Non-Archived,2013-2014,Bajaj Allianz General Insurance Company Limited,J&K Bank Health Insurance Policy,12-11-2013,,https://irdai.gov.in/documents/37343/931203/JK+Bank+Health+Insurance+Policy_2013-2014.pdf/246a0544-ef7b-71e7-6050-90c59867b4c7?version=1.1&t=1668151868255&download=true,JK Bank Health Insurance Policy_2013-2014.pdf,2026-08-20T14:23:13.912425+00:00
IRDA/NL-HLT/BAGI/P-P/V.I/474/13-14,Non-Archived,2013-2014,Bajaj Allianz General Insurance Company Limited,LPG Dealers Package Policy,25-03-2014,,https://irdai.gov.in/documents/37343/931203/LPG+Dealers+Package+Policy_2013-2014.pdf/33ee680f-e0d6-5ef1-aaac-c132d5d5f61d?version=1.1&t=1668155848728&download=true,LPG Dealers Package Policy_2013-2014.pdf,2026-08-20T14:23:13.912425+00:00
IRDA/NL-HLT/BAGI/P-P/V.II/470/13-14,Non-Archived,2013-2014,Bajaj Allianz General Insurance Company Limited,Loan care,13-03-2014,,https://irdai.gov.in/documents/37343/931203/Loan+Care_2013-2014.pdf/8df56132-f4b0-362d-5369-68a893e7fad7?version=1.1&t=1668152830001&download=true,Loan Care_2013-2014.pdf,2026-08-20T14:23:13.912425+00:00
IRDA/NL-HLT/BAGI/P-H/V.I/47/13-14,Non-Archived,2013-2014,Bajaj Allianz General Insurance Company Limited,Mediclaim Insurance,27-08-2013,,https://irdai.gov.in/documents/37343/931203/Mediclaim+Insurance_2013-2014.pdf/a1c64ff4-0575-9558-9a00-e1cdba4d606c?version=1.1&t=1668150722647&download=true,Mediclaim Insurance_2013-2014.pdf,2026-08-20T14:23:13.912425+00:00
IRDA/NL-HLT/BAGI/P-H/V.I/424//13-14,Non-Archived,2013-2014,Bajaj Allianz General Insurance Company Limited,Micro Care Accident and Hospital Cash Policy,07-11-2013,,https://irdai.gov.in/documents/37343/931203/Micro+Care+Accident+and+Hospital+Cash+Policy+Document_2013-2014.pdf/43690575-794b-c2aa-bfc4-2f290a31700a?version=1.1&t=1668152617161&download=true,Micro Care Accident and Hospital Cash Policy Document_2013-2014.pdf,2026-08-20T14:23:13.912425+00:00
IRDA/NL-HLT/BAGI/P-T/V.I/423//13-14,Non-Archived,2013-2014,Bajaj Allianz General Insurance Company Limited,Overseas Travel Insurance Policy,07-11-2013,,https://irdai.gov.in/documents/37343/931203/Travel+Companion+Policy+Wordings_2013-2014.pdf/5a9b7c1e-5f2d-acd7-1211-a81eefa293f1?version=1.1&t=1668155894378&download=true,Travel Companion Policy Wordings_2013-2014.pdf,2026-08-20T14:23:13.912425+00:00
IRDA/NL-HLT/BAGI/P-P/V.I/280/13-14,Non-Archived,2013-2014,Bajaj Allianz General Insurance Company Limited,Personal Accident Insurance Policy,30-09-2013,,https://irdai.gov.in/documents/37343/931203/Personal+Accident+Insurance+Policy_2013-2014.pdf/c423ff0f-c2ad-104e-dde9-be6f355a0492?version=1.1&t=1668151602597&download=true,Personal Accident Insurance Policy_2013-2014.pdf,2026-08-20T14:23:13.912425+00:00
IRDA/NL-HLT/BAGI/P-P/V.I/421//13-14,Non-Archived,2013-2014,Bajaj Allianz General Insurance Company Limited,Personal Care Insurance Policy,07-11-2013,,https://irdai.gov.in/documents/37343/931203/Personal+Care+Insurance+Policy_2013-2014.pdf/b07f539e-454c-39e4-0748-272bc6c2998c?version=1.1&t=1668152170343&download=true,Personal Care Insurance Policy_2013-2014.pdf,2026-08-20T14:23:13.912425+00:00
IRDA/NL-HLT/BAGI/P-T/V.I/422//13-14,Non-Archived,2013-2014,Bajaj Allianz General Insurance Company Limited,Pravasi Bharatiya Bima Yojana,07-11-2013,,https://irdai.gov.in/documents/37343/931203/Pravasi+Bharatiya+Bima+Yojana_2013-2014.pdf/8b8fc61d-522d-1967-f14d-b9545c5d434c?version=1.1&t=1668152255905&download=true,Pravasi Bharatiya Bima Yojana_2013-2014.pdf,2026-08-20T14:23:13.912425+00:00
IRDA/NL-HLT/BAGI/P-P/V.I/278/13-14,Non-Archived,2013-2014,Bajaj Allianz General Insurance Company Limited,Premium Personal Guard,30-09-2013,,https://irdai.gov.in/documents/37343/931203/Premium+Personal+Guard_2013-2014.pdf/d526d6cf-32bb-f3c2-7e72-162604b28ff8?version=1.1&t=1668151452030&download=true,Premium Personal Guard_2013-2014.pdf,2026-08-20T14:23:13.912425+00:00
IRDA/NL-HLT/BAGI/P-H/V.I/408//13-14,Non-Archived,2013-2014,Bajaj Allianz General Insurance Company Limited,SIB - Health Assist,12-11-2013,,https://irdai.gov.in/documents/37343/931203/SIBHealthAssist_2013-2014.pdf/e97d8a1a-fec4-595d-93bd-1ed1693fbcd4?version=1.1&t=1668152025253&download=true,SIBHealthAssist_2013-2014.pdf,2026-08-20T14:23:13.912425+00:00
IRDA/NL-HLT/BAGI/P-H/V.I/147/13-14,Non-Archived,2013-2014,Bajaj Allianz General Insurance Company Limited,Sankat Mochan,27-08-2013,,https://irdai.gov.in/documents/37343/931203/Sankat+Mochan_2013-2014.pdf/1c3416d1-983f-2391-e801-0d2c8210fd70?version=1.1&t=1668151028557&download=true,Sankat Mochan_2013-2014.pdf,2026-08-20T14:23:13.912425+00:00
IRDA/NL-HLT/BAGI/P-H/V.I/145/13-14,Non-Archived,2013-2014,Bajaj Allianz General Insurance Company Limited,Silver Health,30-09-2013,,https://irdai.gov.in/documents/37343/931203/Silver+Health_2013-2014.pdf/e3498e01-4913-66cf-dc9c-0f8cc355082a?version=1.1&t=1668150917385&download=true,Silver Health_2013-2014.pdf,2026-08-20T14:23:13.912425+00:00
IRDA/NL-HLT/BAGI/P-H/V.I/150/13-14,Non-Archived,2013-2014,Bajaj Allianz General Insurance Company Limited,Star Package,27-08-2013,,https://irdai.gov.in/documents/37343/931203/Star+Package_2013-2014.pdf/52803ef5-bd96-9397-c2d1-00ffe18ba5c0?version=1.1&t=1668918567395&download=true,Star Package_2013-2014.pdf,2026-08-20T14:23:13.912425+00:00
IRDA/NL-HLT/BAGI/P-H/V.I/21/13-14,Non-Archived,2013-2014,Bajaj Allianz General Insurance Company Limited,Surgical Protection Plan,21-03-2014,,https://irdai.gov.in/documents/37343/931203/Surgical+Protection+Plan_2013-2014.pdf/f704ba12-145e-7baf-72f1-8c1ae00872e2?version=1.1&t=1668150390986&download=true,Surgical Protection Plan_2013-2014.pdf,2026-08-20T14:23:13.912425+00:00
IRDA/NL-HLT/BAGI/P-T/V.I/458/13-14,Non-Archived,2013-2014,Bajaj Allianz General Insurance Company Limited,TRAVEL ASSIST CARD,26-02-2014,,https://irdai.gov.in/documents/37343/931203/Travel+Assist+Card_2013-2014.pdf/876d24e9-3f50-4ce3-bdc9-d14aa3e2267c?version=1.1&t=1668152693282&download=true,Travel Assist Card_2013-2014.pdf,2026-08-20T14:23:13.912425+00:00
IRDA/NL-HLT/BAGI/P-H/V.I/149/13-14,Non-Archived,2013-2014,Bajaj Allianz General Insurance Company Limited,Tax Gain,27-08-2013,,https://irdai.gov.in/documents/37343/931203/Tax+Gain_2013-2014.pdf/4fff4a5c-ff1a-70bc-5e99-8babf620609f?version=1.1&t=1668151126312&download=true,Tax Gain_2013-2014.pdf,2026-08-20T14:23:13.912425+00:00
IRDA/NL-HLT/BAGI/P-T/V.I/462/13-14,Non-Archived,2013-2014,Bajaj Allianz General Insurance Company Limited,Travel Companion,26-02-2014,,https://irdai.gov.in/documents/37343/931203/Travel+Companion+Policy+Document_2013-2014.pdf/a66c3b3d-d5b5-a347-5b49-30695d710bfb?version=1.1&t=1668156042186&download=true,Travel Companion Policy Document_2013-2014.pdf,2026-08-20T14:23:13.912425+00:00
IRDA/NL-HLT/BAGI/P-H/V.I/407/13-14,Non-Archived,2013-2014,Bajaj Allianz General Insurance Company Limited,United Sampoorna Suraksha Policy,12-11-2013,,https://irdai.gov.in/documents/37343/931203/United+Sampoorna+Suraksha+Policy_2013-2014.pdf/b22b8cf1-16d1-3da6-513f-517efbeac177?version=1.1&t=1668151940810&download=true,United Sampoorna Suraksha Policy_2013-2014.pdf,2026-08-20T14:23:13.912425+00:00
IRDA/NL-HLT/BAGI/P-H(C)/V.I/279/13-14,Non-Archived,2013-2014,Bajaj Allianz General Insurance Company Limited,Women Specific Critical Illness Plan,30-09-2013,,https://irdai.gov.in/documents/37343/931203/Women+Specific+Critical+Illness+Plan_2013-2014.pdf/1149b87e-164d-d076-7904-4e1f31852519?version=1.1&t=1668151515130&download=true,Women Specific Critical Illness Plan_2013-2014.pdf,2026-08-20T14:23:13.912425+00:00
IRDA/NL HLT/BAGI/P-H/V.I/84/14-15,Non-Archived,2015-2016,Bajaj Allianz General Insurance Company Ltd.,Accidental Hospitalization Cover,18-06-2015,,https://irdai.gov.in/documents/37343/931203/Bajaj_Accidental+Hospitalization+Cover_2015-2016.pdf/e51f52cd-eb9f-884a-86f7-13394dfe2a0e?version=1.1&t=1668408208892&download=true,Bajaj_Accidental Hospitalization Cover_2015-2016.pdf,2026-08-20T14:23:13.912425+00:00
IRDA/NL HLT/BAGI/P-T/V.I/65/14-15,Non-Archived,2015-2016,Bajaj Allianz General Insurance Company Ltd.,Emergency Hotel Accommodation for family members,11-05-2015,,https://irdai.gov.in/documents/37343/931203/Bajaj_Emergency+hotel+accommodation+for+Family+Members_2015-2016.pdf/7576b517-3425-7e08-ad7a-c7fe0e4ff4ce?version=1.1&t=1668407943698&download=true,Bajaj_Emergency hotel accommodation for Family Members_2015-2016.pdf,2026-08-20T14:23:13.912425+00:00
IRDA/NL HLT/BAGI/P-T/V.I/60/14-15,Non-Archived,2015-2016,Bajaj Allianz General Insurance Company Ltd.,Emergency Hotel Extension for insured and family members,11-05-2015,,https://irdai.gov.in/documents/37343/931203/Bajaj_+Emergency+hotel+extension+for+insured+and+Family+Members_2015-2016.pdf/02823d0a-0c14-10e5-3a42-e8405b830c75?version=1.1&t=1668407838934&download=true,Bajaj_ Emergency hotel extension for insured and Family Members_2015-2016.pdf,2026-08-20T14:23:13.912425+00:00
IRDA/NL HLT/BAGI/P-T/V.I/67/14-15,Non-Archived,2015-2016,Bajaj Allianz General Insurance Company Ltd.,Escort for minor child/children,11-05-2015,,https://irdai.gov.in/documents/37343/931203/Bajaj_Escort+for+Minor+Child_2015-2016.pdf/f2108f08-5def-a681-ade9-dd162887e01e?version=1.1&t=1668408029392&download=true,Bajaj_Escort for Minor Child_2015-2016.pdf,2026-08-20T14:23:13.912425+00:00
IRDAI/HLT/BAGI/P-P/V.I/30/14-15,Non-Archived,2015-2016,Bajaj Allianz General Insurance Company Ltd.,Global Personal Guard policy individual,23-02-2016,,https://irdai.gov.in/documents/37343/931203/Bajaj_Global+Personal+Guard+Policy+Individual_2015-2016.pdf/95133d6c-7444-0da7-4086-e85dbeae92be?version=1.1&t=1668408264133&download=true,Bajaj_Global Personal Guard Policy Individual_2015-2016.pdf,2026-08-20T14:23:13.912425+00:00
IRDA/NL HLT/BAGI/P-H/V.I/64/14-15,Non-Archived,2015-2016,Bajaj Allianz General Insurance Company Ltd.,Group Hospital Cash Policy,18-06-2015,,https://irdai.gov.in/documents/37343/931203/Bajaj_Group+Hospital+Cash+Policy_2015-2016.pdf/2314283f-cabf-fc67-2e45-891a4e2413dc?version=1.1&t=1668408122211&download=true,Bajaj_Group Hospital Cash Policy_2015-2016.pdf,2026-08-20T14:23:13.912425+00:00
IRDA/NL HLT/BAGI/P-T/V.I/66/14-15,Non-Archived,2015-2016,Bajaj Allianz General Insurance Company Ltd.,Loss of personal belongings cover,11-05-2015,,https://irdai.gov.in/documents/37343/931203/Bajaj_Loss+of+Personal+Belongings+Cover_2015-2016.pdf/483ff619-484e-a071-fc27-969f808836a8?version=1.1&t=1668407978484&download=true,Bajaj_Loss of Personal Belongings Cover_2015-2016.pdf,2026-08-20T14:23:13.912425+00:00
IRDA/NL HLT/BAGI/P-T/V.I/68/14-15,Non-Archived,2015-2016,Bajaj Allianz General Insurance Company Ltd.,Replacement and rearrangement of Staff,11-05-2015,,https://irdai.gov.in/documents/37343/931203/Bajaj_Replacement+and+Rearrangement+of+Staff_2015-2016.pdf/7fff0ac7-4253-65b7-36c4-104f8bcb56e4?version=1.1&t=1668408075418&download=true,Bajaj_Replacement and Rearrangement of Staff_2015-2016.pdf,2026-08-20T14:23:13.912425+00:00
IRDA/NL HLT/BAGI/P-T/V.II/37/14-15,Non-Archived,2015-2016,Bajaj Allianz General Insurance Company Ltd.,Travel Prime Policy,18-06-2015,,https://irdai.gov.in/documents/37343/931203/Bajaj_Optional+Covers+under+Travel+Prime+Policy_2015-2016.pdf/fb6112e0-c9eb-59d9-403b-9e5fcece6d47?version=1.1&t=1668408160744&download=true,Bajaj_Optional Covers under Travel Prime Policy_2015-2016.pdf,2026-08-20T14:23:13.912425+00:00
BHAHLGP21458V022021,Non-Archived,2020-2021,Bharti AXA General Insurance Co. Ltd,Bharti AXA Group Health Assure,26-09-2020,Revision,https://irdai.gov.in/documents/37343/931203/BHAHLGP21458V022021_2020-2021.pdf/60ef71d6-7319-486e-3997-f8fc941cdae8?version=1.1&t=1668582200308&download=true,BHAHLGP21458V022021_2020-2021.pdf,2026-08-20T14:23:13.912425+00:00
BHAHLGP21457V022021,Non-Archived,2020-2021,Bharti AXA General Insurance Co. Ltd,Bharti AXA Group Health Assure Super Topup,26-09-2020,Revision,https://irdai.gov.in/documents/37343/931203/BHAHLGP21457V022021_2020-2021.pdf/2769183c-46e8-8718-b32a-6dd8ccfb01f2?version=1.1&t=1668582164367&download=true,BHAHLGP21457V022021_2020-2021.pdf,2026-08-20T14:23:13.912425+00:00
BHAHLIP21244V022021,Non-Archived,2020-2021,Bharti AXA General Insurance Co. Ltd,Bharti AXA Smart Super Health Assure Policy,13-09-2020,Revision,https://irdai.gov.in/documents/37343/931203/BHAHLIP21244V022021_2020-2021.pdf/96a3d41f-a242-744e-5eae-6a72991cdd94?version=1.1&t=1668582390955&download=true,BHAHLIP21244V022021_2020-2021.pdf,2026-08-20T14:23:13.912425+00:00
BHAHLIP21245V022021,Non-Archived,2020-2021,Bharti AXA General Insurance Co. Ltd,Bharti AXA Smart Super Top- up Policy,13-09-2020,Revision,https://irdai.gov.in/documents/37343/931203/BHAHLIP21245V022021_2020-2021.pdf/bc1af520-cf44-499d-e604-f4e0373ae7bc?version=1.1&t=1668582445419&download=true,BHAHLIP21245V022021_2020-2021.pdf,2026-08-20T14:23:13.912425+00:00
BHAHLIP21232V012021,Non-Archived,2020-2021,Bharti AXA General Insurance Co. Ltd,"Corona Rakshak Policy, Bharti AXA General Insurance Company Limited",09-08-2020,Individual,https://irdai.gov.in/documents/37343/931203/BHAHLIP21232V012021_2020-2021.pdf/7abca35e-ad48-d434-e767-d40e409dcc93?version=1.1&t=1668582350204&download=true,BHAHLIP21232V012021_2020-2021.pdf,2026-08-20T14:23:13.912425+00:00
BHAHLGP21459V022021,Non-Archived,2020-2021,Bharti AXA General Insurance Co. Ltd,Group Health Insurance Policy,26-09-2020,Revision,https://irdai.gov.in/documents/37343/931203/BHAHLGP21459V022021_2020-2021.pdf/4576a9a1-c59d-3615-17af-11d97cd6e72e?version=1.1&t=1668582251144&download=true,BHAHLGP21459V022021_2020-2021.pdf,2026-08-20T14:23:13.912425+00:00
BHAHLGP21460V022021,Non-Archived,2020-2021,Bharti AXA General Insurance Co. Ltd,Group Hospital Cash,26-09-2020,Revision,https://irdai.gov.in/documents/37343/931203/BHAHLGP21460V022021_2020-2021.pdf/c63e9d33-e830-77ab-b187-c7b78afe76bb?version=1.1&t=1668582312820&download=true,BHAHLGP21460V022021_2020-2021.pdf,2026-08-20T14:23:13.912425+00:00
BHAHLIP21455V022021,Non-Archived,2020-2021,Bharti AXA General Insurance Co. Ltd,Smart Health Critical Illness Policy,26-09-2020,Revision,https://irdai.gov.in/documents/37343/931203/BHAHLIP21455V022021_2020-2021.pdf/f790f001-f56c-0d2a-eac1-d6a72ee1f925?version=1.1&t=1668582653608&download=true,BHAHLIP21455V022021_2020-2021.pdf,2026-08-20T14:23:13.912425+00:00
BHAHLIP21507V022021,Non-Archived,2020-2021,Bharti AXA General Insurance Co. Ltd,Smart Health Essential Insurance Policy,26-09-2020,Revision,https://irdai.gov.in/documents/37343/931203/BHAHLIP21507V022021_2020-2021.pdf/f4badd15-7ab2-ff4a-d6bd-9a3b9526386e?version=1.1&t=1668582797530&download=true,BHAHLIP21507V022021_2020-2021.pdf,2026-08-20T14:23:13.912425+00:00
BHAHLIP21468V022021,Non-Archived,2020-2021,Bharti AXA General Insurance Co. Ltd,Smart Health High Deductible Insurance Policy,26-09-2020,Revision,https://irdai.gov.in/documents/37343/931203/BHAHLIP21468V022021_2020-2021.pdf/479da3a7-5e46-2bed-b196-1207eaa547e4?version=1.1&t=1668582752767&download=true,BHAHLIP21468V022021_2020-2021.pdf,2026-08-20T14:23:13.912425+00:00
BHAHLIP21454V022021,Non-Archived,2020-2021,Bharti AXA General Insurance Co. Ltd,Smart Health Insurance Policy,26-09-2020,Revision,https://irdai.gov.in/documents/37343/931203/BHAHLIP21454V022021_2020-2021.pdf/e5ed697d-7447-bd74-9008-61f2375113f1?version=1.1&t=1668582551671&download=true,BHAHLIP21454V022021_2020-2021.pdf,2026-08-20T14:23:13.912425+00:00
BHAHLIP21246V022021,Non-Archived,2020-2021,Bharti AXA General Insurance Co. Ltd,Smart Super Health Insurance Policy,13-09-2020,Revision,https://irdai.gov.in/documents/37343/931203/BHAHLIP21246V022021_2020-2021.pdf/e482595a-35f7-dd9a-ba9f-a33a056bcdb0?version=1.1&t=1668582495411&download=true,BHAHLIP21246V022021_2020-2021.pdf,2026-08-20T14:23:13.912425+00:00
BHAHLIP21456V022021,Non-Archived,2020-2021,Bharti AXA General Insurance Co. Ltd,Universal Protection Insurance Policy,26-09-2020,Revision,https://irdai.gov.in/documents/37343/931203/BHAHLIP21456V022021_2020-2021.pdf/09ddf2af-7c8f-e878-743e-639bdc9c271b?version=1.1&t=1668582694924&download=true,BHAHLIP21456V022021_2020-2021.pdf,2026-08-20T14:23:13.912425+00:00
IRDA/NL-HLT/BAXAGI/P-H/V.I/94/13-14,Non-Archived,2013-2014,Bharti AXA General Insurance Company Limited,Group Health Insurance Policy,08-07-2013,,https://irdai.gov.in/documents/37343/931203/Group+Health+Insurance+Policy_2013-2014.pdf/8e7b0553-402a-d57b-7f5e-9f3258522d57?version=1.1&t=1668157333849&download=true,Group Health Insurance Policy_2013-2014.pdf,2026-08-20T14:23:13.912425+00:00
IRDA/NL-HLT/BAXAGI/P-H/V.I/88/13-14,Non-Archived,2013-2014,Bharti AXA General Insurance Company Limited,Micro Smart Health Insurance Policy,08-07-2013,,https://irdai.gov.in/documents/37343/931203/Micro+Smart+Health+Insurance+policy_2013-2014.pdf/4b3419b4-de60-f896-8bd8-89c9020f2eab?version=1.1&t=1668156231280&download=true,Micro Smart Health Insurance policy_2013-2014.pdf,2026-08-20T14:23:13.912425+00:00
IRDA/NL-HLT/BAXAGI/P-P/V.I/95/13-14,Non-Archived,2013-2014,Bharti AXA General Insurance Company Limited,Smart Group Personal Accident Insurance Policy,08-07-2013,,https://irdai.gov.in/documents/37343/931203/Smart+Group+Personal+Accident+Insurance+policy_2013-2014.pdf/7c320ddf-39eb-8eb7-dfc5-7de3be19d9ae?version=1.1&t=1668157464323&download=true,Smart Group Personal Accident Insurance policy_2013-2014.pdf,2026-08-20T14:23:13.912425+00:00
IRDA/NL-HLT/BAXAGI/P-H/V.I/92/13-14,Non-Archived,2013-2014,Bharti AXA General Insurance Company Limited,Smart Health Critical Illness Policy,08-07-2013,,https://irdai.gov.in/documents/37343/931203/SmartHealth+Critical+Illness+Policy_2013-2014.pdf/134976da-fb6a-b7f5-ec99-8d17d31a82a8?version=1.1&t=1668156503830&download=true,SmartHealth Critical Illness Policy_2013-2014.pdf,2026-08-20T14:23:13.912425+00:00
IRDA/NL-HLT/BAXAGI/P-H/V.I/91/13-14,Non-Archived,2013-2014,Bharti AXA General Insurance Company Limited,Smart Health Essential Insurance Policy,08-07-2013,,https://irdai.gov.in/documents/37343/931203/SmartHealth+Essential++Insurance+Policy_2013-2014.pdf/535dcf3f-ce59-2a9d-d06d-8a2cbd61117d?version=1.1&t=1668156413858&download=true,SmartHealth Essential Insurance Policy_2013-2014.pdf,2026-08-20T14:23:13.912425+00:00
IRDA/NL-HLT/BAXAGI/P-H/V.I/89/13-14,Non-Archived,2013-2014,Bharti AXA General Insurance Company Limited,Smart Health High Deductible Insurance Policy,08-07-2013,,https://irdai.gov.in/documents/37343/931203/SmartHealth+High+Deductible+Insurance+Policy_2013-2014.pdf/58b243cc-a3eb-d784-9335-f3ab15c9bfbc?version=1.1&t=1668156319466&download=true,SmartHealth High Deductible Insurance Policy_2013-2014.pdf,2026-08-20T14:23:13.912425+00:00
IRDA/NL-HLT/BAXAGI/P-H/V.I/93/13-14,Non-Archived,2013-2014,Bharti AXA General Insurance Company Limited,Smart Health Insurance Policy,08-07-2013,,https://irdai.gov.in/documents/37343/931203/Smart+Health+Insurance+Policy_2013-2014.pdf/0735e037-33fd-9d91-38cc-efc032929d6e?version=1.1&t=1668156550651&download=true,Smart Health Insurance Policy_2013-2014.pdf,2026-08-20T14:23:13.912425+00:00
IRDA/NL-HLT/BAXAGI/P-P/V.I/96/13-14,Non-Archived,2013-2014,Bharti AXA General Insurance Company Limited,Smart Individual Personal Accident Policy,08-07-2013,,https://irdai.gov.in/documents/37343/931203/Smart+Individual+Personal+Accident+Policy_2013-2014.pdf/79508adc-04b2-c0f8-cdde-fee52df55872?version=1.1&t=1668157530834&download=true,Smart Individual Personal Accident Policy_2013-2014.pdf,2026-08-20T14:23:13.912425+00:00
IRDA/NL-HLT/BAXAGI/P-P/V.I/87/13-14,Non-Archived,2013-2014,Bharti AXA General Insurance Company Limited,Smart JPA Insurance Policy,08-07-2013,,https://irdai.gov.in/documents/37343/931203/Smart+JPA+Insurance+Policy_2013-2014.pdf/325e512f-4f68-49ed-64ee-6b8a2b317704?version=1.1&t=1668156157182&download=true,Smart JPA Insurance Policy_2013-2014.pdf,2026-08-20T14:23:13.912425+00:00
IRDA/NL-HLT/BAXAGI/P-H/V.I/90/13-14,Non-Archived,2013-2014,Bharti AXA General Insurance Company Limited,Smart Student PA Insurance Policy,08-07-2013,,https://irdai.gov.in/documents/37343/931203/Smart+Student+PA+Insurance+Policy_2013-2014.pdf/9a3cb1ec-5f55-cea1-e69a-59dee0c6ec80?version=1.1&t=1668156367319&download=true,Smart Student PA Insurance Policy_2013-2014.pdf,2026-08-20T14:23:13.912425+00:00
IRDA/NL-HLT/BAXAGI/P-T/V.I/224/13-14,Non-Archived,2013-2014,Bharti AXA General Insurance Company Limited,SmartTraveller Insurance Policy (Corporate),21-03-2014,,https://irdai.gov.in/documents/37343/931203/Smart+Traveller+Insurance+Policy+%28Corporate%29_2013-2014.pdf/78f06f4c-c5fe-6210-c7e7-2603b4657e4a?version=1.1&t=1668158292095&download=true,Smart Traveller Insurance Policy (Corporate)_2013-2014.pdf,2026-08-20T14:23:13.912425+00:00
IRDA/NL-HLT/BAXAGI/P-T/V.I/222/13-14,Non-Archived,2013-2014,Bharti AXA General Insurance Company Limited,SmartTraveller Insurance Policy (Individuals and Families),21-03-2014,,https://irdai.gov.in/documents/37343/931203/Smart+Traveller+Insurance+Policy+%28Individuals+%26+Families%29_2013-2014.pdf/ac70abd7-ef61-1fa7-affa-9f9e87054d5c?version=1.1&t=1668158107371&download=true,Smart Traveller Insurance Policy (Individuals & Families)_2013-2014.pdf,2026-08-20T14:23:13.912425+00:00
IRDA/NL-HLT/BAXAGI/P-T/V.I/223/13-14,Non-Archived,2013-2014,Bharti AXA General Insurance Company Limited,SmartTraveller Insurance Policy (Student),21-03-2014,,https://irdai.gov.in/documents/37343/931203/Smart+Traveller+Insurance+Policy+%28Student%29_2013-2014.pdf/1f11b1d9-496b-e6f4-b442-9459f02bd545?version=1.1&t=1668158153340&download=true,Smart Traveller Insurance Policy (Student)_2013-2014.pdf,2026-08-20T14:23:13.912425+00:00
BHAHLIP18014V011718,Non-Archived,2017-2018,Bharti Axa General Insraunce Co ltd,Smart super helath insurance policy,11-07-2017,,https://irdai.gov.in/documents/37343/931203/BAGI_SmartSuperHealthInsurancePolicy_2017-2018.pdf/ba5298ba-6ca2-e785-711f-6a844e6d1bf4?version=1.1&t=1668422407768&download=true,BAGI_SmartSuperHealthInsurancePolicy_2017-2018.pdf,2026-08-20T14:23:13.912425+00:00
BHAPAIP20130V011920,Non-Archived,2019-2020,Bharti Axa General Insuarnce Co Ltd,Bahrtiaxa Accident care Policy,18-02-2020,Individual,https://irdai.gov.in/documents/37343/931203/BHAPAIP20130V011920.pdf/1dea7ebe-34d8-83f4-8880-873769e826c1?version=1.1&t=1668511735269&download=true,BHAPAIP20130V011920.pdf,2026-08-20T14:23:13.912425+00:00
BHAHLIP20108V011920,Non-Archived,2019-2020,Bharti Axa General Insuarnce Co Ltd,Bharti Axa Smart Super Health Assure Policy,21-01-2020,Individual,https://irdai.gov.in/documents/37343/931203/BHAHLIP20108V011920_2019-2020.pdf/48ce5480-c994-d5b8-71af-6b773661b95b?version=1.1&t=1668511788705&download=true,BHAHLIP20108V011920_2019-2020.pdf,2026-08-20T14:23:13.912425+00:00
BHAHLIP2014V011920,Non-Archived,2019-2020,Bharti Axa General Insurance Co Ltd,"Arogya Sanjeevani Policy,Bharti Axa General Insurance Co Ltd",18-03-2020,New,https://irdai.gov.in/documents/37343/931203/BHAHLIP2014V011920_2019-2020.pdf/76041573-c868-20cc-0879-dab3d697e982?version=1.1&t=1668511834660&download=true,BHAHLIP2014V011920_2019-2020.pdf,2026-08-20T14:23:13.912425+00:00
BHAHLIP21101V012021,Non-Archived,2020-2021,Bharti Axa General Insurance Co Ltd,"Corona Kavach Policy,Bharti Axa General Insurance Co Ltd",07-10-2020,New,https://irdai.gov.in/documents/37343/931203/BHAHLIP21101V012021_2020-2021.pdf/9b1d865e-c1c9-ae0c-5393-72e39ecad94a?version=1.1&t=1668154834390&download=true,BHAHLIP21101V012021_2020-2021.pdf,2026-08-20T14:23:13.912425+00:00
BHAHLlP20098V011920,Non-Archived,2019-2020,Bharti Axa General Insurance Co ltd,Bharti Axa Smart Super Top Up Policy,27-12-2019,New,https://irdai.gov.in/documents/37343/931203/BHAHLlP20098V011920_2019-2020.pdf/18459d1b-fd73-ab40-cc15-b6ffff2f1a40?version=1.1&t=1668511873275&download=true,BHAHLlP20098V011920_2019-2020.pdf,2026-08-20T14:23:13.912425+00:00
BHAHLGP18131V011718,Non-Archived,2017-2018,Bharti Axa General Insurance Co ltd,Club Foot Insurance (Group),28-03-2018,,https://irdai.gov.in/documents/37343/931203/BAGI_ClubfootInsurance%28Group%29_2017-2018.pdf/ab0ac384-8ba1-bce0-8e91-fdb5933c5691?version=1.1&t=1668422446606&download=true,BAGI_ClubfootInsurance(Group)_2017-2018.pdf,2026-08-20T14:23:13.912425+00:00
BHAHLIP21572V012021,Non-Archived,2020-2021,Bharti Axa General Insurance Co. Ltd.,Health Advantedge,01-04-2021,New,https://irdai.gov.in/documents/37343/931203/BHAHLIP21572V012021_2020-2021.pdf/e91bf930-2886-e8b7-41b7-e0813556cd94?version=1.1&t=1668582832416&download=true,BHAHLIP21572V012021_2020-2021.pdf,2026-08-20T14:23:13.912425+00:00
BHAPAIP21618V012021,Non-Archived,2020-2021,Bharti Axa General Insurance Co. Ltd.,"Saral Suraksha Bima,Bharti AXA, General Insurance Company",30-03-2021,New,https://irdai.gov.in/documents/37343/931203/BHAPAIP21618V012021_2020-2021.pdf/410f4a06-5cc9-89c8-29ef-912bd44a97ac?version=1.1&t=1668582870160&download=true,BHAPAIP21618V012021_2020-2021.pdf,2026-08-20T14:23:13.912425+00:00
BHAPAGP19021V011819,Non-Archived,2018-2019,Bharti Axa General Insurance co ltd,Group Personal Accident,28-05-2018,Group,https://irdai.gov.in/documents/37343/931203/BHAPAGP19021V011819_2018-2019.pdf/0ddf7d93-32ee-2caf-adcd-80e7e5a99692?version=1.1&t=1668496014943&download=true,BHAPAGP19021V011819_2018-2019.pdf,2026-08-20T14:23:13.912425+00:00
IRDA/NL-HLT/CTTK/P-H/V.I/6/14-15,Non-Archived,2014-2015,CIGNA TTK Health Insurance Co. Ltd.,Cigna TTK Global Health Group Policy,28-07-2014,,https://irdai.gov.in/documents/37343/931203/CignaTTK+Global+Health+Group+Policy_2014-2015.pdf/49a492b3-1885-1aaa-b89e-79d286592070?version=1.1&t=1668243257447&download=true,CignaTTK Global Health Group Policy_2014-2015.pdf,2026-08-20T14:23:13.912425+00:00
IRDA/NL-HLT/CTTK/P-H/V.I/28/14-15,Non-Archived,2014-2015,CIGNA TTK Health Insurance Co. Ltd.,Cigna TTK Lifestyle Protection-Accident Care,25-07-2014,,https://irdai.gov.in/documents/37343/931203/Cigna+TTK+Lifestyle+Protection-Accident+Care_2014-2015.pdf/80d9229f-4f7a-03b9-4998-26402d8ba282?version=1.1&t=1668243151258&download=true,Cigna TTK Lifestyle Protection-Accident Care_2014-2015.pdf,2026-08-20T14:23:13.912425+00:00
IRDA/NL-HLT/CTTK/P-H/V.I/5/14-15,Non-Archived,2014-2015,CIGNA TTK Health Insurance Co. Ltd.,Cigna TTK lifestyle Protection-Critical Care,25-07-2014,,https://irdai.gov.in/documents/37343/931203/Cigna+TTK+Lifestyle+Protection-Critical+Care_2014-2015.pdf/98f6e257-e877-702e-8c09-1badfb743d84?version=1.1&t=1668243351641&download=true,Cigna TTK Lifestyle Protection-Critical Care_2014-2015.pdf,2026-08-20T14:23:13.912425+00:00
IRDA/NL-HLT/CTTK/P-H/V-I/390/Add on (CI)/13-14,Non-Archived,2013-2014,CIGNA TTK Health Insurance Company Limited,Cigna TTK Critical Illness - Add On Cover,14-02-2014,,https://irdai.gov.in/documents/37343/931203/CignaTTK+Critical+Illness+-++Add+On+Cover_2013-2014.pdf/999a4bba-cccc-811a-bc77-e145307caa2c?version=1.1&t=1668231170243&download=true,CignaTTK Critical Illness - Add On Cover_2013-2014.pdf,2026-08-20T14:23:13.912425+00:00
IRDA/NL-HLT/CTTK/P-H/V-I/390/13-14,Non-Archived,2013-2014,CIGNA TTK Health Insurance Company Limited,Cigna TTK ProHealth Insurance Policy,14-02-2014,,https://irdai.gov.in/documents/37343/931203/CignaTTK+ProHealth+Insurance+Policy_2013-2014.pdf/1589c27f-ed30-e333-036f-92b3cdff02db?version=1.1&t=1668230805128&download=true,CignaTTK ProHealth Insurance Policy_2013-2014.pdf,2026-08-20T14:23:13.912425+00:00
CTTHLGP18101V021718,Non-Archived,2018-2019,CIGNA TTK Health Insurance Company Limited,CignaTTK Lifestyle Protection Group Policy,22-12-2017,Group,https://irdai.gov.in/documents/37343/931203/CTTHLGP18101V021718_2018-2019.pdf/1ffbeb21-8876-9cad-74ad-05f23f63ebff?version=1.1&t=1668496422348&download=true,CTTHLGP18101V021718_2018-2019.pdf,2026-08-20T14:23:13.912425+00:00
CTTHLIP18045V031819,Non-Archived,2018-2019,CIGNA TTK Health Insurance Company Limited,CignaTTK ProHealth Insurance,27-08-2018,Retail,https://irdai.gov.in/documents/37343/931203/CTTHLIP18045V031819_2018-2019.pdf/84e6d438-951f-eba0-25e1-3ef137c38961?version=1.1&t=1668496539355&download=true,CTTHLIP18045V031819_2018-2019.pdf,2026-08-20T14:23:13.912425+00:00
CHIHLIP22071V012122,Non-Archived,2021-2022,Care Health Insurance Co. Ltd,Care Classic,22-06-2021,Health,https://irdai.gov.in/documents/37343/931203/Care+Classic.pdf/7be83790-6e88-553b-b72b-a21de4930483?version=1.2&t=1668753400254&download=true,Care Classic.pdf,2026-08-20T14:23:13.912425+00:00
CHIPAGP22044V012122,Non-Archived,2021-2022,Care Health Insurance Co. Ltd,Group Saral Suraksha Bima-Care Health Insurance,04-06-2021,Group,https://irdai.gov.in/documents/37343/931203/CHIPAGP22044V012122_HEALTH2004.pdf/ae7420d3-be67-0a51-7600-73c04445568a?version=1.1&t=1668843645557&download=true,CHIPAGP22044V012122_HEALTH2004.pdf,2026-08-20T14:23:13.912425+00:00
CHIHLIP22184V062122,Non-Archived,2021-2022,Care Health Insurance Ltd,Care,25-11-2021,Revision,https://irdai.gov.in/documents/37343/931203/CHIHLIP22184V062122_1.pdf/ca67b15b-236b-a41d-bf95-5c8671592fb0?version=1.0&t=1669358244048&download=true,CHIHLIP22184V062122_1.pdf,2026-08-20T14:23:13.912425+00:00
RHIHLIP21375V022021,Non-Archived,2020-2021,Care Health Insurance Ltd.,Assure,21-09-2020,Revision,https://irdai.gov.in/documents/37343/931203/RHIHLIP21375V022021_2020-2021.pdf/130715a5-5f39-a612-5134-df6dbcf20135?version=1.1&t=1668583820104&download=true,RHIHLIP21375V022021_2020-2021.pdf,2026-08-20T14:23:13.912425+00:00
RHIHLIP21519V022021,Non-Archived,2020-2021,Care Health Insurance Ltd.,Care Freedom,30-09-2020,Revision,https://irdai.gov.in/documents/37343/931203/RHIHLIP21519V022021_2020-2021.pdf/312ebe2a-6229-6754-48bf-bf7aea1c8931?version=1.1&t=1668583902334&download=true,RHIHLIP21519V022021_2020-2021.pdf,2026-08-20T14:23:13.912425+00:00
RHIHLIP21371V022021,Non-Archived,2020-2021,Care Health Insurance Ltd.,Care Heart,21-09-2020,Revision,https://irdai.gov.in/documents/37343/931203/RHIHLIP21371V022021_2020-2021.pdf/844e2185-d4cd-25ae-f2d4-37d72b46bb84?version=1.0&t=1638535876112&download=true,RHIHLIP21371V022021_2020-2021.pdf,2026-08-20T14:23:13.912425+00:00
CHIHLIP22047V012122,Non-Archived,2021-2022,Care Health Insurance Ltd.,Care Plus,10-06-2021,Retail,https://irdai.gov.in/documents/37343/931203/CHIHLIP22047V012122_HEALTH2082.pdf/68d457ef-a927-0d1a-df73-4d9f0999822f?version=1.1&t=1668769091888&download=true,CHIHLIP22047V012122_HEALTH2082.pdf,2026-08-20T14:23:13.912425+00:00
RHIHLIA21168V012021,Non-Archived,2020-2021,Care Health Insurance Ltd.,Care Shield Add-on,24-08-2020,New,https://irdai.gov.in/documents/37343/931203/RHIHLIA21168V012021_2020-2021.pdf/6cc40376-40f1-b4d1-f956-dadb73ef1ea9?version=1.1&t=1668583016796&download=true,RHIHLIA21168V012021_2020-2021.pdf,2026-08-20T14:23:13.912425+00:00
RHIHLIP21073V012021,Non-Archived,2020-2021,Care Health Insurance Ltd.,Covid Care,07-08-2020,New,https://irdai.gov.in/documents/37343/931203/RHIHLIP21073V012021_2020-2021.pdf/84112864-744c-4078-3228-8b48d4cdc42d?version=1.1&t=1668583575350&download=true,RHIHLIP21073V012021_2020-2021.pdf,2026-08-20T14:23:13.912425+00:00
RHIHLIP21407V022021,Non-Archived,2020-2021,Care Health Insurance Ltd.,Domestic Staff Insurance Add-on,23-09-2020,Revision,https://irdai.gov.in/documents/37343/931203/RHIHLIP21407V022021_2020-2021.pdf/0ed97872-f83b-f4c1-9d47-0998047a13ca?version=1.1&t=1668583857162&download=true,RHIHLIP21407V022021_2020-2021.pdf,2026-08-20T14:23:13.912425+00:00
RHIHLIP21372V022021,Non-Archived,2020-2021,Care Health Insurance Ltd.,Enhance,21-09-2020,Revision,https://irdai.gov.in/documents/37343/931203/RHIHLIP21372V022021_2020-2021.pdf/4adcd1b6-1d72-97f3-a2bb-6059bb03454d?version=1.1&t=1668583683312&download=true,RHIHLIP21372V022021_2020-2021.pdf,2026-08-20T14:23:13.912425+00:00
CHITGBA21604V012021,Non-Archived,2020-2021,Care Health Insurance Ltd.,Explore Plus,03-09-2021,Group,https://irdai.gov.in/documents/37343/931203/CHITGBA21604V012021_2020-2021.pdf/73f6b580-58cb-daf8-7ae4-7405bf35304c?version=1.1&t=1668583483822&download=true,CHITGBA21604V012021_2020-2021.pdf,2026-08-20T14:23:13.912425+00:00
RHIHMGP21370V022021,Non-Archived,2020-2021,Care Health Insurance Ltd.,Grameen Care,21-09-2020,Revision,https://irdai.gov.in/documents/37343/931203/RHIHMGP21370V022021_2020-2021.pdf/1b4711a5-aad8-835e-34e9-c34a891e616d?version=1.1&t=1668583946114&download=true,RHIHMGP21370V022021_2020-2021.pdf,2026-08-20T14:23:13.912425+00:00
CHIHMGP22132V012122,Non-Archived,2021-2022,Care Health Insurance Ltd.,Grameen Care Plus - Micro Insurance Product,28-07-2021,Group,https://irdai.gov.in/documents/37343/931203/CHIHMGP22132V012122_HEALTH2083.pdf/b5c15df2-8a5a-5927-10d8-c3d136055139?version=1.1&t=1668769248703&download=true,CHIHMGP22132V012122_HEALTH2083.pdf,2026-08-20T14:23:13.912425+00:00
CHIHLGP21597V012021,Non-Archived,2020-2021,Care Health Insurance Ltd.,Group Arogya Sanjeevani Policy - Care Health Insurance,25-02-2021,Group,https://irdai.gov.in/documents/37343/931203/CHIHLGP21597V012021_2020-2021.pdf/fe734a8f-b097-8f46-a4db-87a4d907083a?version=1.1&t=1668582916039&download=true,CHIHLGP21597V012021_2020-2021.pdf,2026-08-20T14:23:13.912425+00:00
RHIHLGP21404V022021,Non-Archived,2020-2021,Care Health Insurance Ltd.,Group Care,23-09-2020,Revision,https://irdai.gov.in/documents/37343/931203/RHIHLGP21404V022021_2020-2021.pdf/57c32247-61ee-c207-df05-9188c0bcb196?version=1.1&t=1668583377035&download=true,RHIHLGP21404V022021_2020-2021.pdf,2026-08-20T14:23:13.912425+00:00
RHIHLGP21405V032021,Non-Archived,2020-2021,Care Health Insurance Ltd.,Group Credit Protection,23-09-2020,Revision,https://irdai.gov.in/documents/37343/931203/RHIHLGP21405V032021_2020-2021.pdf/89451b0d-68b2-ade2-0837-24406688707f?version=1.1&t=1668583143055&download=true,RHIHLGP21405V032021_2020-2021.pdf,2026-08-20T14:23:13.912425+00:00
RHIHLGP21406V032021,Non-Archived,2020-2021,Care Health Insurance Ltd.,Group Global Care,23-09-2020,Revision,https://irdai.gov.in/documents/37343/931203/RHIHLGP21406V032021_2020-2021.pdf/5b2d9a80-5a69-11ba-524e-cb079ca95f0e?version=1.1&t=1668583066863&download=true,RHIHLGP21406V032021_2020-2021.pdf,2026-08-20T14:23:13.912425+00:00
RHIHLIP21373V022021,Non-Archived,2020-2021,Care Health Insurance Ltd.,Joy,21-09-2020,Revision,https://irdai.gov.in/documents/37343/931203/RHIHLIP21373V022021_2020-2021.pdf/52a184e7-15c7-0273-b024-c75f14645449?version=1.1&t=1668583726468&download=true,RHIHLIP21373V022021_2020-2021.pdf,2026-08-20T14:23:13.912425+00:00
CHIPAIP21610V012021,Non-Archived,2020-2021,Care Health Insurance Ltd.,"Saral Suraksha Bima, Care Health Insurance",25-03-2021,New,https://irdai.gov.in/documents/37343/931203/CHIPAIP21610V012021_2020-2021.pdf/65534807-4593-ccb8-9992-8d41e5e6974f?version=1.1&t=1668582962132&download=true,CHIPAIP21610V012021_2020-2021.pdf,2026-08-20T14:23:13.912425+00:00
CHIHLIP22223V012122,Non-Archived,2021-2022,Care Health Insurance Ltd.,Senior Health Advantage,08-03-2022,Individual,https://irdai.gov.in/documents/37343/931203/CHIHLIP22223V012122.pdf/dd8d4003-cce1-3f32-6c76-17cf1642087b?version=1.1&t=1668853983684&download=true,CHIHLIP22223V012122.pdf,2026-08-20T14:23:13.912425+00:00
RHIHLIP21374V022021,Non-Archived,2020-2021,Care Health Insurance Ltd.,Super Mediclaim,21-09-2020,Revision,https://irdai.gov.in/documents/37343/931203/RHIHLIP21374V022021_2020-2021.pdf/4fd9668d-f0b5-ff3b-00f2-fcba1920b004?version=1.1&t=1668583776275&download=true,RHIHLIP21374V022021_2020-2021.pdf,2026-08-20T14:23:13.912425+00:00
CHOHLIP19040V021819,Non-Archived,2018-2019,Chola MS General Insurance Co,Chola Classic Health Individual,31-07-2018,Retail,https://irdai.gov.in/documents/37343/931203/CHOHLIP19040V021819_2018-2019.pdf/d40432e5-05d7-fc50-22a2-ea20b384fce9?version=1.1&t=1668496058275&download=true,CHOHLIP19040V021819_2018-2019.pdf,2026-08-20T14:23:13.912425+00:00
CHOHLGP19088V011819,Non-Archived,2018-2019,Chola MS General Insurance Co,Chola Credit Link Group Hospital Cash Insurance,26-11-2018,Group,https://irdai.gov.in/documents/37343/931203/CHOHLGP19088V011819_2018-2019.pdf/d95d0559-d508-56c5-1f74-e4f9b4e28ffc?version=1.1&t=1668496304066&download=true,CHOHLGP19088V011819_2018-2019.pdf,2026-08-20T14:23:13.912425+00:00
CHOHLIP20153V011920,Non-Archived,2019-2020,Chola MS General Insurance Co Ltd,"ArogyaSanjeevani Policy,Chola MS",24-03-2020,New,https://irdai.gov.in/documents/37343/931203/CHOHLIP20153V011920_2019-2020.pdf/5e80e5c4-575f-6282-a903-41f8484985d3?version=1.1&t=1668511919383&download=true,CHOHLIP20153V011920_2019-2020.pdf,2026-08-20T14:23:13.912425+00:00
CHOHLIP21065V012021,Non-Archived,2020-2021,Chola MS General Insurance Co Ltd,"Corona Kavach Policy,Chola MS",07-09-2020,New,https://irdai.gov.in/documents/37343/931203/CHOHLIP21065V012021_2020-2021.pdf/9a96ef0f-27e4-0b78-be97-2d8ba18daea5?version=1.1&t=1668154773514&download=true,CHOHLIP21065V012021_2020-2021.pdf,2026-08-20T14:23:13.912425+00:00
IRDAI/HLT/CHSGI/P-P(G)/V.I/35/2016-17,Non-Archived,2016-2017,Chola MS General Insurance Co ltd,Chola Comprehensive Group Personal Accident Policy,24-11-2016,Group,https://irdai.gov.in/documents/37343/931203/Chola_CholaComprehensiveGroupPersonalAccidentPolicy_2016-2017.pdf/cb133ee8-840d-ef48-a541-a1106f6939f8?version=1.1&t=1668416266422&download=true,Chola_CholaComprehensiveGroupPersonalAccidentPolicy_2016-2017.pdf,2026-08-20T14:23:13.912425+00:00
IRDAI/HLT/CHSGI/P-T/V.I/66/2016-17,Non-Archived,2016-2017,Chola MS General Insurance Co ltd,Chola Comprehensive Travel Insurance Policy,09-03-2017,Retail,https://irdai.gov.in/documents/37343/931203/Chola_CholaComprehensiveTravelInsurancePolicy_2016-2017.pdf/0f9e9b10-b0c2-f71f-8a2d-5b6eb2be4857?version=1.1&t=1668416584306&download=true,Chola_CholaComprehensiveTravelInsurancePolicy_2016-2017.pdf,2026-08-20T14:23:13.912425+00:00
IRDAI/HLT/CHSGI/P-H(G)/V.I/64/2016-17,Non-Archived,2016-2017,Chola MS General Insurance Co ltd,Chola Credit Linked Premium Critical Illness Insurance Policy,27-02-2017,Group,https://irdai.gov.in/documents/37343/931203/Chola_CholaCreditLinkedPremiumCriticalIllnessInsurancePolicy_2016-2017.pdf/721f94a8-3e02-1566-ac45-537b9e7a9946?version=1.1&t=1668416494398&download=true,Chola_CholaCreditLinkedPremiumCriticalIllnessInsurancePolicy_2016-2017.pdf,2026-08-20T14:23:13.912425+00:00
IRDAI/HLT/CHSGI/P-H(G)/V.I/5/2017-18,Non-Archived,2017-2018,Chola MS General Insurance Co ltd,Chola Group Cancer Care Insurance Policy,29-05-2017,,https://irdai.gov.in/documents/37343/931203/CholaCholaGroupCancerCareInsurancePolicy_2017-2018.pdf/8de7c78b-890d-c986-5ce1-dacd24c6d714?version=1.1&t=1668422556982&download=true,CholaCholaGroupCancerCareInsurancePolicy_2017-2018.pdf,2026-08-20T14:23:13.912425+00:00
IRDAI/HLT/CHSGI/P-H(G)/V.I/38/2016-17,Non-Archived,2016-2017,Chola MS General Insurance Co ltd,Chola Group Credit Linked Cancer Care Insurance,14-12-2016,Group,https://irdai.gov.in/documents/37343/931203/Chola_CholaGroupCreditLinkedCancerCareInsurance_2016-2017.pdf/8d5c7cb9-d961-be16-00d8-f40dcfd64ab9?version=1.1&t=1668416445885&download=true,Chola_CholaGroupCreditLinkedCancerCareInsurance_2016-2017.pdf,2026-08-20T14:23:13.912425+00:00
IRDAI/HLT/CHSGI/P-H(G)/V.I/34/2016-17,Non-Archived,2016-2017,Chola MS General Insurance Co ltd,Chola Group Credit linked Critical Illness Insurance Policy,24-11-2016,Group,https://irdai.gov.in/documents/37343/931203/Chola_CholaGroupCreditLinkedCriticalIllnessInsurancePolicy_2016-2017.pdf/23368da5-be38-1521-3e8e-8f8af89303fa?version=1.1&t=1668416194223&download=true,Chola_CholaGroupCreditLinkedCriticalIllnessInsurancePolicy_2016-2017.pdf,2026-08-20T14:23:13.912425+00:00
IRDAI/HLT/CHSGI/P-H(G)/V.I/4/2017-18,Non-Archived,2017-2018,Chola MS General Insurance Co ltd,Chola Group Critical Illness Insurance policy,16-05-2017,,https://irdai.gov.in/documents/37343/931203/Chola_CholaGroupCritical-IllnessInsurancePolicy_2017-2018.pdf/2ca016e1-5120-4c41-7c5c-d6acffd34bf9?version=1.1&t=1668422484689&download=true,Chola_CholaGroupCritical-IllnessInsurancePolicy_2017-2018.pdf,2026-08-20T14:23:13.912425+00:00
IRDAI/HLT/CHSGI/P-H(G)/V.I/68/2016-17,Non-Archived,2016-2017,Chola MS General Insurance Co ltd,Chola Group Hospital Cash Health Insurance Policy,16-03-2017,Group,https://irdai.gov.in/documents/37343/931203/Chola_CholaGroupHospitalCashHealthInsurancePolicy_2016-2017.pdf/a09942d8-8352-8232-3421-5c9456084175?version=1.1&t=1668416653395&download=true,Chola_CholaGroupHospitalCashHealthInsurancePolicy_2016-2017.pdf,2026-08-20T14:23:13.912425+00:00
IRDAI/HLT/CNHGI/P-H/V.II/51/2016-17,Non-Archived,2016-2017,Chola MS General Insurance Co ltd,Chola Health Line,13-12-2016,Retail,https://irdai.gov.in/documents/37343/931203/Chola_CholaHealthline_2016-2017.pdf/8f11db23-24c8-11f2-1a6a-d7e32f891ce7?version=1.1&t=1668416325415&download=true,Chola_CholaHealthline_2016-2017.pdf,2026-08-20T14:23:13.912425+00:00
IRDAI/HLT/CHSGI/P-H/V.I/71/2016-17,Non-Archived,2016-2017,Chola MS General Insurance Co ltd,Chola Super Top up Insurance,30-03-2017,Retail,https://irdai.gov.in/documents/37343/931203/Chola_CholaSuperTopupInsurance_2016-2017.pdf/84401e48-8cba-5adf-5119-e03279e98dd5?version=1.1&t=1668416692503&download=true,Chola_CholaSuperTopupInsurance_2016-2017.pdf,2026-08-20T14:23:13.912425+00:00
CHOHLIP20107V011920,Non-Archived,2019-2020,Chola MS General Insurance Co.Ltd,Flexi Health,20-01-2020,Individual,https://irdai.gov.in/documents/37343/931203/CHOHLIP20107V011920_2019-2020.pdf/635b9057-8f43-e796-d8b3-e1dabb0af722?version=1.1&t=1668511963526&download=true,CHOHLIP20107V011920_2019-2020.pdf,2026-08-20T14:23:13.912425+00:00
CHOHLIP22225V012122,Non-Archived,2021-2022,Cholamanandlam MS GI Co. Ltd,Chola Flexi Health Supreme,01-04-2021,Individual,https://irdai.gov.in/documents/37343/931203/CHOHLIP22225V012122.pdf/62c2161e-c111-92c1-e5d1-9ff3d7a85eb7?version=1.1&t=1668854097888&download=true,CHOHLIP22225V012122.pdf,2026-08-20T14:23:13.912425+00:00
CHOHLIA22201V012122,Non-Archived,2021-2022,Cholamanandlam MS GI Co. Ltd,Home Care Treatment (Retail),01-02-2022,Add On,https://irdai.gov.in/documents/37343/931203/CHOHLIA22201V012122.pdf/7f3a8eb4-dabb-677e-a0a7-287058bace2d?version=1.1&t=1668854042432&download=true,CHOHLIA22201V012122.pdf,2026-08-20T14:23:13.912425+00:00
CHOHLGP22160V012122,Non-Archived,2021-2022,Cholamandalam MS General,Chola Group Top Up Protect,21-09-2021,Group,https://irdai.gov.in/documents/37343/931203/CHOHLGP22160V012122_HEALTH2084.pdf/2793239a-444f-a3c6-a315-7f092d798bb2?version=1.1&t=1668769284229&download=true,CHOHLGP22160V012122_HEALTH2084.pdf,2026-08-20T14:23:13.912425+00:00
CHOHLIP21017V012122,Non-Archived,2021-2022,Cholamandalam MS General Insurance Co. Ltd,Flexi Max Protect,13-05-2021,Individual,https://irdai.gov.in/documents/37343/931203/CHOHLIP21017V012122_HEALTH2006.pdf/667395b6-8bf5-65bc-f45b-bf59fe960317?version=1.1&t=1668844552790&download=true,CHOHLIP21017V012122_HEALTH2006.pdf,2026-08-20T14:23:13.912425+00:00
CHOHLGP21310V022021,Non-Archived,2020-2021,Cholamandalam MS General Insurance Co. Ltd.,Baroda Swasthya Parivar,18-09-2020,Revision,https://irdai.gov.in/documents/37343/931203/CHOHLGP21310V022021_2020-2021.pdf/0bea2ed5-4995-7b51-45be-38437fa4ff2a?version=1.1&t=1668584448734&download=true,CHOHLGP21310V022021_2020-2021.pdf,2026-08-20T14:23:13.912425+00:00
CHOHLGP21289V012021,Non-Archived,2020-2021,Cholamandalam MS General Insurance Co. Ltd.,CHOLA CRITICARE,18-09-2020,Group,https://irdai.gov.in/documents/37343/931203/CHOHLGP21289V012021_2020-2021.pdf/2981e4b9-4b71-1b9d-f455-52e0f9ef8d1c?version=1.1&t=1668584380026&download=true,CHOHLGP21289V012021_2020-2021.pdf,2026-08-20T14:23:13.912425+00:00
CHOPAIP21418V022021,Non-Archived,2020-2021,Cholamandalam MS General Insurance Co. Ltd.,Chola Accident Protection,24-09-2020,Revision,https://irdai.gov.in/documents/37343/931203/CHOPAIP21418V022021_2020-2021.pdf/321e8516-3980-095e-dda1-6c766b8fd655?version=1.1&t=1668575540151&download=true,CHOPAIP21418V022021_2020-2021.pdf,2026-08-20T14:23:13.912425+00:00
CHOHLIP21297V022021,Non-Archived,2020-2021,Cholamandalam MS General Insurance Co. Ltd.,Chola Arogya Bima Health Insurance,18-09-2020,Revision,https://irdai.gov.in/documents/37343/931203/CHOHLIP21297V022021_2020-2021.pdf/1af36ad3-3acf-9505-e516-f31e941f24ef?version=1.1&t=1668584836601&download=true,CHOHLIP21297V022021_2020-2021.pdf,2026-08-20T14:23:13.912425+00:00
CHOHLIP21298V022021,Non-Archived,2020-2021,Cholamandalam MS General Insurance Co. Ltd.,Chola Classic Health Family Floater,18-09-2020,Revision,https://irdai.gov.in/documents/37343/931203/CHOHLIP21298V022021_2020-2021.pdf/967c5a4a-4ef9-15f4-7b0d-853fed43eaae?version=1.1&t=1668584926554&download=true,CHOHLIP21298V022021_2020-2021.pdf,2026-08-20T14:23:13.912425+00:00
CHOHLIP21299V032021,Non-Archived,2020-2021,Cholamandalam MS General Insurance Co. Ltd.,Chola Classic Health Individual,18-09-2020,Revision,https://irdai.gov.in/documents/37343/931203/CHOHLIP21299V032021_2020-2021.pdf/01625849-444c-5771-dfc7-cbaebbe8d37d?version=1.1&t=1668584964850&download=true,CHOHLIP21299V032021_2020-2021.pdf,2026-08-20T14:23:13.912425+00:00
CHOPAGP21424V022021,Non-Archived,2020-2021,Cholamandalam MS General Insurance Co. Ltd.,Chola Comprehensive Group Personal Accident Policy,24-09-2020,Revision,https://irdai.gov.in/documents/37343/931203/CHOPAGP21424V022021_2020-2021.pdf/dcf7c3a7-7ad5-2c63-9a59-abd635585aef?version=1.1&t=1668575492523&download=true,CHOPAGP21424V022021_2020-2021.pdf,2026-08-20T14:23:13.912425+00:00
CHOHLGP21430V022021,Non-Archived,2020-2021,Cholamandalam MS General Insurance Co. Ltd.,Chola Credit Link Group Hospital Cash Insurance,24-09-2020,Revision,https://irdai.gov.in/documents/37343/931203/CHOHLGP21430V022021_2020-2021.pdf/bf75839d-27fd-02ab-85df-67b1df96d939?version=1.1&t=1668584779647&download=true,CHOHLGP21430V022021_2020-2021.pdf,2026-08-20T14:23:13.912425+00:00
CHOHLGP21426V022021,Non-Archived,2020-2021,Cholamandalam MS General Insurance Co. Ltd.,Chola Credit Linked Premium Critical Illness Insurance Policy,24-09-2020,Revision,https://irdai.gov.in/documents/37343/931203/CHOHLGP21426V022021_2020-2021.pdf/507766f1-47e9-a145-f2ab-2c4ca2038def?version=1.1&t=1668584651042&download=true,CHOHLGP21426V022021_2020-2021.pdf,2026-08-20T14:23:13.912425+00:00
CHOHLIP21561V012021,Non-Archived,2020-2021,Cholamandalam MS General Insurance Co. Ltd.,Chola Flexi Super TopUp Insurance,15-12-2020,New,https://irdai.gov.in/documents/37343/931203/CHOHLIP21561V012021_2020-2021.pdf/cace22d1-c5c7-fc4c-3f58-6d80a024512d?version=1.1&t=1668584072276&download=true,CHOHLIP21561V012021_2020-2021.pdf,2026-08-20T14:23:13.912425+00:00
CHOHLGP21429V022021,Non-Archived,2020-2021,Cholamandalam MS General Insurance Co. Ltd.,Chola Group Cancer Care Insurance Policy,24-09-2020,Revision,https://irdai.gov.in/documents/37343/931203/CHOHLGP21429V022021_2020-2021.pdf/4a2ca92a-d2a5-6789-82a8-cdb206aa8cb3?version=1.1&t=1668584743522&download=true,CHOHLGP21429V022021_2020-2021.pdf,2026-08-20T14:23:13.912425+00:00
CHOHLGP21425V022021,Non-Archived,2020-2021,Cholamandalam MS General Insurance Co. Ltd.,Chola Group Credit Linked Cancer Care Insurance,24-09-2020,Revision,https://irdai.gov.in/documents/37343/931203/CHOHLGP21425V022021_2020-2021.pdf/19a4ee6a-b622-cdbf-1702-17b513b40663?version=1.1&t=1668584618393&download=true,CHOHLGP21425V022021_2020-2021.pdf,2026-08-20T14:23:13.912425+00:00
CHOHLGP21423V022021,Non-Archived,2020-2021,Cholamandalam MS General Insurance Co. Ltd.,Chola Group Credit Linked Critical Illness Insurance Policy,24-09-2020,Revision,https://irdai.gov.in/documents/37343/931203/CHOHLGP21423V022021_2020-2021.pdf/7b08b504-9fea-5442-03f6-d21187b8d9e7?version=1.1&t=1668584576964&download=true,CHOHLGP21423V022021_2020-2021.pdf,2026-08-20T14:23:13.912425+00:00
CHOHLGP21428V022021,Non-Archived,2020-2021,Cholamandalam MS General Insurance Co. Ltd.,Chola Group Critical Illness Insurance Policy,24-09-2020,Revision,https://irdai.gov.in/documents/37343/931203/CHOHLGP21428V022021_2020-2021.pdf/87452490-8288-3346-ba05-4e3e9cb081bb?version=1.1&t=1668584711294&download=true,CHOHLGP21428V022021_2020-2021.pdf,2026-08-20T14:23:13.912425+00:00
CHOHLGP22183V012122,Non-Archived,2021-2022,Cholamandalam MS General Insurance Co. Ltd.,Chola Group EMI Protect,22-11-2021,Health,https://irdai.gov.in/documents/37343/931203/Chola+Group+EMI+Protect.pdf/26071074-5458-1afa-b622-a7fe40f4d5e3?version=1.1&t=1668753707689&download=true,Chola Group EMI Protect.pdf,2026-08-20T14:23:13.912425+00:00
CHOHLGP21427V022021,Non-Archived,2020-2021,Cholamandalam MS General Insurance Co. Ltd.,Chola Group Hospital Cash Health Insurance Policy,24-09-2020,Revision,https://irdai.gov.in/documents/37343/931203/CHOHLGP21427V022021_2020-2021.pdf/dd13da1e-2a55-01f4-e4fd-8d85337cb2ea?version=1.1&t=1668584680996&download=true,CHOHLGP21427V022021_2020-2021.pdf,2026-08-20T14:23:13.912425+00:00
CHOHLGP21312V022021,Non-Archived,2020-2021,Cholamandalam MS General Insurance Co. Ltd.,Chola Group Super Topup Insurance,18-09-2020,Revision,https://irdai.gov.in/documents/37343/931203/CHOHLGP21312V022021_2020-2021.pdf/e7e3c88b-ff4e-0ea0-2056-be25a5fc95d7?version=1.1&t=1668584510329&download=true,CHOHLGP21312V022021_2020-2021.pdf,2026-08-20T14:23:13.912425+00:00
CHOHLIP21300V032021,Non-Archived,2020-2021,Cholamandalam MS General Insurance Co. Ltd.,Chola Healthline,18-09-2020,Revision,https://irdai.gov.in/documents/37343/931203/CHOHLIP21300V032021_2020-2021.pdf/eeb5813f-fe84-5550-ba72-1c9722697947?version=1.1&t=1668584998573&download=true,CHOHLIP21300V032021_2020-2021.pdf,2026-08-20T14:23:13.912425+00:00
CHOHLIP21301V022021,Non-Archived,2020-2021,Cholamandalam MS General Insurance Co. Ltd.,Chola Hospital Cash Healthline (Revision),18-09-2020,Revision,https://irdai.gov.in/documents/37343/931203/CHOHLIP21301V022021_2020-2021.pdf/aedaa744-847d-39e4-8d56-96cf0f96ae64?version=1.1&t=1668585033224&download=true,CHOHLIP21301V022021_2020-2021.pdf,2026-08-20T14:23:13.912425+00:00
CHOHLGP21416V022021,Non-Archived,2020-2021,Cholamandalam MS General Insurance Co. Ltd.,Chola Income Shield Insurance (Group),24-09-2020,Revision,https://irdai.gov.in/documents/37343/931203/CHOHLGP21416V022021_2020-2021.pdf/95a0d90f-d7f8-f051-2eb8-f2b92406dd96?version=1.1&t=1668584548621&download=true,CHOHLGP21416V022021_2020-2021.pdf,2026-08-20T14:23:13.912425+00:00
CHOHLGP21004V012021,Non-Archived,2020-2021,Cholamandalam MS General Insurance Co. Ltd.,Chola MS COVID-19 Cover-Group,04-10-2020,Group,https://irdai.gov.in/documents/37343/931203/CHOHLGP21004V012021_2020-2021.pdf/fb0e8e40-e85c-2a3e-2b34-b0600a60815c?version=1.1&t=1668584004130&download=true,CHOHLGP21004V012021_2020-2021.pdf,2026-08-20T14:23:13.912425+00:00
CHOHLIP21302V022021,Non-Archived,2020-2021,Cholamandalam MS General Insurance Co. Ltd.,Chola MS Critical Healthline Insurance,18-09-2020,Revision,https://irdai.gov.in/documents/37343/931203/CHOHLIP21302V022021_2020-2021.pdf/9b280344-6ebc-546f-612e-38f4b25b21b4?version=1.1&t=1668585070630&download=true,CHOHLIP21302V022021_2020-2021.pdf,2026-08-20T14:23:13.912425+00:00
CHOHLIP21303V022021,Non-Archived,2020-2021,Cholamandalam MS General Insurance Co. Ltd.,Chola MS Family Healthline Insurance Policy,18-09-2020,Revision,https://irdai.gov.in/documents/37343/931203/CHOHLIP21303V022021_2020-2021.pdf/5788de95-acef-cac7-656e-5be53bd1de89?version=1.1&t=1668585104666&download=true,CHOHLIP21303V022021_2020-2021.pdf,2026-08-20T14:23:13.912425+00:00
CHOHLGP22025V012122,Non-Archived,2021-2022,Cholamandalam MS General Insurance Co. Ltd.,Chola Mashak (Mosquito) Rakshak-Group,28-05-2021,Group,https://irdai.gov.in/documents/37343/931203/CHOHLGP22025V012122_HEALTH2005.pdf/9cf74078-9eac-a622-0378-4d95e649aa21?version=1.1&t=1668844482447&download=true,CHOHLGP22025V012122_HEALTH2005.pdf,2026-08-20T14:23:13.912425+00:00
CHOHLIP21571V012021,Non-Archived,2020-2021,Cholamandalam MS General Insurance Co. Ltd.,Chola Sarva Shakti Policy,01-04-2021,New,https://irdai.gov.in/documents/37343/931203/CHOHLIP21571V012021_2020-2021.pdf/0eaa0346-7b6e-d6f1-be6e-fc9833c1c1b5?version=1.1&t=1668584130520&download=true,CHOHLIP21571V012021_2020-2021.pdf,2026-08-20T14:23:13.912425+00:00
CHOHLIP21309V022021,Non-Archived,2020-2021,Cholamandalam MS General Insurance Co. Ltd.,Chola Super Topup Insurance,18-09-2020,Revision,https://irdai.gov.in/documents/37343/931203/CHOHLIP21309V022021_2020-2021.pdf/fcf6073e-ef61-c1ff-8152-585e3d1a29b1?version=1.1&t=1668575125687&download=true,CHOHLIP21309V022021_2020-2021.pdf,2026-08-20T14:23:13.912425+00:00
CHOHLIP21304V022021,Non-Archived,2020-2021,Cholamandalam MS General Insurance Co. Ltd.,Chola Swasth Parivar Insurance,18-09-2020,Revision,https://irdai.gov.in/documents/37343/931203/CHOHLIP21304V022021_2020-2021.pdf/868c95a8-0192-c430-7425-b7beb285bfaa?version=1.1&t=1668585150339&download=true,CHOHLIP21304V022021_2020-2021.pdf,2026-08-20T14:23:13.912425+00:00
CHOHLIP21305V022021,Non-Archived,2020-2021,Cholamandalam MS General Insurance Co. Ltd.,Chola Tax plus Healthline,18-09-2020,Revision,https://irdai.gov.in/documents/37343/931203/CHOHLIP21305V022021_2020-2021.pdf/e656179e-3b64-5d1c-1153-8bb63a961cda?version=1.1&t=1668574581755&download=true,CHOHLIP21305V022021_2020-2021.pdf,2026-08-20T14:23:13.912425+00:00
CHOHLIP21306V022021,Non-Archived,2020-2021,Cholamandalam MS General Insurance Co. Ltd.,Chola Top up Healthline,18-09-2020,Revision,https://irdai.gov.in/documents/37343/931203/CHOHLIP21306V022021_2020-2021.pdf/61678793-6532-d19d-6d33-51b15cb7f9d8?version=1.1&t=1668574985972&download=true,CHOHLIP21306V022021_2020-2021.pdf,2026-08-20T14:23:13.912425+00:00
CHOHLTGP21033V012021,Non-Archived,2020-2021,Cholamandalam MS General Insurance Co. Ltd.,Chola Vector Borne Diseases Insurance (Group),19-05-2020,Group,https://irdai.gov.in/documents/37343/931203/CHOHLTGP21033V012021_2020-2021.pdf/ad669506-a465-d659-6fa3-fd33e670d65f?version=1.1&t=1668584166119&download=true,CHOHLTGP21033V012021_2020-2021.pdf,2026-08-20T14:23:13.912425+00:00
CHOHLGP21138V012021,Non-Archived,2020-2021,Cholamandalam MS General Insurance Co. Ltd.,"Corona Kavach Policy (Group), Chola",08-05-2020,Group,https://irdai.gov.in/documents/37343/931203/CHOHLGP21138V012021_2020-2021.pdf/bbf75be0-46bc-486b-9f28-e21ccb336b73?version=1.1&t=1668584336631&download=true,CHOHLGP21138V012021_2020-2021.pdf,2026-08-20T14:23:13.912425+00:00
CHOHLIP21068V012021,Non-Archived,2020-2021,Cholamandalam MS General Insurance Co. Ltd.,"Corona Rakshak Policy, Chola",07-06-2020,Individual,https://irdai.gov.in/documents/37343/931203/CHOHLIP21068V012021_2020-2021.pdf/7a5f6670-cc10-f73e-173b-d6bbda3eaa67?version=1.1&t=1668584806849&download=true,CHOHLIP21068V012021_2020-2021.pdf,2026-08-20T14:23:13.912425+00:00
CHOHLGP21550V012021,Non-Archived,2020-2021,Cholamandalam MS General Insurance Co. Ltd.,"Corora Rakshak (Group), Chola",11-06-2020,New,https://irdai.gov.in/documents/37343/931203/CHOHLGP21550V012021_2020-2021.pdf/c8d7fa44-4dc8-d6b1-9ee5-898d82b21d68?version=1.1&t=1668584040834&download=true,CHOHLGP21550V012021_2020-2021.pdf,2026-08-20T14:23:13.912425+00:00
CHOTIDP21417V022021,Non-Archived,2020-2021,Cholamandalam MS General Insurance Co. Ltd.,Domestic Travel Insurance Policy,24-09-2020,Revision,https://irdai.gov.in/documents/37343/931203/CHOTIDP21417V022021_2020-2021.pdf/f01f318b-3bdf-037d-8dc4-b60117021bd8?version=1.1&t=1668575849441&download=true,CHOTIDP21417V022021_2020-2021.pdf,2026-08-20T14:23:13.912425+00:00
CHOHLGP21311V022021,Non-Archived,2020-2021,Cholamandalam MS General Insurance Co. Ltd.,Flexi Health,18-09-2020,Revision,https://irdai.gov.in/documents/37343/931203/CHOHLGP21311V022021_2020-2021.pdf/e25d62f6-c23d-861c-0ca5-8ea1f30f4476?version=1.1&t=1668584481488&download=true,CHOHLGP21311V022021_2020-2021.pdf,2026-08-20T14:23:13.912425+00:00
CHOHLGP21132V012021,Non-Archived,2020-2021,Cholamandalam MS General Insurance Co. Ltd.,Flexi Plus,30-07-2020,Group,https://irdai.gov.in/documents/37343/931203/CHOHLGP21132V012021_2020-2021.pdf/5ca8fb73-a476-04f4-1fab-0bc515f66daf?version=1.1&t=1668584299397&download=true,CHOHLGP21132V012021_2020-2021.pdf,2026-08-20T14:23:13.912425+00:00
CHOHLGP21307V022021,Non-Archived,2020-2021,Cholamandalam MS General Insurance Co. Ltd.,Group Health Insurance,18-09-2020,Revision,https://irdai.gov.in/documents/37343/931203/CHOHLGP21307V022021_2020-2021.pdf/0bf3006a-65bb-b329-713f-075d3a37bb36?version=1.1&t=1668584415458&download=true,CHOHLGP21307V022021_2020-2021.pdf,2026-08-20T14:23:13.912425+00:00
CHOTGOP20028V012021,Non-Archived,2020-2021,Cholamandalam MS General Insurance Co. Ltd.,Group Overseas Travel Insurance,14-05-2020,New,https://irdai.gov.in/documents/37343/931203/CHOTGOP20028V012021_2020-2021.pdf/72d83841-6675-c498-9e37-c7750f1ee509?version=1.1&t=1668584264433&download=true,CHOTGOP20028V012021_2020-2021.pdf,2026-08-20T14:23:13.912425+00:00
CHOPAGP21420V022021,Non-Archived,2020-2021,Cholamandalam MS General Insurance Co. Ltd.,Group Personal Accident Insurance Policy,24-09-2020,Revision,https://irdai.gov.in/documents/37343/931203/CHOPAGP21420V022021_2020-2021.pdf/62cdda88-da32-f5ac-2ac0-57ba6c7ee9b0?version=1.1&t=1668575384621&download=true,CHOPAGP21420V022021_2020-2021.pdf,2026-08-20T14:23:13.912425+00:00
CHOHLGA22186V012122,Non-Archived,2021-2022,Cholamandalam MS General Insurance Co. Ltd.,Home Care Treatment,30-11-2021,Health,https://irdai.gov.in/documents/37343/931203/Home+Care+Treatment.pdf/4aa44fe5-b9bf-4668-4302-7afa1ad3ac27?version=1.1&t=1668923300238&download=true,Home Care Treatment.pdf,2026-08-20T14:23:13.912425+00:00
CHOHLIP21308V022021,Non-Archived,2020-2021,Cholamandalam MS General Insurance Co. Ltd.,Individual Healthline Insurance,18-09-2020,Revision,https://irdai.gov.in/documents/37343/931203/CHOHLIP21308V022021_2020-2021.pdf/f346a53f-bb7c-2293-bf92-8ed68d0e5258?version=1.1&t=1668575054607&download=true,CHOHLIP21308V022021_2020-2021.pdf,2026-08-20T14:23:13.912425+00:00
CHOPAIP21419V022021,Non-Archived,2020-2021,Cholamandalam MS General Insurance Co. Ltd.,Individual Personal Accident Insurance,24-09-2020,Revision,https://irdai.gov.in/documents/37343/931203/CHOPAIP21419V022021_2020-2021.pdf/33a950d3-f179-e0a5-699e-138e3069f506?version=1.1&t=1668575625119&download=true,CHOPAIP21419V022021_2020-2021.pdf,2026-08-20T14:23:13.912425+00:00
CHOPAGP21356V012021,Non-Archived,2020-2021,Cholamandalam MS General Insurance Co. Ltd.,Janata Personal Accident Insurance Policy,21-09-2020,Group,https://irdai.gov.in/documents/37343/931203/CHOPAGP21356V012021_2020-2021.pdf/6fb708d3-f1fe-bcb6-43ed-7ee7d6e2e093?version=1.1&t=1668575262820&download=true,CHOPAGP21356V012021_2020-2021.pdf,2026-08-20T14:23:13.912425+00:00
CHOPAGP21421V022021,Non-Archived,2020-2021,Cholamandalam MS General Insurance Co. Ltd.,Janata Personal Accident Policy (For Group),24-09-2020,Revision,https://irdai.gov.in/documents/37343/931203/CHOPAGP21421V022021_2020-2021.pdf/edeccbfb-ad84-e4a6-5956-3c8aeadcf799?version=1.1&t=1668575438094&download=true,CHOPAGP21421V022021_2020-2021.pdf,2026-08-20T14:23:13.912425+00:00
CHOPAIP21422V022021,Non-Archived,2020-2021,Cholamandalam MS General Insurance Co. Ltd.,Micro Insurance Personal Accident,24-09-2020,Revision,https://irdai.gov.in/documents/37343/931203/CHOPAIP21422V022021_2020-2021.pdf/f9426df7-54c6-864f-8f85-ff75269e107e?version=1.1&t=1668575721425&download=true,CHOPAIP21422V022021_2020-2021.pdf,2026-08-20T14:23:13.912425+00:00
CHOPAIP21612V012021,Non-Archived,2020-2021,Cholamandalam MS General Insurance Co. Ltd.,"Saral Suraksha Bima, Chola",26-03-2021,New,https://irdai.gov.in/documents/37343/931203/CHOPAIP21612V012021_2020-2021.pdf/06dcf0d1-3a97-26c1-fbe6-c7fcf8c48699?version=1.1&t=1668584202788&download=true,CHOPAIP21612V012021_2020-2021.pdf,2026-08-20T14:23:13.912425+00:00
CHOPAGP22042V012122,Non-Archived,2021-2022,Cholamandalam MS General Insurance Co. Ltd.,"Saral Suraksha Bima-Group, chola",02-06-2021,Group,https://irdai.gov.in/documents/37343/931203/CHOPAGP22042V012122_HEALTH2007.pdf/fd15a35e-4a57-9bd1-8730-51c93e66abf5?version=1.1&t=1668844612658&download=true,CHOPAGP22042V012122_HEALTH2007.pdf,2026-08-20T14:23:13.912425+00:00
IRDA/NL-HLT/CHSGI/P-P/V.I/405/13-14,Non-Archived,2013-2014,Cholamandalam MS General Insurance Company Limited,Chola Accident Protection,04-11-2013,,https://irdai.gov.in/documents/37343/931203/Chola+Accident+Protection_2013-2014.pdf/b2aaea6c-2cad-03d0-e121-a216e2bedb38?version=1.1&t=1668168801765&download=true,Chola Accident Protection_2013-2014.pdf,2026-08-20T14:23:13.912425+00:00
IRDA/NL-HLT/CHSGI/P-H/V.I/155/13-14,Non-Archived,2013-2014,Cholamandalam MS General Insurance Company Limited,Chola Arogya Bima Health Insurance,13-08-2013,,https://irdai.gov.in/documents/37343/931203/Chola+Arogya+Bima+Health+Insurance_2013-2014.pdf/1a19f27e-6660-be89-1cc7-a7712e80e74c?version=1.1&t=1668159019287&download=true,Chola Arogya Bima Health Insurance_2013-2014.pdf,2026-08-20T14:23:13.912425+00:00
IRDA/NL-HLT/CHSGI/P-H/V.I/411/13-14,Non-Archived,2013-2014,Cholamandalam MS General Insurance Company Limited,Chola Classic Health - Family Floater,21-03-2014,,https://irdai.gov.in/documents/37343/931203/Chola+Classic+Health+-+Family+Floater_2013-2014.pdf/000baa23-07d6-c2e3-024a-b600ee6d0a36?version=1.1&t=1668230635256&download=true,Chola Classic Health - Family Floater_2013-2014.pdf,2026-08-20T14:23:13.912425+00:00
IRDA/NL-HLT/CHSGI/P-H/V.I/410/13-14,Non-Archived,2013-2014,Cholamandalam MS General Insurance Company Limited,Chola Classic Health - Individual,21-03-2014,,https://irdai.gov.in/documents/37343/931203/Chola+Classic+Health+-+Individual_2013-2014.pdf/92f8963f-bcc3-b18c-7c4f-3091b6c97cb0?version=1.1&t=1668228885449&download=true,Chola Classic Health - Individual_2013-2014.pdf,2026-08-20T14:23:13.912425+00:00
IRDA/NL-HLT/CHSGI/P-H/V.I/51/13-14,Non-Archived,2013-2014,Cholamandalam MS General Insurance Company Limited,Chola Healthline,13-03-2014,,https://irdai.gov.in/documents/37343/931203/Chola+Healthline_2013-2014.pdf/357f44de-da18-8171-fb13-972ce825c59d?version=1.1&t=1668158575994&download=true,Chola Healthline_2013-2014.pdf,2026-08-20T14:23:13.912425+00:00
IRDA/NL-HLT/CHSGI/P-H/V.I/396/13-14,Non-Archived,2013-2014,Cholamandalam MS General Insurance Company Limited,Chola Hospital Cash Healthline,28-03-2014,,https://irdai.gov.in/documents/37343/931203/Chola+Hospital+Cash+Healthline_2013-2014.pdf/0e061446-deab-f3c4-05ab-8f2024363baf?version=1.1&t=1668159422725&download=true,Chola Hospital Cash Healthline_2013-2014.pdf,2026-08-20T14:23:13.912425+00:00
CHOHLIP21012V012021,Non-Archived,2020-2021,Cholamandalam MS General Insurance Company Limited,Chola MS COVID-19 Cover,25-04-2020,New,https://irdai.gov.in/documents/37343/931203/CHOHLIP21012V012021_2020-2021.pdf/c35532fa-eb22-166e-d765-d3976c1c7431?version=1.1&t=1668575963534&download=true,CHOHLIP21012V012021_2020-2021.pdf,2026-08-20T14:23:13.912425+00:00
IRDA/NL-HLT/CHSGI/P-T/V.I/50/13-14,Non-Archived,2013-2014,Cholamandalam MS General Insurance Company Limited,Chola MS Corporate Travel Insurance,08-08-2013,,https://irdai.gov.in/documents/37343/931203/Chola+MS+Corporate+Travel+Insurance_2013-2014.pdf/fee2aa8a-be2d-60a4-6d9b-b301bf6bc962?version=1.1&t=1668158522988&download=true,Chola MS Corporate Travel Insurance_2013-2014.pdf,2026-08-20T14:23:13.912425+00:00
IRDA/NL-HLT/CHSGI/P-H/V.I/154/13-14,Non-Archived,2013-2014,Cholamandalam MS General Insurance Company Limited,Chola MS Critical Healthline Insurance,13-08-2013,,https://irdai.gov.in/documents/37343/931203/Chola+MS+Critical+Healthline+Insurance_2013-2014.pdf/29067c46-1a60-0b7d-5c9d-777296f9461c?version=1.1&t=1668158965647&download=true,Chola MS Critical Healthline Insurance_2013-2014.pdf,2026-08-20T14:23:13.912425+00:00
IRDA/NL-HLT/CHSGI/P-H/V.I/153/13-14,Non-Archived,2013-2014,Cholamandalam MS General Insurance Company Limited,Chola MS Family Healthline Insurance,13-08-2013,,https://irdai.gov.in/documents/37343/931203/Chola+MS+Family+Healthline+Insurance_2013-2014.pdf/5eda601d-d3d2-e480-7808-6d601b319349?version=1.1&t=1668158691783&download=true,Chola MS Family Healthline Insurance_2013-2014.pdf,2026-08-20T14:23:13.912425+00:00
IRDA/NL-HLT/CHSGI/P-H/V.I/282/13-14,Non-Archived,2013-2014,Cholamandalam MS General Insurance Company Limited,Chola MS RSBY Family Floater Health Insurance Policy,30-09-2013,,https://irdai.gov.in/documents/37343/931203/Chola+MS+RSBY+Family+Floater+Health+Insurance+Policy_2013-2014.pdf/a168d3da-a08f-ae0c-ac00-edf7a084eec0?version=1.2&t=1668228573135&download=true,Chola MS RSBY Family Floater Health Insurance Policy_2013-2014.pdf,2026-08-20T14:23:13.912425+00:00
IRDA/NL-HLT/CHSGI/P-T/V.I/284/13-14,Non-Archived,2013-2014,Cholamandalam MS General Insurance Company Limited,Chola Overseas Travel Protection Policy,30-09-2013,,https://irdai.gov.in/documents/37343/931203/Chola+Overseas+Travel+Protection+Policy_2013-2014.pdf/ed0aba93-3878-36db-9f8a-ab0f39cab86a?version=1.1&t=1668228699764&download=true,Chola Overseas Travel Protection Policy_2013-2014.pdf,2026-08-20T14:23:13.912425+00:00
IRDA/NL-HLT/CHSGI/P-T/V.I/285/13-14,Non-Archived,2013-2014,Cholamandalam MS General Insurance Company Limited,Chola Student Travel Protection Plan,30-09-2013,,https://irdai.gov.in/documents/37343/931203/Chola+Student+Travel+Protection+Plan_2013-2014.pdf/3e1c8b4e-ece1-147c-67c5-35c9ab9e6138?version=1.1&t=1668228759084&download=true,Chola Student Travel Protection Plan_2013-2014.pdf,2026-08-20T14:23:13.912425+00:00
IRDA/NL-HLT/CHSGI/P-T/V.I/414/13-14,Non-Archived,2013-2014,Cholamandalam MS General Insurance Company Limited,Chola Subh Yatra Insurance Policy,26-02-2014,,https://irdai.gov.in/documents/37343/931203/Chola+Shubh+Yatra+Insurance+Policy_2013-2014.pdf/02ee0f9c-b43a-b444-cd1c-513d87fa24f7?version=1.1&t=1668230737545&download=true,Chola Shubh Yatra Insurance Policy_2013-2014.pdf,2026-08-20T14:23:13.912425+00:00
IRDA/NL-HLT/CHSGI/P-H/V.I/156/13-14,Non-Archived,2013-2014,Cholamandalam MS General Insurance Company Limited,Chola Swasth Parivar Insurance,13-08-2013,,https://irdai.gov.in/documents/37343/931203/Chola+Swasth+Parivar+Insurance_2013-2014.pdf/45ba331e-d09e-1e4b-1184-2117fe934f56?version=1.1&t=1668159072662&download=true,Chola Swasth Parivar Insurance_2013-2014.pdf,2026-08-20T14:23:13.912425+00:00
IRDA/NL-HLT/CHSGI/P-H/V.I/226/13-14,Non-Archived,2013-2014,Cholamandalam MS General Insurance Company Limited,Chola Tax plus Healthline,04-11-2013,,https://irdai.gov.in/documents/37343/931203/Chola+Tax+Plus+Healthline_2013-2014.pdf/db30bfef-a3c4-efb7-c001-5e09d08df1ac?version=1.1&t=1668159209054&download=true,Chola Tax Plus Healthline_2013-2014.pdf,2026-08-20T14:23:13.912425+00:00
IRDA/NL-HLT/CHSGI/P-H/V.I/225/13-14,Non-Archived,2013-2014,Cholamandalam MS General Insurance Company Limited,Chola Top up Healthline,04-11-2013,,https://irdai.gov.in/documents/37343/931203/Chola+Top+up+Healthline_2013-2014.pdf/4949fbe6-1c83-6cef-3e9e-4c217b704811?version=1.1&t=1668159116015&download=true,Chola Top up Healthline_2013-2014.pdf,2026-08-20T14:23:13.912425+00:00
CHOHLIP21046V012021,Non-Archived,2020-2021,Cholamandalam MS General Insurance Company Limited,Chola Vector Borne Diseases Insurance (Retail),06-11-2020,New,https://irdai.gov.in/documents/37343/931203/CHOHLIP21046V012021_2020-2021.pdf/2973993f-2408-0767-475e-7e2a037cc3ad?version=1.1&t=1668576009756&download=true,CHOHLIP21046V012021_2020-2021.pdf,2026-08-20T14:23:13.912425+00:00
IRDA/NL-HLT/CHSGI/P-T/V.I/283/13-14,Non-Archived,2013-2014,Cholamandalam MS General Insurance Company Limited,Domestic Travel Insurance Policy,30-09-2013,,https://irdai.gov.in/documents/37343/931203/Domestic+Travel+Insurance+Policy_2013-2014.pdf/badc2827-7e01-213e-0f6b-65762307fb85?version=1.1&t=1668228658761&download=true,Domestic Travel Insurance Policy_2013-2014.pdf,2026-08-20T14:23:13.912425+00:00
CHOHLIP21007V022021,Non-Archived,2020-2021,Cholamandalam MS General Insurance Company Limited,FLEXI HEALTH,15-04-2020,New,https://irdai.gov.in/documents/37343/931203/CHOHLIP21007V022021_2020-2021.pdf/3b7ea794-5bc0-6169-d969-b10c2f6de1e4?version=1.1&t=1668575918953&download=true,CHOHLIP21007V022021_2020-2021.pdf,2026-08-20T14:23:13.912425+00:00
CHOTGDP23004V012223,Non-Archived,2022-2023,Cholamandalam MS General Insurance Company Limited,Group Domestic Travel Insurance,04-04-2022,Group,https://irdai.gov.in/documents/37343/931203/CHOTGDP23004V012223.pdf/cd07a08b-d094-be87-8234-4ce24c12ae4e?version=1.0&t=1667711509343&download=true,CHOTGDP23004V012223.pdf,2026-08-20T14:23:13.912425+00:00
IRDA/NL-HLT/CHSGI/P-H/V.I/48/13-14,Non-Archived,2013-2014,Cholamandalam MS General Insurance Company Limited,Group Health Insurance,13-08-2013,,https://irdai.gov.in/documents/37343/931203/Group+Health+Insurance_2013-2014.pdf/15cf70b5-b139-f721-4dae-723b27d032f0?version=1.1&t=1668158395874&download=true,Group Health Insurance_2013-2014.pdf,2026-08-20T14:23:13.912425+00:00
IRDA/NL-HLT/CHSGI/P-P/V.I/49/13-14,Non-Archived,2013-2014,Cholamandalam MS General Insurance Company Limited,Group Personal Accident Insurance Policy,08-08-2013,,https://irdai.gov.in/documents/37343/931203/Group+Personal+Accident+Insurance+Policy_2013-2014.pdf/9a831493-05a0-bb66-27e7-746ccc887ab4?version=1.1&t=1668158473983&download=true,Group Personal Accident Insurance Policy_2013-2014.pdf,2026-08-20T14:23:13.912425+00:00
IRDA/NL-HLT/CHSGI/P-H/V.I/152/13-14,Non-Archived,2013-2014,Cholamandalam MS General Insurance Company Limited,Individual Healthline Insurance,13-08-2013,,https://irdai.gov.in/documents/37343/931203/Individual+Healthline+Insurance_2013-2014.pdf/a1c65ab7-2035-2a9c-2a17-7426d137b6a3?version=1.1&t=1668158648866&download=true,Individual Healthline Insurance_2013-2014.pdf,2026-08-20T14:23:13.912425+00:00
IRDA/NL-HLT/CHSGI/P-P/V.I/404/13-14,Non-Archived,2013-2014,Cholamandalam MS General Insurance Company Limited,Individual Personal Accident Insurance,04-11-2013,,https://irdai.gov.in/documents/37343/931203/Individual+Personal+Accident+Insurance_2013-2014.pdf/8a0d25ed-250d-712e-f6dc-441b5b3d8fa1?version=1.1&t=1668160253088&download=true,Individual Personal Accident Insurance_2013-2014.pdf,2026-08-20T14:23:13.912425+00:00
IRDA/NL-HLT/CHSGI/P-P/V.I/412/13-14,Non-Archived,2013-2014,Cholamandalam MS General Insurance Company Limited,Micro Insurance Personal Accident,28-03-2014,,https://irdai.gov.in/documents/37343/931203/Micro+Insurance+Personal+Accident_2013-2014.pdf/0535c0fc-c930-14e0-b4f1-1b0b1f9a8b10?version=1.1&t=1668230682424&download=true,Micro Insurance Personal Accident_2013-2014.pdf,2026-08-20T14:23:13.912425+00:00
IRDA/NL-HLT/CHSGI/P-H/V.I/286/13-14,Non-Archived,2013-2014,Cholamandalam MS General Insurance Company Limited,Pravasi Bharatiya Bima Yojana,30-09-2013,,https://irdai.gov.in/documents/37343/931203/Pravasi+Bharatiya+Bima+Yojana_2013-09-30.pdf/b3336755-1008-076d-21e9-1fa0bf3bcb95?version=1.1&t=1668228830378&download=true,Pravasi Bharatiya Bima Yojana_2013-09-30.pdf,2026-08-20T14:23:13.912425+00:00
IRDAI/HLT/CHSGI/P-H/V.I/24/15-16,Non-Archived,2015-2016,Cholamandalam MS General Insurance Company Ltd,Chola Income Shield Insurance Group,29-02-2016,,https://irdai.gov.in/documents/37343/931203/Chola+_Chola+Income+Shield+Insurance+%28Group%29_2015-2016.pdf/3d4a123d-8fb0-1400-028f-261ae59576f3?version=1.1&t=1668408534701&download=true,Chola _Chola Income Shield Insurance (Group)_2015-2016.pdf,2026-08-20T14:23:13.912425+00:00
IRDAI/HLT/CHSGI/P-P/V.I/33/15-16,Non-Archived,2015-2016,Cholamandalam MS General Insurance Company Ltd,Janatha Personal Accident policy (group),31-03-2016,,https://irdai.gov.in/documents/37343/931203/Chola_Janata+Personal+Accident+Policy+%28+Group%29_2015-2016.pdf/0b91bc32-e6bc-77cc-aa19-88e0d07c3f64?version=1.1&t=1668408498420&download=true,Chola_Janata Personal Accident Policy ( Group)_2015-2016.pdf,2026-08-20T14:23:13.912425+00:00
IRDAI/HLT/CTTK/P-H/V.I/81/2014-15,Non-Archived,2015-2016,Cigna TTK Health Insurance Company Ltd,Cigna TTK Lifestyle protection group policy,12-02-2015,,https://irdai.gov.in/documents/37343/931203/Cigna+TTK+Lifestyle+Protection+Group+Policy_Policy+Wordings_2015-2016.pdf/8f4ecc45-9737-5fff-ecb9-9e3e439555b2?version=1.1&t=1668408420598&download=true,Cigna TTK Lifestyle Protection Group Policy_Policy Wordings_2015-2016.pdf,2026-08-20T14:23:13.912425+00:00
IRDA/NL-HLT/CTTK/P-H/V.I/70/14-15,Non-Archived,2015-2016,Cigna TTK Health Insurance Company Ltd,Cigna TTK Pro Health Cash,14-07-2015,,https://irdai.gov.in/documents/37343/931203/CignaTTK+ProHealth+Cash_Policy+Wording_2015-2016.pdf/7085fe6b-e4a1-166e-645c-407ea10ad7d5?version=1.1&t=1668408388544&download=true,CignaTTK ProHealth Cash_Policy Wording_2015-2016.pdf,2026-08-20T14:23:13.912425+00:00
IRDAI/HLT/CTTK/P-H/V.II/390/15-16,Non-Archived,2015-2016,Cigna TTK Health Insurance Company Ltd,Cigna TTK pro health insurance,03-02-2016,,https://irdai.gov.in/documents/37343/931203/CignaTTK+ProHealth+Insurance_Policy+Wording_2015-2016.pdf/d55f9494-fcca-bea5-6644-e7a8400fd4e8?version=1.1&t=1668408466688&download=true,CignaTTK ProHealth Insurance_Policy Wording_2015-2016.pdf,2026-08-20T14:23:13.912425+00:00
IRDAI/HLT/CTTK/P-H/V.I/72/2016-17,Non-Archived,2016-2017,CignaTTK Health Insurance Company Limited,CignaTTK ProHealth Select,31-03-2017,Retail,https://irdai.gov.in/documents/37343/931203/CTTK_ProHealthSelect_2016-2017.pdf/73a82b80-8330-12a8-b890-392a60e58e22?version=1.1&t=1668417005560&download=true,CTTK_ProHealthSelect_2016-2017.pdf,2026-08-20T14:23:13.912425+00:00
CTTHLGP18023V021718,Non-Archived,2017-2018,CignaTTK Health Insurance Company Limited,ProHealth Group Insurance Policy,08-11-2017,,https://irdai.gov.in/documents/37343/931203/CTT_ProHealthGroupInsurancePolicy_BaseCovers_2017-2018.pdf/680eec7a-2637-3d0d-02a2-2cec314425b7?version=1.1&t=1668422657239&download=true,CTT_ProHealthGroupInsurancePolicy_BaseCovers_2017-2018.pdf,2026-08-20T14:23:13.912425+00:00
IRDAI/HLT/CTTK/P-H(G)/V.I/39/2016-17,Non-Archived,2016-2017,CignaTTK Health Insurance Company Limited,ProHealth Group Insurance Policy,21-12-2016,Group,https://irdai.gov.in/documents/37343/931203/CTTK_ProHealthGroupInsurance_BaseCovers_2016-2017.pdf/322d58b7-5f62-8d95-d2c6-1d54a14cfa6f?version=1.1&t=1668416892404&download=true,CTTK_ProHealthGroupInsurance_BaseCovers_2016-2017.pdf,2026-08-20T14:23:13.912425+00:00
DHFHLIP20024V011920,Non-Archived,2019-2020,DHFL General Insurance Limited,COCO Seasonal Byte,25-05-2019,Group,https://irdai.gov.in/documents/37343/931203/DHFHLIP20024V011920_2019-2020.pdf/e3512af3-6f5d-2008-628c-8b356950f1ee?version=1.1&t=1668512057922&download=true,DHFHLIP20024V011920_2019-2020.pdf,2026-08-20T14:23:13.912425+00:00
DHFHLIP18051V011819,Non-Archived,2018-2019,DHFL General Insurance Limited,COCOCure,31-08-2018,Retail,https://irdai.gov.in/documents/37343/931203/DHFHLIP18051V011819_2018-2019.pdf/85fa7379-bec8-3e6c-ba79-9d609da3a907?version=1.1&t=1668496607524&download=true,DHFHLIP18051V011819_2018-2019.pdf,2026-08-20T14:23:13.912425+00:00
DHFHLIP18131V011718,Non-Archived,2017-2018,DHFL General Insurance Limited,COCOProtect,28-03-2018,,https://irdai.gov.in/documents/37343/931203/DHF_COCOProtect_2017-2018.pdf/40f9e03e-46bf-a1e1-04ce-0ffda6628606?version=1.1&t=1668422932467&download=true,DHF_COCOProtect_2017-2018.pdf,2026-08-20T14:23:13.912425+00:00
DHFHLGP18027V011718,Non-Archived,2018-2019,DHFL General Insurance Limited,Group Critical Illness Insurance Policy,23-08-2017,Group,https://irdai.gov.in/documents/37343/931203/DHFHLGP18027V011718_2018-2019.pdf/347618b7-c4a4-dd46-8aa6-f8524981671a?version=1.1&t=1668496829985&download=true,DHFHLGP18027V011718_2018-2019.pdf,2026-08-20T14:23:13.912425+00:00
DHFHLGP18026V011718,Non-Archived,2018-2019,DHFL General Insurance Limited,Group Health Insurance Policy,23-08-2017,Group,https://irdai.gov.in/documents/37343/931203/DHFHLGP18026V011718_2018-2019.pdf/b3302fa4-77af-4773-52d5-ecc6afb7a570?version=1.1&t=1668496898437&download=true,DHFHLGP18026V011718_2018-2019.pdf,2026-08-20T14:23:13.912425+00:00
DHFHLGP19085V011819,Non-Archived,2018-2019,DHFL General Insurance Limited,Group HospiCash Policy,02-11-2018,Group,https://irdai.gov.in/documents/37343/931203/DHFHLGP19085V011819_2018-2019.pdf/e15885d3-5df1-2189-8012-78c1754bb03b?version=1.1&t=1668496972363&download=true,DHFHLGP19085V011819_2018-2019.pdf,2026-08-20T14:23:13.912425+00:00
DHFPAGP18028V011718,Non-Archived,2018-2019,DHFL General Insurance Limited,Group Personal Accident Insurance Policy,23-08-2017,Group,https://irdai.gov.in/documents/37343/931203/DHFPAGP18028V011718_2018-2019.pdf/2b38de0a-43d2-aac9-2056-627d34691d1a?version=1.1&t=1668497031367&download=true,DHFPAGP18028V011718_2018-2019.pdf,2026-08-20T14:23:13.912425+00:00
DHFHLGP19110V011819,Non-Archived,2018-2019,DHFL General Insurance Limited,Group Seasonal Byte,23-01-2019,Group,https://irdai.gov.in/documents/37343/931203/DHFHLGP19110V011819_2018-2019.pdf/a312127d-b3ac-bd5e-ef04-5fa31e518141?version=1.1&t=1668497196152&download=true,DHFHLGP19110V011819_2018-2019.pdf,2026-08-20T14:23:13.912425+00:00
DHFTGBP19041V011819,Non-Archived,2018-2019,DHFL General Insurance Limited,Group Travel,31-07-2018,Group,https://irdai.gov.in/documents/37343/931203/DHFTGBP19041V011819_2018-2019.pdf/c21f790e-dfc5-1d8c-338e-56724a8cfaf3?version=1.1&t=1668497629966&download=true,DHFTGBP19041V011819_2018-2019.pdf,2026-08-20T14:23:13.912425+00:00
EDLHLGP19112V011819,Non-Archived,2018-2019,Edelweiss General Insurance Co,Edelweiss Group Health Insurance,29-01-2019,Group,https://irdai.gov.in/documents/37343/931203/EDLHLGP19112V011819_2018-2019.pdf/28a964f0-d761-a3d4-d2cd-52c07ea5f92b?version=1.1&t=1668497670804&download=true,EDLHLGP19112V011819_2018-2019.pdf,2026-08-20T14:23:13.912425+00:00
EDLHLIP18015V011819,Non-Archived,2018-2019,Edelweiss General Insurance Co,Edelweiss Health Insurance Policy,04-05-2018,Retail,https://irdai.gov.in/documents/37343/931203/EDLHLIP18015V011819_2018-2019.pdf/37955738-4416-0eda-59cb-607b24b1e18f?version=1.1&t=1668497719066&download=true,EDLHLIP18015V011819_2018-2019.pdf,2026-08-20T14:23:13.912425+00:00
EDLHLIP19054V011819,Non-Archived,2018-2019,Edelweiss General Insurance Co,Health 241 Add on,11-09-2018,Retail,https://irdai.gov.in/documents/37343/931203/EDLHLIP19054V011819_2018-2019.pdf/fce179d4-0d47-65d6-a84b-8a3a820df1e2?version=1.1&t=1668497790625&download=true,EDLHLIP19054V011819_2018-2019.pdf,2026-08-20T14:23:13.912425+00:00
EDLHLGP19025V021819,Non-Archived,2018-2019,Edelweiss General Insurance Co,Loan Care,07-06-2018,Group,https://irdai.gov.in/documents/37343/931203/EDLHLGP19025V021819_2018-2019.pdf/5b00627b-d1b7-7eee-5bd5-d660918cb56e?version=1.1&t=1668497837111&download=true,EDLHLGP19025V021819_2018-2019.pdf,2026-08-20T14:23:13.912425+00:00
EDLHLIP20158V011920,Non-Archived,2019-2020,Edelweiss General Insurance Co Limited,"Arogya Sanjeevani Policy, Edelweiss General Insurance Company Limited",26-03-2020,New,https://irdai.gov.in/documents/37343/931203/EDLHLIP20158V011920_2019-2020.pdf/1e1ca835-8ca7-2d94-fff6-447d26fa67c9?version=1.1&t=1668512233870&download=true,EDLHLIP20158V011920_2019-2020.pdf,2026-08-20T14:23:13.912425+00:00
EDLHLIP21079V012021,Non-Archived,2020-2021,Edelweiss General Insurance Co Limited,"Corona Kavach Policy, Edelweiss General Insurance Company Limited",07-10-2020,New,https://irdai.gov.in/documents/37343/931203/EDLHLIP21079V012021_2020-2021.pdf/4a2e9340-cb64-85d1-4ce2-f12628a0ec1d?version=1.1&t=1668154677545&download=true,EDLHLIP21079V012021_2020-2021.pdf,2026-08-20T14:23:13.912425+00:00
EDLHLGP18112V011718,Non-Archived,2017-2018,Edelweiss General Insurance Co ltd,Loan Care policy,29-01-2018,,https://irdai.gov.in/documents/37343/931203/EDL_+Loancare_2017-2018.pdf/62545bf0-f710-5d58-334c-93ff6d55aac2?version=1.1&t=1668422990367&download=true,EDL_ Loancare_2017-2018.pdf,2026-08-20T14:23:13.912425+00:00
EDLHLIA19033V011920,Non-Archived,2019-2020,Edelweiss General Insurance Co. Ltd,Edelweiss New Born Care Add-on,07-01-2019,New,https://irdai.gov.in/documents/37343/931203/EDLHLIA19033V011920_2019-2020.pdf/088b94ef-0a8b-cef3-208d-1cd5369ea27a?version=1.1&t=1668512298486&download=true,EDLHLIA19033V011920_2019-2020.pdf,2026-08-20T14:23:13.912425+00:00
EDLPAGP22174V012122,Non-Archived,2021-2022,Edelweiss General Insurance Co. Ltd.,Edelweiss Group Janta Personal Accident Policy,29-10-2021,Group,https://irdai.gov.in/documents/37343/931203/EDLPAGP22174V012122.pdf/1b286b99-5500-9424-8555-6419e2d3f831?version=1.1&t=1668854156346&download=true,EDLPAGP22174V012122.pdf,2026-08-20T14:23:13.912425+00:00
EDLTGOP22228V012122,Non-Archived,2021-2022,Edelweiss General Insurance Co. Ltd.,Edelweiss Group Overseas Travel Insurance,18-03-2022,Group,https://irdai.gov.in/documents/37343/931203/EDLTGOP22228V012122.pdf/b8bdc662-d8b1-ab56-518c-1b7e8db12d17?version=1.1&t=1668854222879&download=true,EDLTGOP22228V012122.pdf,2026-08-20T14:23:13.912425+00:00
EDLPAGP21551V032021,Non-Archived,2020-2021,Edelweiss General Insurance Co. Ltd.,Edelweiss Group Total Protect Policy,11-12-2020,Revision,https://irdai.gov.in/documents/37343/931203/EDLPAGP21551V032021_2020-2021.pdf/b0455bd7-047b-35fe-e78e-8410b64a691b?version=1.1&t=1668576217683&download=true,EDLPAGP21551V032021_2020-2021.pdf,2026-08-20T14:23:13.912425+00:00
EDLHLIP21012V012122,Non-Archived,2021-2022,Edelweiss General Insurance Co. Ltd.,Edelweiss HealthPlus Policy,21-04-2021,Individual,https://irdai.gov.in/documents/37343/931203/EDLHLIP21012V012122_HEALTH2008.pdf/a1dc22a0-a079-26ea-43a6-8b666ced26a9?version=1.1&t=1668844676012&download=true,EDLHLIP21012V012122_HEALTH2008.pdf,2026-08-20T14:23:13.912425+00:00
EDLHLIP21563V012021,Non-Archived,2020-2021,Edelweiss General Insurance Co. Ltd.,Edelweiss Top Up Insurance,22-12-2020,New,https://irdai.gov.in/documents/37343/931203/EDLHLIP21563V012021_2020-2021.pdf/fc6b74ad-3b0e-2845-c602-6f9f84cb35fe?version=1.1&t=1668576167947&download=true,EDLHLIP21563V012021_2020-2021.pdf,2026-08-20T14:23:13.912425+00:00
EDLHLIA21532V022021,Non-Archived,2020-2021,Edelweiss General Insurance Co. Ltd.,Health 241 Add on,30-09-2020,Revision,https://irdai.gov.in/documents/37343/931203/EDLHLIA21532V022021_2020-2021.pdf/82852f58-a822-4bfb-ae2d-bfc6bc6c35e9?version=1.1&t=1668576112986&download=true,EDLHLIA21532V022021_2020-2021.pdf,2026-08-20T14:23:13.912425+00:00
EDLHLIA21513V022021,Non-Archived,2020-2021,Edelweiss General Insurance Co. Ltd.,New Born Care Addon,29-09-2020,Revision,https://irdai.gov.in/documents/37343/931203/EDLHLIA21513V022021_2020-2021.pdf/75e88284-8b5e-a806-12f7-9985eef14a2b?version=1.1&t=1668576061378&download=true,EDLHLIA21513V022021_2020-2021.pdf,2026-08-20T14:23:13.912425+00:00
EDLPAIP21615V012021,Non-Archived,2020-2021,Edelweiss General Insurance Co. Ltd.,"Saral Suraksha Bima, Edelweiss General Insurance Company Limited",26-03-2021,New,https://irdai.gov.in/documents/37343/931203/EDLPAIP21615V012021_2020-2021.pdf/41770d53-572e-b1be-1b03-d8ce1da30b29?version=1.1&t=1668576273128&download=true,EDLPAIP21615V012021_2020-2021.pdf,2026-08-20T14:23:13.912425+00:00
EDLHLGA23009V012223,Non-Archived,2022-2023,Edelweiss General Insurance Co. Ltd.,Well Baby Well Mother -Add on,06-05-2022,Add on,https://irdai.gov.in/documents/37343/931203/EDLHLGA23009V012223.pdf/41e5fe7d-94ec-6d27-f695-45e96ca14688?version=1.0&t=1667711504266&download=true,EDLHLGA23009V012223.pdf,2026-08-20T14:23:13.912425+00:00
EDLHLIP21110V012021,Non-Archived,2020-2021,Edelweiss General Insurance Co.Ltd.,"Corona Rakshak Policy, Edelweiss General Insurance Company Limited,",07-10-2020,Individual,https://irdai.gov.in/documents/37343/931203/EDLHLIP21110V012021_2020-2021.pdf/45735be7-418a-3077-7b72-5a02a4be3cf0?version=1.1&t=1668577792900&download=true,EDLHLIP21110V012021_2020-2021.pdf,2026-08-20T14:23:13.912425+00:00
EDLHLGP21462V032021,Non-Archived,2020-2021,Edelweiss General Insurance Co.Ltd.,Edelweiss Group Health Insurance Policy,25-09-2020,Revision,https://irdai.gov.in/documents/37343/931203/EDLHLGP21462V032021_2020-2021.pdf/ee4ab28a-aa3b-995a-ed98-8042fb02943d?version=1.1&t=1668577463940&download=true,EDLHLGP21462V032021_2020-2021.pdf,2026-08-20T14:23:13.912425+00:00
EDLPAGP21510V022021,Non-Archived,2020-2021,Edelweiss General Insurance Co.Ltd.,Edelweiss Group Total Protect Policy,25-09-2020,Revision,https://irdai.gov.in/documents/37343/931203/EDLPAGP21510V022021_2020-2021.pdf/45d08d06-1105-220d-aadb-43141556c65f?version=1.1&t=1668578224605&download=true,EDLPAGP21510V022021_2020-2021.pdf,2026-08-20T14:23:13.912425+00:00
EDLHLIP21463V022021,Non-Archived,2020-2021,Edelweiss General Insurance Co.Ltd.,Edelweiss Health Insurance,25-09-2020,Revision,https://irdai.gov.in/documents/37343/931203/EDLHLIP21463V022021_2020-2021.pdf/5bc2579b-4358-1bc4-b7cd-d3ecb96e9b30?version=1.1&t=1668578030124&download=true,EDLHLIP21463V022021_2020-2021.pdf,2026-08-20T14:23:13.912425+00:00
EDLHLGP21160V012021,Non-Archived,2020-2021,Edelweiss General Insurance Co.Ltd.,"Group Corona Kavach Policy, Edelweiss General Insurance Company Limited",01-04-2021,Revision,https://irdai.gov.in/documents/37343/931203/EDLHLGP21160V012021_2020-2021.pdf/ac5fde72-95b5-e9be-b455-3a71716911da?version=1.1&t=1668576353372&download=true,EDLHLGP21160V012021_2020-2021.pdf,2026-08-20T14:23:13.912425+00:00
EDLHLGP21249V012021,Non-Archived,2020-2021,Edelweiss General Insurance Co.Ltd.,"Group Corona Policy, Edelweiss General Insurance Company Limited",15-09-2020,Group,https://irdai.gov.in/documents/37343/931203/EDLHLGP21249V012021_2020-2021.pdf/b8bc9fde-2380-7dc2-8ff5-3141c45ce773?version=1.1&t=1668577396494&download=true,EDLHLGP21249V012021_2020-2021.pdf,2026-08-20T14:23:13.912425+00:00
EDLHLGP21511V032021,Non-Archived,2020-2021,Edelweiss General Insurance Co.Ltd.,Loan Care,29-09-2020,Revision,https://irdai.gov.in/documents/37343/931203/EDLHLGP21511V032021_2020-2021.pdf/f935332d-dac2-8159-097d-e822855a973c?version=1.1&t=1668577531977&download=true,EDLHLGP21511V032021_2020-2021.pdf,2026-08-20T14:23:13.912425+00:00
FGIHLGP19057V011819,Non-Archived,2018-2019,Future Generali India Insurance Co,Alpa Bima Group,19-09-2018,Group,https://irdai.gov.in/documents/37343/931203/FGIHLGP19057V011819_2018-2019.pdf/256352a4-5f0a-cd81-bf03-f55ed2f10419?version=1.1&t=1668502586595&download=true,FGIHLGP19057V011819_2018-2019.pdf,2026-08-20T14:23:13.912425+00:00
FGIHCSP19008V011819,Non-Archived,2018-2019,Future Generali India Insurance Co,CSC Accident Suraksha,16-04-2018,CSC,https://irdai.gov.in/documents/37343/931203/FGIHCSP19008V011819_2018-2019.pdf/d5ea7ea7-9d05-4a34-9826-44f8c3ddb6fa?version=1.1&t=1668502646898&download=true,FGIHCSP19008V011819_2018-2019.pdf,2026-08-20T14:23:13.912425+00:00
FGIHCSP19035V011819,Non-Archived,2018-2019,Future Generali India Insurance Co,CSC Sukshma Hospi Cash,20-07-2018,CSC,https://irdai.gov.in/documents/37343/931203/FGIHCSP19035V011819_2018-2019.pdf/df5d9871-ee2b-3a52-e332-b62b7f0a7d3c?version=1.1&t=1668502893387&download=true,FGIHCSP19035V011819_2018-2019.pdf,2026-08-20T14:23:13.912425+00:00
FGIHLIP19072V011819,Non-Archived,2018-2019,Future Generali India Insurance Co,Future Advantage Topup,22-10-2018,Retail,https://irdai.gov.in/documents/37343/931203/FGIHLIP19072V011819_2018-2019.pdf/b34e7ce4-d19d-252a-bd78-121df005a5f0?version=1.1&t=1668502946168&download=true,FGIHLIP19072V011819_2018-2019.pdf,2026-08-20T14:23:13.912425+00:00
FGIHLIP19104V011819,Non-Archived,2018-2019,Future Generali India Insurance Co,Future Arogya Bima,31-12-2018,Retail,https://irdai.gov.in/documents/37343/931203/FGIHLIP19104V011819_2018-2019.pdf/7ca56b8d-6c3d-14f9-0738-d6dff00c7698?version=1.1&t=1668503030193&download=true,FGIHLIP19104V011819_2018-2019.pdf,2026-08-20T14:23:13.912425+00:00
FGIHLGP19111V011819,Non-Archived,2018-2019,Future Generali India Insurance Co,Future Health Protect Group,28-01-2019,Group,https://irdai.gov.in/documents/37343/931203/FGIHLGP19111V011819_2018-2019.pdf/c43258a4-67f8-c0a7-c8c3-713b133f7481?version=1.1&t=1668503213986&download=true,FGIHLGP19111V011819_2018-2019.pdf,2026-08-20T14:23:13.912425+00:00
FGIHLIP19071V021819,Non-Archived,2018-2019,Future Generali India Insurance Co,Future Health Suraksha,22-10-2018,Retail,https://irdai.gov.in/documents/37343/931203/FGIHLIP19071V021819_2018-2019.pdf/de0e45fb-84af-5274-23cc-6d20e6d111ee?version=1.1&t=1668503339392&download=true,FGIHLIP19071V021819_2018-2019.pdf,2026-08-20T14:23:13.912425+00:00
FGITIOP19011V011819,Non-Archived,2018-2019,Future Generali India Insurance Co,Future Platinum Travel Group,25-04-2018,Group,https://irdai.gov.in/documents/37343/931203/FGITIOP19011V011819_2018-2019.pdf/85e368e4-3b17-ef11-2492-a2581b6dabeb?version=1.1&t=1668503525730&download=true,FGITIOP19011V011819_2018-2019.pdf,2026-08-20T14:23:13.912425+00:00
FGIHLIP19105V011819,Non-Archived,2018-2019,Future Generali India Insurance Co,Future Varista Bima,31-12-2018,Retail,https://irdai.gov.in/documents/37343/931203/FGIHLIP19105V011819_2018-2019.pdf/8c281854-101a-a217-2a1a-666b126ca360?version=1.1&t=1668503610034&download=true,FGIHLIP19105V011819_2018-2019.pdf,2026-08-20T14:23:13.912425+00:00
FGIHLIP19039V011819,Non-Archived,2018-2019,Future Generali India Insurance Co,Future Vector Care,31-07-2018,Retail,https://irdai.gov.in/documents/37343/931203/FGIHLIP19039V011819_2018-2019.pdf/551e5d02-21c4-5a5a-8621-443d5e58af09?version=1.1&t=1668503752872&download=true,FGIHLIP19039V011819_2018-2019.pdf,2026-08-20T14:23:13.912425+00:00
FGIHLGP19022V011819,Non-Archived,2018-2019,Future Generali India Insurance Co,Future Vector Care Group,29-05-2018,Group,https://irdai.gov.in/documents/37343/931203/FGIHLGP19022V011819_2018-2019.pdf/e95480d3-1109-a90e-54ce-a4ff9f334215?version=1.1&t=1668504010940&download=true,FGIHLGP19022V011819_2018-2019.pdf,2026-08-20T14:23:13.912425+00:00
FGIHMIP19023V021819,Non-Archived,2018-2019,Future Generali India Insurance Co,Sukshma Hospi cash,31-05-2018,Retail,https://irdai.gov.in/documents/37343/931203/FGIHMIP19023V021819_2018-2019.pdf/f580374e-b0e6-6e5f-5d32-81a0ce2b8554?version=1.1&t=1668504275124&download=true,FGIHMIP19023V021819_2018-2019.pdf,2026-08-20T14:23:13.912425+00:00
FGIHLMGP19024V021819,Non-Archived,2018-2019,Future Generali India Insurance Co,Sukshma Hospi cash Group,31-05-2018,Group,https://irdai.gov.in/documents/37343/931203/FGIHLMGP19024V021819_2018-2019.pdf/8c139c0b-7049-0841-5120-3ca4336d2fa3?version=1.1&t=1668504232532&download=true,FGIHLMGP19024V021819_2018-2019.pdf,2026-08-20T14:23:13.912425+00:00
FGITIDP20115V011920,Non-Archived,2019-2020,Future Generali India Insurance Co Ltd,Shubh Yatra,31-01-2019,Individual,https://irdai.gov.in/documents/37343/931203/FGITIDP20115V011920_2019-2020.pdf/852688f3-cdb5-cc16-2b02-dbe98b861242?version=1.1&t=1668512359086&download=true,FGITIDP20115V011920_2019-2020.pdf,2026-08-20T14:23:13.912425+00:00
FGIHLGP20069V021920,Non-Archived,2019-2020,Future Generali India Insurance Co Ltd,Surakshit Loan Bima,10-11-2019,Individual,https://irdai.gov.in/documents/37343/931203/FGIHLGP20069V021920_2019-2020.pdf/7bd013dd-241c-f399-aec9-87f235449650?version=1.1&t=1668512430019&download=true,FGIHLGP20069V021920_2019-2020.pdf,2026-08-20T14:23:13.912425+00:00
FGIHLIP20069V021920,Non-Archived,2019-2020,Future Generali India Insurance Co Ltd,Surakshit Loan Bima,11-07-2019,Revision,https://irdai.gov.in/documents/37343/931203/FGIHLIP20069V021920_2019-2020.pdf/02508b21-27ce-76d4-548d-8e150dfb37ef?version=1.1&t=1668512463425&download=true,FGIHLIP20069V021920_2019-2020.pdf,2026-08-20T14:23:13.912425+00:00
FGIPAIP18040V021718,Non-Archived,2017-2018,Future Generali India Insurance Co ltd,Accident Suraksha,19-09-2017,,https://irdai.gov.in/documents/37343/931203/FG_AccidentSuraksha_2017-2018.pdf/f4b98b1b-4cf7-d07f-9573-52a0e09a378e?version=1.1&t=1668423033376&download=true,FG_AccidentSuraksha_2017-2018.pdf,2026-08-20T14:23:13.912425+00:00
IRDAI/HLT/FGII/P-T/V.I/2/16-17,Non-Archived,2016-2017,Future Generali India Insurance Co ltd,Future Easy Travel Schengen,12-04-2016,Retail,https://irdai.gov.in/documents/37343/931203/FGI_FutureEasyTravelSchengen_2016-2017.pdf/c541ff34-b256-b850-bf85-6b34a80ca533?version=1.1&t=1668417145812&download=true,FGI_FutureEasyTravelSchengen_2016-2017.pdf,2026-08-20T14:23:13.912425+00:00
IRDAI/HLT/FGII/P-T/V.I/1/16-17,Non-Archived,2016-2017,Future Generali India Insurance Co ltd,Future Easy Travel World Wide,12-04-2016,Retail,https://irdai.gov.in/documents/37343/931203/FGI_FutureEasyTravelWorldwide_2016-2017.pdf/4fbf2685-c92c-b291-d1f9-9c3c6f1a548f?version=1.1&t=1668417051912&download=true,FGI_FutureEasyTravelWorldwide_2016-2017.pdf,2026-08-20T14:23:13.912425+00:00
IRDAI/HLT/FGII/P-T/V.I/30/16-17,Non-Archived,2016-2017,Future Generali India Insurance Co ltd,Future Travel Suraksha Select,14-10-2016,Retail,https://irdai.gov.in/documents/37343/931203/FGI_FutureTravelSurakshaSelect_2016-2017.pdf/944fc4a5-6caf-494d-da23-20927b54a63b?version=1.1&t=1668417274613&download=true,FGI_FutureTravelSurakshaSelect_2016-2017.pdf,2026-08-20T14:23:13.912425+00:00
FGIHLGP18122V011718,Non-Archived,2017-2018,Future Generali India Insurance Co ltd,Group Health Insurance (Small and Mid-size Groups),14-03-2018,,https://irdai.gov.in/documents/37343/931203/FGI_GroupHealthInsurance%28SmallandMid-sizeGroups%29_2017-2018.pdf/0dc96102-636b-73cc-12b3-69528e093f51?version=1.1&t=1668423476020&download=true,FGI_GroupHealthInsurance(SmallandMid-sizeGroups)_2017-2018.pdf,2026-08-20T14:23:13.912425+00:00
IRDAI/HLT/FGII/P-H(G)/V.I/47/2016-17,Non-Archived,2016-2017,Future Generali India Insurance Co ltd,Group Health Insurance Revised,10-01-2017,Group,https://irdai.gov.in/documents/37343/931203/FGI_GroupHealthInsurance%28revised%29_2016-2017.pdf/b4bd8b9e-8ee0-16b7-6c44-58c755d04c4f?version=1.1&t=1668417374600&download=true,FGI_GroupHealthInsurance(revised)_2016-2017.pdf,2026-08-20T14:23:13.912425+00:00
IRDAI/HLT/FGII/P-H(G)/V.I/45/2016-17,Non-Archived,2016-2017,Future Generali India Insurance Co ltd,Group Loan Bima,04-01-2017,Group,https://irdai.gov.in/documents/37343/931203/FGI_GroupLoanBima_2016-2017.pdf/87ae725e-2895-6420-169b-aae76eda8d72?version=1.1&t=1668417328172&download=true,FGI_GroupLoanBima_2016-2017.pdf,2026-08-20T14:23:13.912425+00:00
IRDAI/HLT/FGII/P-P(G)/V.I/48/2016-17,Non-Archived,2016-2017,Future Generali India Insurance Co ltd,Group Personal Accident (revised),10-01-2017,Group,https://irdai.gov.in/documents/37343/931203/FGI_GroupPersonalAccident%28Revised%29_2016-2017.pdf/d06d69b8-1e8e-b96d-518b-81c8f76183ea?version=1.1&t=1668919276290&download=true,FGI_GroupPersonalAccident(Revised)_2016-2017.pdf,2026-08-20T14:23:13.912425+00:00
FGIPAGP18010V011718,Non-Archived,2017-2018,Future Generali India Insurance Co ltd,Janata Personal Accident – Group,05-07-2017,,https://irdai.gov.in/documents/37343/931203/FG_JanataPersonalAccidentGroup_2017-2018.pdf/311af647-4f77-f488-af80-c6b9a178068c?version=1.1&t=1668423355807&download=true,FG_JanataPersonalAccidentGroup_2017-2018.pdf,2026-08-20T14:23:13.912425+00:00
FGIHLIP18024V011718,Non-Archived,2017-2018,Future Generali India Insurance Co ltd,Surakshit Loan Bima,17-08-2017,,https://irdai.gov.in/documents/37343/931203/FG_SurakshitLoanBima_2017-2018.pdf/1299674a-3210-3b0d-9630-d7259c2ccca3?version=1.1&t=1668423388986&download=true,FG_SurakshitLoanBima_2017-2018.pdf,2026-08-20T14:23:13.912425+00:00
FGIHLIP20160V011920,Non-Archived,2019-2020,Future Generali India Insurance Co. Ltd,"Arogya Sanjeevani Policy, Future Generali India Insurance Company Limited",27-03-2020,New,https://irdai.gov.in/documents/37343/931203/FGIHLIP20160V011920_2019-2020.pdf/57c94e92-55b4-e3b2-dc0d-950dee887559?version=1.1&t=1668512595006&download=true,FGIHLIP20160V011920_2019-2020.pdf,2026-08-20T14:23:13.912425+00:00
FGIHLIP21076V012021,Non-Archived,2020-2021,Future Generali India Insurance Co. Ltd,"Corona Kavach Policy, Future Generali India Insurance Company Limited",07-10-2020,New,https://irdai.gov.in/documents/37343/931203/FGIHLIP21076V012021_2020-2021.pdf/f34dcce8-a56c-fddd-d8b4-32ccb1ab2b6a?version=1.1&t=1668154610645&download=true,FGIHLIP21076V012021_2020-2021.pdf,2026-08-20T14:23:13.912425+00:00
FGIHLIP22189V032122,Non-Archived,2021-2022,Future Generali India Insurance Co. Ltd,Health Total,12-12-2021,Health,https://irdai.gov.in/documents/37343/931203/Health+Total.pdf/1686e404-21d0-da0a-e815-8d1c2e52bc5c?version=1.1&t=1668923517128&download=true,Health Total.pdf,2026-08-20T14:23:13.912425+00:00
FGIHLGP22108V022122,Non-Archived,2021-2022,Future Generali India Insurance Co. Ltd.,Alpa Bima – Group,09-07-2021,Revision,https://irdai.gov.in/documents/37343/931203/FGIHLGP22108V022122_HEALTH2085.pdf/dfcaf70e-b41c-f800-b2dc-fa9f4e876c27?version=1.1&t=1668768893701&download=true,FGIHLGP22108V022122_HEALTH2085.pdf,2026-08-20T14:23:13.912425+00:00
FGIHLIP22234V012122,Non-Archived,2021-2022,Future Generali India Insurance Co. Ltd.,FG Health Elite,31-03-2022,Individual,https://irdai.gov.in/documents/37343/931203/FGIHLIP22234V012122.pdf/69419fef-14e6-20b3-445f-8ff8a5fbc961?version=1.1&t=1668850036897&download=true,FGIHLIP22234V012122.pdf,2026-08-20T14:23:13.912425+00:00
FGIPAIP21623V012021,Non-Archived,2020-2021,Future Generali India Insurance Co.Ltd,"Saral Suraksha Bima, Future Generali India Insurance Company Limited",30-03-2021,New,https://irdai.gov.in/documents/37343/931203/FGIPAIP21623V012021_2020-2021.pdf/fade8e35-1352-5606-3f05-c308af57578b?version=1.1&t=1668578678683&download=true,FGIPAIP21623V012021_2020-2021.pdf,2026-08-20T14:23:13.912425+00:00
FGIHLIP21075V012021,Non-Archived,2020-2021,Future Generali India Insurance Co.Ltd.,"Corona Rakshak Policy, Future Generali India Insurance Company Limited",07-09-2020,New,https://irdai.gov.in/documents/37343/931203/FGIHLIP21075V012021_2020-2021.pdf/a0f1b9ff-3127-02a2-707f-ab4a88d0d2e5?version=1.1&t=1668578952818&download=true,FGIHLIP21075V012021_2020-2021.pdf,2026-08-20T14:23:13.912425+00:00
FGIHLIP21157V022021,Non-Archived,2020-2021,Future Generali India Insurance Co.Ltd.,Future Aarogya Bima,20-08-2020,Revision,https://irdai.gov.in/documents/37343/931203/FGIHLIP21157V022021_2020-2021.pdf/5403d8a0-cecd-c044-ba00-49a85d3229af?version=1.1&t=1668579115209&download=true,FGIHLIP21157V022021_2020-2021.pdf,2026-08-20T14:23:13.912425+00:00
FGIHLIP21155V022021,Non-Archived,2020-2021,Future Generali India Insurance Co.Ltd.,Future Advantage Top - up,19-08-2020,Revision,https://irdai.gov.in/documents/37343/931203/FGIHLIP21155V022021_2020-2021.pdf/efbd58b9-0b62-c841-a73f-1f88bde31ff4?version=1.1&t=1668579015175&download=true,FGIHLIP21155V022021_2020-2021.pdf,2026-08-20T14:23:13.912425+00:00
FGIHLGP21154V022021,Non-Archived,2020-2021,Future Generali India Insurance Co.Ltd.,Future Advantage Top -Up – Group,19-08-2020,Revision,https://irdai.gov.in/documents/37343/931203/FGIHLGP21154V022021_2020-2021.pdf/b8fac70f-efb7-58f1-58c0-e38e8822250b?version=1.1&t=1668578794498&download=true,FGIHLGP21154V022021_2020-2021.pdf,2026-08-20T14:23:13.912425+00:00
FGIHLIP21156V022021,Non-Archived,2020-2021,Future Generali India Insurance Co.Ltd.,Future Health Suraksha,20-08-2020,Revision,https://irdai.gov.in/documents/37343/931203/FGIHLIP21156V022021_2020-2021.pdf/9d3df075-c8ee-3981-324e-7ad9fa3aec10?version=1.1&t=1668579067754&download=true,FGIHLIP21156V022021_2020-2021.pdf,2026-08-20T14:23:13.912425+00:00
FGIHLIP21158V022021,Non-Archived,2020-2021,Future Generali India Insurance Co.Ltd.,Future Health Surplus,20-08-2020,Revision,https://irdai.gov.in/documents/37343/931203/FGIHLIP21158V022021_2020-2021.pdf/6f12a0b9-118c-71d5-3824-3857d9d86333?version=1.1&t=1668579158319&download=true,FGIHLIP21158V022021_2020-2021.pdf,2026-08-20T14:23:13.912425+00:00
FGIHLGP21152V022021,Non-Archived,2020-2021,Future Generali India Insurance Co.Ltd.,Future Poorna Suraksha -Group,18-08-2020,Revision,https://irdai.gov.in/documents/37343/931203/FGIHLGP21152V022021_2020-2021.pdf/6d3eaf6d-4598-43a8-9944-afaefae7cfd5?version=1.1&t=1668578741098&download=true,FGIHLGP21152V022021_2020-2021.pdf,2026-08-20T14:23:13.912425+00:00
FGIHLIP21159V022021,Non-Archived,2020-2021,Future Generali India Insurance Co.Ltd.,Future Varishta Bima,24-08-2020,Revision,https://irdai.gov.in/documents/37343/931203/FGIHLIP21159V022021_2020-2021.pdf/b8263a00-201d-d982-5d05-4e58cfe346e0?version=1.1&t=1668579209013&download=true,FGIHLIP21159V022021_2020-2021.pdf,2026-08-20T14:23:13.912425+00:00
FGIHLGP21165V022021,Non-Archived,2020-2021,Future Generali India Insurance Co.Ltd.,Group Health Insurance(Revised ),24-08-2020,Revision,https://irdai.gov.in/documents/37343/931203/FGIHLGP21165V022021_2020-2021.pdf/31b9b937-4dbc-ddda-b33d-d0195eafdf4b?version=1.1&t=1668578906592&download=true,FGIHLGP21165V022021_2020-2021.pdf,2026-08-20T14:23:13.912425+00:00
FGIHLGP21164V022021,Non-Archived,2020-2021,Future Generali India Insurance Co.Ltd.,Group Health Insurance(Small and Mid-size groups),24-08-2020,Revision,https://irdai.gov.in/documents/37343/931203/FGIHLGP21164V022021_2020-2021.pdf/849ebe92-3718-e2cd-f707-a1ae59ecdd63?version=1.1&t=1668578856519&download=true,FGIHLGP21164V022021_2020-2021.pdf,2026-08-20T14:23:13.912425+00:00
FGIHLIP21163V022021,Non-Archived,2020-2021,Future Generali India Insurance Co.Ltd.,Health Total,24-08-2020,Revision,https://irdai.gov.in/documents/37343/931203/FGIHLIP21163V022021_2020-2021.pdf/d1fd4162-c25d-a21c-94a0-19ac58aee7b8?version=1.1&t=1668579258022&download=true,FGIHLIP21163V022021_2020-2021.pdf,2026-08-20T14:23:13.912425+00:00
IRDA/NL-HLT/FGII/P-P/V.I/73/13-14,Non-Archived,2013-2014,Future Generali India Insurance Company Limited,Accident Suraksha,24-06-2013,,https://irdai.gov.in/documents/37343/931203/Accident+Suraksha_2013-2014.pdf/6d7afd9a-60a9-cce8-9363-fb3c03915871?version=1.1&t=1668231340257&download=true,Accident Suraksha_2013-2014.pdf,2026-08-20T14:23:13.912425+00:00
IRDA/NL-HLT/FGII/P-H(C)/V.I/74/13-14,Non-Archived,2013-2014,Future Generali India Insurance Company Limited,Future Criticare,24-06-2013,,https://irdai.gov.in/documents/37343/931203/Future+Criticare_2013-2014.pdf/00ee1da7-686e-1f14-cb90-796f5892a858?version=1.1&t=1668231385329&download=true,Future Criticare_2013-2014.pdf,2026-08-20T14:23:13.912425+00:00
IRDA/NL-HLT/FGII/P-H/V.I/71/13-14,Non-Archived,2013-2014,Future Generali India Insurance Company Limited,Future Health Suraksha,24-06-2013,,https://irdai.gov.in/documents/37343/931203/Future+Health+Suraksha_2013-2014.pdf/46a88da4-55b5-515c-cbe1-5be12346ab13?version=1.1&t=1668231249280&download=true,Future Health Suraksha_2013-2014.pdf,2026-08-20T14:23:13.912425+00:00
IRDA/NL-HLT/FGII/P-H/V.I/72/13-14,Non-Archived,2013-2014,Future Generali India Insurance Company Limited,Future Health Surplus,24-06-2013,,https://irdai.gov.in/documents/37343/931203/Future+Health+Surplus_2013-2014.pdf/fe63198d-6cad-fa0a-439b-d245dc74c108?version=1.1&t=1668231299370&download=true,Future Health Surplus_2013-2014.pdf,2026-08-20T14:23:13.912425+00:00
IRDA/NL-HLT/FGII/P-H/V.I/75/13-14,Non-Archived,2013-2014,Future Generali India Insurance Company Limited,Future Hospicash,24-06-2013,,https://irdai.gov.in/documents/37343/931203/Future+Hospicash_2013-2014.pdf/455716f1-5d28-97ee-cb3f-43cf5981ff96?version=1.1&t=1668231428780&download=true,Future Hospicash_2013-2014.pdf,2026-08-20T14:23:13.912425+00:00
IRDA/NL-HLT/FGII/P-T/V.I/77/13-14,Non-Archived,2013-2014,Future Generali India Insurance Company Limited,Future Student Suraksha,24-06-2013,,https://irdai.gov.in/documents/37343/931203/Future+Student+Suraksha_2013-2014.pdf/e16368f7-1f72-7e33-7544-6ee20da9f451?version=1.1&t=1668231592859&download=true,Future Student Suraksha_2013-2014.pdf,2026-08-20T14:23:13.912425+00:00
IRDA/NL-HLT/FGII/P-T/V.I/76/13-14,Non-Archived,2013-2014,Future Generali India Insurance Company Limited,Future Travel Suraksha,24-06-2013,,https://irdai.gov.in/documents/37343/931203/Future+Travel+Suraksha_2013-2014.pdf/5361537d-2a23-c529-2c3d-fde6b19fcc5a?version=1.1&t=1668231553048&download=true,Future Travel Suraksha_2013-2014.pdf,2026-08-20T14:23:13.912425+00:00
IRDA/NL-HLT/FGII/P-T/V.II/78/13-14,Non-Archived,2013-2014,Future Generali India Insurance Company Limited,Future Travel Suraksha - Schengen Travel,21-02-2014,,https://irdai.gov.in/documents/37343/931203/Future+Travel+Suraksha+-+Schengen+Travel_2013-2014.pdf/5083e884-048b-30de-94bc-60a4dda5dbd2?version=1.1&t=1668231639489&download=true,Future Travel Suraksha - Schengen Travel_2013-2014.pdf,2026-08-20T14:23:13.912425+00:00
IRDA/NL-HLT/FGII/P-H/V.I/79/13-14,Non-Archived,2013-2014,Future Generali India Insurance Company Limited,Group Health Insurance,24-06-2013,,https://irdai.gov.in/documents/37343/931203/Group+Health+Insurance_2013-06-24.pdf/0603846c-2c13-454a-48f8-6daf872ea4d4?version=1.1&t=1668231684003&download=true,Group Health Insurance_2013-06-24.pdf,2026-08-20T14:23:13.912425+00:00
IRDA/NL-HLT/FGII/P-P/V.I/80/13-14,Non-Archived,2013-2014,Future Generali India Insurance Company Limited,Group Personal Accident,24-06-2013,,https://irdai.gov.in/documents/37343/931203/Group+Personal+Accident_2013-06-24.pdf/1d3e8ce5-9e28-b36c-1e41-6e38c1c5dc87?version=1.1&t=1668231772439&download=true,Group Personal Accident_2013-06-24.pdf,2026-08-20T14:23:13.912425+00:00
IRDA/NL-HLT/FGII/P-P/V.I/81/13-14,Non-Archived,2013-2014,Future Generali India Insurance Company Limited,Janata Personal Accident,24-06-2013,,https://irdai.gov.in/documents/37343/931203/Janata+Personal+Accident_2013-2014.pdf/963b7d4e-9f18-e6b9-6aad-9a7676fd6171?version=1.1&t=1668231827205&download=true,Janata Personal Accident_2013-2014.pdf,2026-08-20T14:23:13.912425+00:00
FGIHLIP22013V022122,Non-Archived,2021-2022,Future Generali India Insurance Company Limited.,Future Vector Care,23-04-2021,Revision,https://irdai.gov.in/documents/37343/931203/FGIHLIP22013V022122_HEALTH2010.pdf/eb59710a-c518-f97c-7c41-c55f7528a8b5?version=1.1&t=1668844852095&download=true,FGIHLIP22013V022122_HEALTH2010.pdf,2026-08-20T14:23:13.912425+00:00
FGIHLGP22014V022122,Non-Archived,2021-2022,Future Generali India Insurance Company Limited.,Future Vector Care (Group),23-04-2021,Revision,https://irdai.gov.in/documents/37343/931203/FGIHLGP22014V022122_HEALTH2009.pdf/d59bf8f2-8ecb-d977-7871-69552e817586?version=1.1&t=1668844793643&download=true,FGIHLGP22014V022122_HEALTH2009.pdf,2026-08-20T14:23:13.912425+00:00
IRDAI/HLT/FGII/P-H/V.I/02/15-16,Non-Archived,2015-2016,Future Generali India Insurance Company Ltd,Health Total,23-06-2015,,https://irdai.gov.in/documents/37343/931203/FG_+HEALTH+TOTAL_2015-2016.pdf/1eb4f64e-57e8-6ec7-e9b3-43ad81dee8b7?version=1.1&t=1668408586057&download=true,FG_ HEALTH TOTAL_2015-2016.pdf,2026-08-20T14:23:13.912425+00:00
IRDAI/HLT/FGII/P-H/V.I/34/15-16,Non-Archived,2015-2016,Future Generali India Insurance Company Ltd,Sukshma Hopi Cash Group Micro Insurance,31-03-2016,,https://irdai.gov.in/documents/37343/931203/FG_-+Sukshma+Hospi-Cash+Group+Micro+Insurance_2015-2016.pdf/57bd25c2-e6e1-6b49-8187-edb0feb00bf0?version=1.1&t=1668408614931&download=true,FG_- Sukshma Hospi-Cash Group Micro Insurance_2015-2016.pdf,2026-08-20T14:23:13.912425+00:00
GODHLIP20168V011920,Non-Archived,2019-2020,Go Digit Gen Ins Co Ltd,"Arogya Sanjeevani Policy, Go Digit",31-03-2020,New,https://irdai.gov.in/documents/37343/931203/GODHLIP20168V011920_2019-2020.pdf/937e1909-d759-1565-7e56-70e7cdb8a6b2?version=1.1&t=1668512638037&download=true,GODHLIP20168V011920_2019-2020.pdf,2026-08-20T14:23:13.912425+00:00
GODHLIP21074V012021,Non-Archived,2020-2021,Go Digit Gen Ins Co Ltd,"Corona Kavach Policy, Go Digit",07-08-2020,New,https://irdai.gov.in/documents/37343/931203/GODHLIP21074V012021_2020-2021.pdf/e93ecc60-784a-5ac6-3fad-3ed4b7ba4de1?version=1.1&t=1668154549182&download=true,GODHLIP21074V012021_2020-2021.pdf,2026-08-20T14:23:13.912425+00:00
GODPAGP19107V011819,Non-Archived,2018-2019,Go Digit General Insurance Co,Digit Group Personal Accident Policy,11-01-2019,Retail,https://irdai.gov.in/documents/37343/931203/GODPAGP19107V011819_2018-2019.pdf/df89003c-66e2-94ac-d24b-77ff467387b0?version=1.1&t=1668504543509&download=true,GODPAGP19107V011819_2018-2019.pdf,2026-08-20T14:23:13.912425+00:00
GODTGOA22173V012122,Non-Archived,2021-2022,Go Digit General Insurance Co.Ltd,Digit On -the- Move Group Policy,29-12-2021,Health,https://irdai.gov.in/documents/37343/931203/Digit+On+-the-+Move+Group+Policy.pdf/744a7bd4-a3d0-b7ac-33b2-7f73643d5198?version=1.1&t=1668753833346&download=true,Digit On -the- Move Group Policy.pdf,2026-08-20T14:23:13.912425+00:00
GODPAGP22191V012122,Non-Archived,2021-2022,Go Digit General Insurance Co.Ltd,Group Credit Health Policy,28-12-2021,Health,https://irdai.gov.in/documents/37343/931203/Group+Credit+Health+Policy.pdf/12bb59f8-3e6c-1d28-ab40-90a0faa1e3af?version=1.1&t=1668753757968&download=true,Group Credit Health Policy.pdf,2026-08-20T14:23:13.912425+00:00
GODPAIP19072V011920,Non-Archived,2019-2020,Go Digit General Insurance Ltd,Digit Total Protect Policy,24-10-2019,New,https://irdai.gov.in/documents/37343/931203/GODPAIP19072V011920_2019-2020.pdf/7cecd8c4-33bd-0eb8-bc09-48a01630354b?version=1.1&t=1668512716504&download=true,GODPAIP19072V011920_2019-2020.pdf,2026-08-20T14:23:13.912425+00:00
GODHLIP19045V011920,Non-Archived,2019-2020,Go Digit General Insurance Ltd,The Digit Healthcare plus policy,08-09-2019,New,https://irdai.gov.in/documents/37343/931203/GODHLIP19045V011920_2019-2020.pdf/7032de54-54a1-b5bc-cf21-7511b0782755?version=1.1&t=1668512672412&download=true,GODHLIP19045V011920_2019-2020.pdf,2026-08-20T14:23:13.912425+00:00
GODHLGP21492V022021,Non-Archived,2020-2021,Go Digit General Insurance Ltd.,Digit Complete Care Policy,28-09-2020,Revision,https://irdai.gov.in/documents/37343/931203/GODHLGP21492V022021_2020-2021.pdf/5eaae8bb-d440-05ff-4c9f-2daaf5e01ee0?version=1.1&t=1668579450783&download=true,GODHLGP21492V022021_2020-2021.pdf,2026-08-20T14:23:13.912425+00:00
GODPAGP21491V022021,Non-Archived,2020-2021,Go Digit General Insurance Ltd.,Digit Group Total Protect Policy,28-09-2020,Revision,https://irdai.gov.in/documents/37343/931203/GODPAGP21491V022021_2020-2021.pdf/1fae0128-86cc-30cf-e7a2-330bcef7ee90?version=1.1&t=1668579559743&download=true,GODPAGP21491V022021_2020-2021.pdf,2026-08-20T14:23:13.912425+00:00
GODHLIP21486V022021,Non-Archived,2020-2021,Go Digit General Insurance Ltd.,Digit Health Care Plus Policy,27-09-2020,Revision,https://irdai.gov.in/documents/37343/931203/GODHLIP21486V022021_2020-2021.pdf/97e26d45-c04b-951c-f1fc-1e427214942b?version=1.1&t=1668579512510&download=true,GODHLIP21486V022021_2020-2021.pdf,2026-08-20T14:23:13.912425+00:00
GODHLGP21487V032021,Non-Archived,2020-2021,Go Digit General Insurance Ltd.,Digit Health Plus Policy (Revision),28-09-2020,Revision,https://irdai.gov.in/documents/37343/931203/GODHLGP21487V032021_2020-2021.pdf/011fc58b-72d9-6749-31f3-6e196beba664?version=1.1&t=1668579305960&download=true,GODHLGP21487V032021_2020-2021.pdf,2026-08-20T14:23:13.912425+00:00
GODHLGP21488V022021,Non-Archived,2020-2021,Go Digit General Insurance Ltd.,Digit Illness Group Insurance,28-09-2020,Revision,https://irdai.gov.in/documents/37343/931203/GODHLGP21488V022021_2020-2021.pdf/cf977d90-7165-eb56-41c7-009c58eaaf66?version=1.1&t=1668579379544&download=true,GODHLGP21488V022021_2020-2021.pdf,2026-08-20T14:23:13.912425+00:00
GODPAIP21489V022021,Non-Archived,2020-2021,Go Digit General Insurance Ltd.,Digit Total Protect Policy,28-09-2020,Revision,https://irdai.gov.in/documents/37343/931203/GODPAIP21489V022021_2020-2021.pdf/8d955615-da1d-939d-6853-f053c4e822af?version=1.1&t=1668579604644&download=true,GODPAIP21489V022021_2020-2021.pdf,2026-08-20T14:23:13.912425+00:00
GODTIBP18100V011718,Non-Archived,2017-2018,Go Digit General Insurance ltd,Digit on -the-move policy,19-12-2017,,https://irdai.gov.in/documents/37343/931203/Digi_OntheMove_2017-2018.pdf/81a79456-15ab-acb6-d47d-22a210a24d98?version=1.1&t=1668423528550&download=true,Digi_OntheMove_2017-2018.pdf,2026-08-20T14:23:13.912425+00:00
GODHLGP19013V011819,Non-Archived,2018-2019,Go Digit General Inurance Co ltd,Digit Health Plus Policy,02-05-2018,Group,https://irdai.gov.in/documents/37343/931203/GODHLGP19013V011819_2018-2019.pdf/f28eac81-0ff7-ac16-6a0f-92346916d290?version=1.1&t=1668504682961&download=true,GODHLGP19013V011819_2018-2019.pdf,2026-08-20T14:23:13.912425+00:00
GODHLIP21108V012021,Non-Archived,2020-2021,Go digit General Inusrance Co Ltd,"Corona Rakshak Policy, Go Digit",07-10-2020,New,https://irdai.gov.in/documents/37343/931203/GODHLIP21108V012021_2020-2021.pdf/deccff8b-3559-2dd3-e6d6-a1a9e3177396?version=1.1&t=1668579745172&download=true,GODHLIP21108V012021_2020-2021.pdf,2026-08-20T14:23:13.912425+00:00
GODHLGP21147V012021,Non-Archived,2020-2021,Go digit General Inusrance Co Ltd,Digit Group Hospital Cash Policy,13-08-2020,Group,https://irdai.gov.in/documents/37343/931203/GODHLGP21147V012021_2020-2021.pdf/6583e10d-75f2-99ff-55a2-344d10d76948?version=1.1&t=1668579696763&download=true,GODHLGP21147V012021_2020-2021.pdf,2026-08-20T14:23:13.912425+00:00
GODPAGP21540V012021,Non-Archived,2020-2021,Go digit General Inusrance Co Ltd,Digit Group Janata Personal Accident Policy,14-10-2020,Group,https://irdai.gov.in/documents/37343/931203/GODPAGP21540V012021_2020-2021.pdf/5bf2d49a-326e-73d4-d2f0-35c843e43cac?version=1.1&t=1668579796645&download=true,GODPAGP21540V012021_2020-2021.pdf,2026-08-20T14:23:13.912425+00:00
GODTIBP21543V022021,Non-Archived,2020-2021,Go digit General Inusrance Co Ltd,Digit ‘On-the-Move’ Policy,23-10-2020,Revision,https://irdai.gov.in/documents/37343/931203/GODTIBP21543V022021_2020-2021.pdf/875d61b9-b6fc-ccdc-e6c1-1620d95aab54?version=1.1&t=1669362130610&download=true,GODTIBP21543V022021_2020-2021.pdf,2026-08-20T14:23:13.912425+00:00
GODPAIP21616V012021,Non-Archived,2020-2021,Go digit General Inusrance Co Ltd,"Saral Suraksha Bima, Go Digit",26-03-2021,New,https://irdai.gov.in/documents/37343/931203/GODPAIP21616V012021_2020-2021.pdf/0ddd40df-ace8-ae08-cd67-7235f9db7dcc?version=1.1&t=1668579842602&download=true,GODPAIP21616V012021_2020-2021.pdf,2026-08-20T14:23:13.912425+00:00
HDFPAGP19125V011819,Non-Archived,2018-2019,HDFC ERGO General Insurance Co,Credit - Personal Accident (Group),20-02-2019,Group,https://irdai.gov.in/documents/37343/931203/HDFPAGP19125V011819_2018-2019.pdf/c2c377ef-4b6b-2183-4e7f-b68414afcac3?version=1.1&t=1668505036359&download=true,HDFPAGP19125V011819_2018-2019.pdf,2026-08-20T14:23:13.912425+00:00
HDFHCSA20019V011920,Non-Archived,2019-2020,HDFC ERGO General Insurance Co,Health Critical Illness - Add on - CSC,16-05-2019,csc,https://irdai.gov.in/documents/37343/931203/HDFHCSA20019V011920_2019-2020.pdf/2ef556a3-988f-b880-79d2-853621803303?version=1.1&t=1668512812407&download=true,HDFHCSA20019V011920_2019-2020.pdf,2026-08-20T14:23:13.912425+00:00
HDFHLIA19133V011819,Non-Archived,2018-2019,HDFC ERGO General Insurance Co,Health Hospital Cash Benefit (Add-on),15-03-2019,Retail,https://irdai.gov.in/documents/37343/931203/HDFHLIA19133V011819_2018-2019.pdf/15d394bc-5242-7cbd-199e-6d2b617019d2?version=1.1&t=1668505260716&download=true,HDFHLIA19133V011819_2018-2019.pdf,2026-08-20T14:23:13.912425+00:00
HDFHCSA20020V011920,Non-Archived,2019-2020,HDFC ERGO General Insurance Co,Health Hospital Cash Benefit - Add on - CSC,16-05-2019,csc,https://irdai.gov.in/documents/37343/931203/HDFHCSA20020V011920_2019-2020.pdf/7b22954e-4118-dcfd-2653-ee35cb774e98?version=1.1&t=1668512958036&download=true,HDFHCSA20020V011920_2019-2020.pdf,2026-08-20T14:23:13.912425+00:00
HDFHLGP19119V011819,Non-Archived,2018-2019,HDFC ERGO General Insurance Co,Mosquito Disease Protection Policy Group,12-02-2019,Group,https://irdai.gov.in/documents/37343/931203/HDFHLGP19119V011819_2018-2019.pdf/f45dc037-afc6-27c3-a93b-8c6010d5c6ed?version=1.1&t=1668504813255&download=true,HDFHLGP19119V011819_2018-2019.pdf,2026-08-20T14:23:13.912425+00:00
HDFHLIP19129V011819,Non-Archived,2018-2019,HDFC ERGO General Insurance Co,Sampoorna Suraksha,25-02-2019,Retail,https://irdai.gov.in/documents/37343/931203/HDFHLIP19129V011819_2018-2019.pdf/fa2f36f8-8b21-faa0-e7cb-882046260e3f?version=1.1&t=1668505585697&download=true,HDFHLIP19129V011819_2018-2019.pdf,2026-08-20T14:23:13.912425+00:00
HDFHLIP19117V011819,Non-Archived,2018-2019,HDFC ERGO General Insurance Co,health Critical Illness - Add on,08-02-2019,Retail,https://irdai.gov.in/documents/37343/931203/HDFHLIP19117V011819_2018-2019.pdf/cc43fafe-48df-1776-c6b0-f04e23aff6c3?version=1.1&t=1668505200670&download=true,HDFHLIP19117V011819_2018-2019.pdf,2026-08-20T14:23:13.912425+00:00
HDFHLIP19025V011920,Non-Archived,2019-2020,HDFC ERGO General Insurance Co,health Women Suraksha,06-04-2019,Retail,https://irdai.gov.in/documents/37343/931203/HDFHLIP19025V011920_2019-2020.pdf/99a2bc0b-0e3a-f845-d9fb-680fccd4276f?version=1.1&t=1668512764549&download=true,HDFHLIP19025V011920_2019-2020.pdf,2026-08-20T14:23:13.912425+00:00
HDFHLGP21552V012021,Non-Archived,2020-2021,HDFC ERGO General Insurance Co ltd,"Arogya Sanjeevani Policy, HDFC ERGO (Group)",21-11-2020,New,https://irdai.gov.in/documents/37343/931203/HDFHLGP21552V012021_2020-2021.pdf/5398b2de-3fc4-089b-8fe8-403e35fcdab5?version=1.1&t=1668580975167&download=true,HDFHLGP21552V012021_2020-2021.pdf,2026-08-20T14:23:13.912425+00:00
HDFHCSP18052V011718.,Non-Archived,2017-2018,HDFC ERGO General Insurance Co ltd,Critical Illness Insurance - CSC,31-10-2017,,https://irdai.gov.in/documents/37343/931203/HE_CriticalIllnessPolicy_CSC_2017-2018.pdf/b4541752-398e-48c3-0f41-33711ce0582b?version=1.1&t=1668423589740&download=true,HE_CriticalIllnessPolicy_CSC_2017-2018.pdf,2026-08-20T14:23:13.912425+00:00
HDFHCSP18057V011718.,Non-Archived,2017-2018,HDFC ERGO General Insurance Co ltd,Gramin Arogya Nidhi-CSCC,31-10-2017,,https://irdai.gov.in/documents/37343/931203/HE_GraminArogyaNidhi_CSC_2017-2018.pdf/a008742e-ab6e-bcb2-9785-707dd263c5a8?version=1.1&t=1668423979599&download=true,HE_GraminArogyaNidhi_CSC_2017-2018.pdf,2026-08-20T14:23:13.912425+00:00
HDFHCSP18056V011718.,Non-Archived,2017-2018,HDFC ERGO General Insurance Co ltd,Gramin Suraksha Bima -Retial-CSC,31-10-2017,,https://irdai.gov.in/documents/37343/931203/HE_GraminSurakshBimaRetail_CSC_2017-2018.pdf/3d306fc4-4b1e-f32b-e067-fea6adeda4bf?version=1.1&t=1668424011745&download=true,HE_GraminSurakshBimaRetail_CSC_2017-2018.pdf,2026-08-20T14:23:13.912425+00:00
IRDAI/HLT/HDFC-ERGOGI/P-H(G)/V.I/69/2016-17,Non-Archived,2016-2017,HDFC ERGO General Insurance Co ltd,Group Critical Illness,21-03-2017,Group,https://irdai.gov.in/documents/37343/931203/HDFCERGO_GroupCriticalIllness_2016-2017.pdf/fc8ab190-937c-3afb-4b5d-cde68066f9cc?version=1.1&t=1668417540149&download=true,HDFCERGO_GroupCriticalIllness_2016-2017.pdf,2026-08-20T14:23:13.912425+00:00
HDFHCSP18055V011718,Non-Archived,2017-2018,HDFC ERGO General Insurance Co ltd,Health Medisure Classic Insurance - CSC,31-10-2017,,https://irdai.gov.in/documents/37343/931203/HE_MyhealthMedisureClassicInsurance_CSC_2017-2018.pdf/d8f8a64f-d241-4d1e-921f-ecff946a204e?version=1.1&t=1668424128020&download=true,HE_MyhealthMedisureClassicInsurance_CSC_2017-2018.pdf,2026-08-20T14:23:13.912425+00:00
HDFHLIP18019V031718,Non-Archived,2017-2018,HDFC ERGO General Insurance Co ltd,Health Suraskha,26-07-2017,,https://irdai.gov.in/documents/37343/931203/HE_HEALTHSURAKSHA_2017-2018.pdf/9dccd443-6598-b8ab-687f-4f1638b27003?version=1.1&t=1668424615500&download=true,HE_HEALTHSURAKSHA_2017-2018.pdf,2026-08-20T14:23:13.912425+00:00
HDFHCSP18053V011718.,Non-Archived,2017-2018,HDFC ERGO General Insurance Co ltd,Health Suraskha CSC,31-10-2017,,https://irdai.gov.in/documents/37343/931203/HE_HealthSuraksha_CSC_2017-2018.pdf/1437d64c-8449-0261-f218-2e7d4eb60666?version=1.1&t=1668424042606&download=true,HE_HealthSuraksha_CSC_2017-2018.pdf,2026-08-20T14:23:13.912425+00:00
IRDAI/HLT/HDFC-ERGOGI/P-H/V.I/27/16-17,Non-Archived,2016-2017,HDFC ERGO General Insurance Co ltd,Micro Insurance Gramin Arogya Nidhi,30-09-2016,Micro,https://irdai.gov.in/documents/37343/931203/HDFCERGO_MicroInsuranceGraminArogyaNidhi_2016-2017.pdf/cbea3ed5-bcd7-7f24-cb9c-9001bf5a65e7?version=1.1&t=1668417668862&download=true,HDFCERGO_MicroInsuranceGraminArogyaNidhi_2016-2017.pdf,2026-08-20T14:23:13.912425+00:00
IRDAI/HLT/HDFC-ERGOGI/P-H/V.I/26/16-17,Non-Archived,2016-2017,HDFC ERGO General Insurance Co ltd,Micro Insurance Gramin Suraksha Bima Policy,30-09-2016,Micro,https://irdai.gov.in/documents/37343/931203/HDFCERGO_MicroInsuranceGraminSurakshaBimapolicy_2016-2017.pdf/c3792099-4d71-85c9-a6ea-64a7a60c3e1f?version=1.1&t=1668417754445&download=true,HDFCERGO_MicroInsuranceGraminSurakshaBimapolicy_2016-2017.pdf,2026-08-20T14:23:13.912425+00:00
IRDAI/HLT/HDFC-ERGOGI/P-H/V.I/29/16-17,Non-Archived,2016-2017,HDFC ERGO General Insurance Co ltd,Micro Insurance Gramin Suraskha Bima,30-09-2016,Micro,https://irdai.gov.in/documents/37343/931203/HDFCERGO_MicroInsuranceGraminSurakshaBima_2016-2017.pdf/762e6551-aae9-c27f-7478-6dd0fbc8f137?version=1.1&t=1668417793096&download=true,HDFCERGO_MicroInsuranceGraminSurakshaBima_2016-2017.pdf,2026-08-20T14:23:13.912425+00:00
IRDAI/HLT/HDFC-ERGOGI/P-H/V.I/24/16-17,Non-Archived,2016-2017,HDFC ERGO General Insurance Co ltd,Micro Insurance Group Hospital Cash Insurance,30-09-2016,Micro,https://irdai.gov.in/documents/37343/931203/HDFCERGO_MicroInsuranceGroupHospitalCash_2016-2017.pdf/674bb513-c80a-e95e-abb2-9b0dc1c1f935?version=1.1&t=1668417843174&download=true,HDFCERGO_MicroInsuranceGroupHospitalCash_2016-2017.pdf,2026-08-20T14:23:13.912425+00:00
IRDAI/HLT/HDFC-ERGOGI/P-H/V.I/23/16-17,Non-Archived,2016-2017,HDFC ERGO General Insurance Co ltd,Micro Insurance Group Mediclaim Insurance policy,30-09-2016,Micro,https://irdai.gov.in/documents/37343/931203/HDFCERGO_MicroInsuranceGroupMediclaimInsurancePolicy_2016-2017.pdf/4ec57bf1-8fa2-afad-4fa6-40afffe2347c?version=1.1&t=1668417898588&download=true,HDFCERGO_MicroInsuranceGroupMediclaimInsurancePolicy_2016-2017.pdf,2026-08-20T14:23:13.912425+00:00
IRDAI/HLT/HDFC-ERGOGI/P-H/V.I/25/16-17,Non-Archived,2016-2017,HDFC ERGO General Insurance Co ltd,Micro Insurance Group Personal Accident Insurance,30-09-2016,Micro,https://irdai.gov.in/documents/37343/931203/HDFCERGO_MicroInsuranceGroupPersonalAccidentInsurance_2016-2017.pdf/03dabe2b-368d-64fd-4395-69be74fd5369?version=1.1&t=1668418037924&download=true,HDFCERGO_MicroInsuranceGroupPersonalAccidentInsurance_2016-2017.pdf,2026-08-20T14:23:13.912425+00:00
IRDAI/HLT/HDFC-ERGOGI/P-H/V.I/28/16-17,Non-Archived,2016-2017,HDFC ERGO General Insurance Co ltd,Micro Insurance HDFC ERGO Janata Personal Accident Insurance,30-09-2016,Micro,https://irdai.gov.in/documents/37343/931203/HDFCERGO_MicroInsuranceHDFCERGOJanataPersonalAccidentInsurance_2016-2017.pdf/0208d1d0-4558-726d-24db-c3cba20fe7ee?version=1.1&t=1668418082087&download=true,HDFCERGO_MicroInsuranceHDFCERGOJanataPersonalAccidentInsurance_2016-2017.pdf,2026-08-20T14:23:13.912425+00:00
IRDAI/HLT/HDFC-ERGOGI/P-H/V.I/21/16-17,Non-Archived,2016-2017,HDFC ERGO General Insurance Co ltd,Micro Insurance Health Suraksha,30-09-2016,Micro,https://irdai.gov.in/documents/37343/931203/HDFCERGO_MicroInsuranceHealthSuraksha_2016-2017.pdf/826d098b-a8e0-d18a-5a1e-63acada235ad?version=1.1&t=1668417499729&download=true,HDFCERGO_MicroInsuranceHealthSuraksha_2016-2017.pdf,2026-08-20T14:23:13.912425+00:00
IRDAI/HLT/HDFC-ERGOGI/P-H/V.I/22/16-17,Non-Archived,2016-2017,HDFC ERGO General Insurance Co ltd,Micro Insurance Hospital Cash Insurance,30-09-2016,Micro,https://irdai.gov.in/documents/37343/931203/HDFCERGO_MicroInsuranceHospitalCash_2016-2017.pdf/7215a530-8b17-f376-8725-0da436b0e456?version=1.1&t=1668417585910&download=true,HDFCERGO_MicroInsuranceHospitalCash_2016-2017.pdf,2026-08-20T14:23:13.912425+00:00
HDFHCSP18054V011718,Non-Archived,2017-2018,HDFC ERGO General Insurance Co ltd,Parivar Suraksha Bima Retail -CSC,31-10-2017,,https://irdai.gov.in/documents/37343/931203/HE_ParivarSurakshBima_CSC_2017-2018.pdf/f82e8841-97d0-e84a-6e3f-6ee13cf2af6a?version=1.1&t=1668424649282&download=true,HE_ParivarSurakshBima_CSC_2017-2018.pdf,2026-08-20T14:23:13.912425+00:00
HDFHCSP18060V011718,Non-Archived,2017-2018,HDFC ERGO General Insurance Co ltd,jeevika Cash@hospital Micro Insurance - CSC,31-10-2017,,https://irdai.gov.in/documents/37343/931203/HE_MyjeevikaCash_HospitalMicroInsurance_2017-2018.pdf/d2b332e3-5dbf-8999-d5be-42f856494cbb?version=1.1&t=1668424077468&download=true,HE_MyjeevikaCash_HospitalMicroInsurance_2017-2018.pdf,2026-08-20T14:23:13.912425+00:00
HDFHCSP18059V011718,Non-Archived,2017-2018,HDFC ERGO General Insurance Co ltd,jeevika Medisure Micro Insurance - CSC,31-10-2017,,https://irdai.gov.in/documents/37343/931203/HE_MyjeevikaMedisureMicroInsurance_2017-2018.pdf/bb46b98b-60cb-a976-4844-b77ca97b9f68?version=1.1&t=1668424544522&download=true,HE_MyjeevikaMedisureMicroInsurance_2017-2018.pdf,2026-08-20T14:23:13.912425+00:00
HDFHCSP18058V011718,Non-Archived,2017-2018,HDFC ERGO General Insurance Co ltd,jeevika Personal Accident Micro Insurance - CSC,31-10-2017,,https://irdai.gov.in/documents/37343/931203/HE_MyjeevikaPersonalAccidentMicroInsurance_2017-2018.pdf/d7f364a3-5c72-20d0-3ce3-175c1ea64616?version=1.1&t=1668424581688&download=true,HE_MyjeevikaPersonalAccidentMicroInsurance_2017-2018.pdf,2026-08-20T14:23:13.912425+00:00
HDFTIOP22051V022122,Non-Archived,2021-2022,HDFC ERGO General Insurance Co. Ltd.,Easy Travel,17-06-2021,Revision,https://irdai.gov.in/documents/37343/931203/HDFTIOP22051V022122_HEALTH2021.pdf/a72d8be7-5023-9e1a-8ebd-995f9d39a83f?version=1.1&t=1668849072216&download=true,HDFTIOP22051V022122_HEALTH2021.pdf,2026-08-20T14:23:13.912425+00:00
HDFTGOP22050V022122,Non-Archived,2021-2022,HDFC ERGO General Insurance Co. Ltd.,Easy Travel Group Travel Health,17-06-2021,Revision,https://irdai.gov.in/documents/37343/931203/HDFTGOP22050V022122_HEALTH2018.pdf/d48c9a05-77d0-fcf3-566a-2087fe7cbcaa?version=1.1&t=1668845354005&download=true,HDFTGOP22050V022122_HEALTH2018.pdf,2026-08-20T14:23:13.912425+00:00
HDFTIOP22055V022122,Non-Archived,2021-2022,HDFC ERGO General Insurance Co. Ltd.,Educare,17-06-2021,Revision,https://irdai.gov.in/documents/37343/931203/HDFTIOP22055V022122_HEALTH2023.pdf/6ba8b7e3-e0c0-7638-61fe-51cdbcf39643?version=1.1&t=1668849206089&download=true,HDFTIOP22055V022122_HEALTH2023.pdf,2026-08-20T14:23:13.912425+00:00
HDFTGOP22053V022122,Non-Archived,2021-2022,HDFC ERGO General Insurance Co. Ltd.,Group Easy Travel Senior,17-06-2021,Revision,https://irdai.gov.in/documents/37343/931203/HDFTGOP22053V022122_HEALTH2019.pdf/0cab04a2-0083-bdef-9635-de09f9114326?version=1.1&t=1668845419752&download=true,HDFTGOP22053V022122_HEALTH2019.pdf,2026-08-20T14:23:13.912425+00:00
HDFTGOP22054V022122,Non-Archived,2021-2022,HDFC ERGO General Insurance Co. Ltd.,Group Travel Insurance,17-06-2021,Revision,https://irdai.gov.in/documents/37343/931203/HDFTGOP22054V022122_HEALTH2020.pdf/5f557d20-a14f-d28b-956b-0c777f9e6756?version=1.1&t=1668845482554&download=true,HDFTGOP22054V022122_HEALTH2020.pdf,2026-08-20T14:23:13.912425+00:00
HDHHGP21544V012021,Non-Archived,2021-2022,HDFC ERGO General Insurance Co. Ltd.,HDFC ERGO Group Health Insurance,29-10-2020,Group,https://irdai.gov.in/documents/37343/931203/HDHHGP21544V012021_HEALTH2025.pdf/4131738c-fca5-bf2f-f689-8d86759c92a1?version=1.1&t=1668849397094&download=true,HDHHGP21544V012021_HEALTH2025.pdf,2026-08-20T14:23:13.912425+00:00
HDFHLGP21001V032122,Non-Archived,2021-2022,HDFC ERGO General Insurance Co. Ltd.,Home Credit Assure Package Insurance,01-04-2021,Revision,https://irdai.gov.in/documents/37343/931203/HDFHLGP21001V032122_HEALTH2011.pdf/8193af71-1904-a903-33f2-b2ceb88535d5?version=1.1&t=1668844909331&download=true,HDFHLGP21001V032122_HEALTH2011.pdf,2026-08-20T14:23:13.912425+00:00
HDFHLGP22022V032122,Non-Archived,2021-2022,HDFC ERGO General Insurance Co. Ltd.,Mosquito Disease Protection Policy – Group,25-05-2021,Group,https://irdai.gov.in/documents/37343/931203/HDFHLGP22022V032122_HEALTH2013.pdf/ec5bd8c9-9c8c-c606-e297-82ffc0bce07d?version=1.1&t=1668845032837&download=true,HDFHLGP22022V032122_HEALTH2013.pdf,2026-08-20T14:23:13.912425+00:00
HDFPAIP21624V012021,Non-Archived,2021-2022,HDFC ERGO General Insurance Co. Ltd.,"Saral Suraksha Bima, HDFC ERGO",30-03-2021,Individual,https://irdai.gov.in/documents/37343/931203/HDFPAIP21624V012021_HEALTH2017.pdf/97f87702-a713-3ee3-1dc7-68ff30372c5f?version=1.1&t=1668845298399&download=true,HDFPAIP21624V012021_HEALTH2017.pdf,2026-08-20T14:23:13.912425+00:00
HDFHLGP21002V022122,Non-Archived,2021-2022,HDFC ERGO General Insurance Co. Ltd.,Sarv Suraksha Plus (Group),01-04-2021,Revision,https://irdai.gov.in/documents/37343/931203/HDFHLGP21002V022122_HEALTH2012.pdf/3d95f066-bf7c-cc33-6375-2ebdd8afaa1d?version=1.1&t=1668844972889&download=true,HDFHLGP21002V022122_HEALTH2012.pdf,2026-08-20T14:23:13.912425+00:00
HDFTIOP22052V022122,Non-Archived,2021-2022,HDFC ERGO General Insurance Co. Ltd.,Student Suraksha- Student Overseas Travel,17-06-2021,Revision,https://irdai.gov.in/documents/37343/931203/HDFTIOP22052V022122_HEALTH2022.pdf/e915db20-1788-21d1-88ef-416bc67fb22c?version=1.1&t=1668849144403&download=true,HDFTIOP22052V022122_HEALTH2022.pdf,2026-08-20T14:23:13.912425+00:00
HDFTIOP22056V022122,Non-Archived,2021-2022,HDFC ERGO General Insurance Co. Ltd.,Travel Insurance,17-06-2021,Revision,https://irdai.gov.in/documents/37343/931203/HDFTIOP22056V022122_HEALTH2024.pdf/b7661a04-e581-5e0c-f753-d1910f817e3e?version=1.1&t=1668849282307&download=true,HDFTIOP22056V022122_HEALTH2024.pdf,2026-08-20T14:23:13.912425+00:00
HDFHLIP21016V012122,Non-Archived,2021-2022,HDFC ERGO General Insurance Co. Ltd.,my: Optima Secure,12-05-2021,Individual,https://irdai.gov.in/documents/37343/931203/HDFHLIP21016V012122_HEALTH2015.pdf/4fbd60f7-de9c-ab82-13ff-1d71b1458e4a?version=1.1&t=1668845173038&download=true,HDFHLIP21016V012122_HEALTH2015.pdf,2026-08-20T14:23:13.912425+00:00
HDFHLIP21005V022122,Non-Archived,2021-2022,HDFC ERGO General Insurance Co. Ltd.,my: Sampoorna Suraksha,04-07-2021,Revision,https://irdai.gov.in/documents/37343/931203/HDFHLIP21005V022122_HEALTH2014.pdf/04196f2d-ac06-398a-d74d-f4b32098b86b?version=1.1&t=1668845105146&download=true,HDFHLIP21005V022122_HEALTH2014.pdf,2026-08-20T14:23:13.912425+00:00
HDFHLIP22021V042122,Non-Archived,2021-2022,HDFC ERGO General Insurance Co. Ltd.,my: health medisure Super Topup,19-05-2021,Revision,https://irdai.gov.in/documents/37343/931203/HDFHLIP22021V042122_HEALTH2016.pdf/cf850b83-268e-cffe-962c-9fdcedbd7d59?version=1.1&t=1668845231281&download=true,HDFHLIP22021V042122_HEALTH2016.pdf,2026-08-20T14:23:13.912425+00:00
HDFHLIP20175V011920,Non-Archived,2019-2020,HDFC ERGO General Insurance Co.Ltd.,"Arogya Sanjeevani Policy, HDFC ERGO",31-03-2020,New,https://irdai.gov.in/documents/37343/931203/HDFHLIP20175V011920_2019-2020.pdf/373db1de-0bba-d643-d01d-35009a1701de?version=1.1&t=1668513317892&download=true,HDFHLIP20175V011920_2019-2020.pdf,2026-08-20T14:23:13.912425+00:00
HDFHLIP21078V012021,Non-Archived,2020-2021,HDFC ERGO General Insurance Co.Ltd.,"Corona Kavach Policy, HDFC ERGO",07-07-2020,New,https://irdai.gov.in/documents/37343/931203/HDFHLIP21078V012021_2020-2021.pdf/56031de0-abd7-ff36-322f-cc2531da8d22?version=1.1&t=1668154491503&download=true,HDFHLIP21078V012021_2020-2021.pdf,2026-08-20T14:23:13.912425+00:00
HDFHLGP21140V012021,Non-Archived,2020-2021,HDFC ERGO General Insurance Co.Ltd.,"Corona Kavach Policy, HDFC ERGO (Group)",07-10-2020,Group,https://irdai.gov.in/documents/37343/931203/HDFHLGP21140V012021_2020-2021.pdf/1341be0d-e47d-193a-ebab-750b68f0e90b?version=1.1&t=1668581068773&download=true,HDFHLGP21140V012021_2020-2021.pdf,2026-08-20T14:23:13.912425+00:00
HDFHLIP21112V012021,Non-Archived,2020-2021,HDFC ERGO General Insurance Co.Ltd.,"Corona Rakshak Policy, HDFC ERGO",08-10-2020,Individual,https://irdai.gov.in/documents/37343/931203/HDFHLIP21112V012021_2020-2021.pdf/9ebe54d8-8bfa-2cfc-63c1-9db4454b7447?version=1.1&t=1668581643884&download=true,HDFHLIP21112V012021_2020-2021.pdf,2026-08-20T14:23:13.912425+00:00
HDFHLIP21464V022021,Non-Archived,2020-2021,HDFC ERGO General Insurance Co.Ltd.,Critical Illness Insurance,25-09-2020,Revision,https://irdai.gov.in/documents/37343/931203/HDFHLIP21464V022021_2020-2021.pdf/dcb15577-f0c9-0d89-ed55-511c5365019c?version=1.1&t=1668581822155&download=true,HDFHLIP21464V022021_2020-2021.pdf,2026-08-20T14:23:13.912425+00:00
HDFHLGP21461V012021,Non-Archived,2020-2021,HDFC ERGO General Insurance Co.Ltd.,Group Mediclaim Insurance,25-09-2020,Group,https://irdai.gov.in/documents/37343/931203/HDFHLGP21461V012021_2020-2021.pdf/4165c991-a478-cc0a-7e84-ab3f388b4e57?version=1.1&t=1668581350854&download=true,HDFHLGP21461V012021_2020-2021.pdf,2026-08-20T14:23:13.912425+00:00
HDFHLGP22214V012122,Non-Archived,2021-2022,HDFC ERGO General Insurance Co.Ltd.,HDFC ERGO Group Protect,25-02-2022,Revision,https://irdai.gov.in/documents/37343/931203/HDFHLGP22214V012122.pdf/b2b5b82a-0e9b-655f-90e5-7ccfe34c6f0b?version=1.1&t=1668850093160&download=true,HDFHLGP22214V012122.pdf,2026-08-20T14:23:13.912425+00:00
HDFHLIP21494V022021,Non-Archived,2020-2021,HDFC ERGO General Insurance Co.Ltd.,HDFC ERGO Hospital Cash Insurance,28-09-2020,Revision,https://irdai.gov.in/documents/37343/931203/HDFHLIP21494V022021_2020-2021.pdf/15c08cd4-c925-4e2f-b88d-275e99950a9b?version=1.1&t=1668582051215&download=true,HDFHLIP21494V022021_2020-2021.pdf,2026-08-20T14:23:13.912425+00:00
HDFPAGP21496V022021,Non-Archived,2020-2021,HDFC ERGO General Insurance Co.Ltd.,HDFC ERGO Janata Personal Accident Insurance,28-09-2020,Revision,https://irdai.gov.in/documents/37343/931203/HDFPAGP21496V022021_2020-2021.pdf/bbd99870-b406-1eb9-1932-939543e81a8f?version=1.1&t=1668582121244&download=true,HDFPAGP21496V022021_2020-2021.pdf,2026-08-20T14:23:13.912425+00:00
HDFHLGP21116V012021,Non-Archived,2020-2021,HDFC ERGO General Insurance Co.Ltd.,HDFC Group Health Insurance,22-07-2020,Group,https://irdai.gov.in/documents/37343/931203/HDFHLGP21116V012021_2020-2021.pdf/30f99454-74a9-f6d2-b7bd-22094aecbc0f?version=1.1&t=1668581020873&download=true,HDFHLGP21116V012021_2020-2021.pdf,2026-08-20T14:23:13.912425+00:00
HDFHLGP21476V022021,Non-Archived,2020-2021,HDFC ERGO General Insurance Co.Ltd.,Health Benefit Package Policy-Group,27-09-2020,Revision,https://irdai.gov.in/documents/37343/931203/HDFHLGP21476V022021_2020-2021.pdf/69366195-915b-646b-d763-0e09b67aa8af?version=1.1&t=1668581444539&download=true,HDFHLGP21476V022021_2020-2021.pdf,2026-08-20T14:23:13.912425+00:00
HDFHLIA21466V022021,Non-Archived,2020-2021,HDFC ERGO General Insurance Co.Ltd.,Health Critical Illness,26-09-2020,Revision,https://irdai.gov.in/documents/37343/931203/HDFHLIA21466V022021_2020-2021.pdf/773a6685-ba50-4a9d-6f27-a98d992bbeaf?version=1.1&t=1668581588601&download=true,HDFHLIA21466V022021_2020-2021.pdf,2026-08-20T14:23:13.912425+00:00
HDFHLIA21271V022021,Non-Archived,2020-2021,HDFC ERGO General Insurance Co.Ltd.,Health Hospital Cash Benefit -Add On,19-09-2020,Revision,https://irdai.gov.in/documents/37343/931203/HDFHLIA21271V022021_2020-2021.pdf/42867db0-2def-ee52-dedd-cc9e9e8818df?version=1.1&t=1668581533263&download=true,HDFHLIA21271V022021_2020-2021.pdf,2026-08-20T14:23:13.912425+00:00
HDFHLIP21467V022021,Non-Archived,2020-2021,HDFC ERGO General Insurance Co.Ltd.,Health Suraksha Top -Up Plus,27-09-2020,Revision,https://irdai.gov.in/documents/37343/931203/HDFHLIP21467V022021_2020-2021.pdf/179bcf35-a18d-f32f-38cb-4d8154f053c3?version=1.1&t=1668581909343&download=true,HDFHLIP21467V022021_2020-2021.pdf,2026-08-20T14:23:13.912425+00:00
HDFHLGP21475V022021,Non-Archived,2020-2021,HDFC ERGO General Insurance Co.Ltd.,Home Credit Assure,27-09-2020,Revision,https://irdai.gov.in/documents/37343/931203/HDFHLGP21475V022021_2020-2021.pdf/a0757c02-d95e-d140-c9e3-589cea22bde3?version=1.1&t=1668581398682&download=true,HDFHLGP21475V022021_2020-2021.pdf,2026-08-20T14:23:13.912425+00:00
HDFHLGP21296V022021,Non-Archived,2020-2021,HDFC ERGO General Insurance Co.Ltd.,Mosquito Disease Protection Policy - Group,20-09-2020,Revision,https://irdai.gov.in/documents/37343/931203/HDFHLGP21296V022021_2020-2021.pdf/7eea3960-3b84-9303-0673-299dc92024a1?version=1.1&t=1668581292137&download=true,HDFHLGP21296V022021_2020-2021.pdf,2026-08-20T14:23:13.912425+00:00
HDFHLGP21252V012021,Non-Archived,2020-2021,HDFC ERGO General Insurance Co.Ltd.,Sarv Suraksha Plus (Group),15-09-2020,Group,https://irdai.gov.in/documents/37343/931203/HDFHLGP21252V012021_2020-2021.pdf/735de27b-c7aa-d8a8-8806-f4fe276ea98f?version=1.1&t=1668581136875&download=true,HDFHLGP21252V012021_2020-2021.pdf,2026-08-20T14:23:13.912425+00:00
HDFTGBP21269V022021,Non-Archived,2020-2021,HDFC ERGO General Insurance Co.Ltd.,TravelX,17-09-2020,Revision,https://irdai.gov.in/documents/37343/931203/HDFTGBP21269V022021_2020-2021.pdf/a795093e-da67-06a9-eeab-755da305f78a?version=1.1&t=1668582179856&download=true,HDFTGBP21269V022021_2020-2021.pdf,2026-08-20T14:23:13.912425+00:00
HDFHLGP21495V022021,Non-Archived,2020-2021,HDFC ERGO General Insurance Co.Ltd.,credit Comprehensive Suraksha,28-09-2020,Revision,https://irdai.gov.in/documents/37343/931203/HDFHLGP21495V022021_2020-2021.pdf/7f97e718-38e4-9d0e-a9e9-4b6e450ac753?version=1.1&t=1668581490766&download=true,HDFHLGP21495V022021_2020-2021.pdf,2026-08-20T14:23:13.912425+00:00
HDFHLGP21295V022021,Non-Archived,2020-2021,HDFC ERGO General Insurance Co.Ltd.,health Comprehensive Suraksha - Group,20-09-2020,Revision,https://irdai.gov.in/documents/37343/931203/HDFHLGP21295V022021_2020-2021.pdf/2f3310c4-62aa-aacf-7cca-2a5b693914ef?version=1.1&t=1668581191707&download=true,HDFHLGP21295V022021_2020-2021.pdf,2026-08-20T14:23:13.912425+00:00
HDFHLIP21474V022021,Non-Archived,2020-2021,HDFC ERGO General Insurance Co.Ltd.,health Critical Suraksha Plus,27-09-2020,Revision,https://irdai.gov.in/documents/37343/931203/HDFHLIP21474V022021_2020-2021.pdf/d75bb9ec-a719-06d6-cc92-845c2aee983f?version=1.1&t=1668582005213&download=true,HDFHLIP21474V022021_2020-2021.pdf,2026-08-20T14:23:13.912425+00:00
HDFHLIP21131V012021,Non-Archived,2020-2021,HDFC ERGO General Insurance Co.Ltd.,health Koti Suraksha,30-07-2020,Individual,https://irdai.gov.in/documents/37343/931203/HDFHLIP21131V012021_2020-2021.pdf/52ca4a58-b04a-cf9f-2b01-ef0b965486f2?version=1.1&t=1668581697076&download=true,HDFHLIP21131V012021_2020-2021.pdf,2026-08-20T14:23:13.912425+00:00
HDFHLIP21270V032021,Non-Archived,2020-2021,HDFC ERGO General Insurance Co.Ltd.,health Medisure Super Top Up Insurance,18-09-2020,Revision,https://irdai.gov.in/documents/37343/931203/HDFHLIP21270V032021_2020-2021.pdf/9ceebd9b-52e1-3126-96d3-fbd816d29c51?version=1.1&t=1668581752751&download=true,HDFHLIP21270V032021_2020-2021.pdf,2026-08-20T14:23:13.912425+00:00
HDFHLIP21473V052021,Non-Archived,2020-2021,HDFC ERGO General Insurance Co.Ltd.,health Suraksha,27-09-2020,Revision,https://irdai.gov.in/documents/37343/931203/HDFHLIP21473V052021_2020-2021.pdf/3ac05d8e-f953-eecd-0938-d304755e1448?version=1.1&t=1668581960706&download=true,HDFHLIP21473V052021_2020-2021.pdf,2026-08-20T14:23:13.912425+00:00
HDFHLIP21465V022021,Non-Archived,2020-2021,HDFC ERGO General Insurance Co.Ltd.,health Women Suraksha,26-09-2020,Revision,https://irdai.gov.in/documents/37343/931203/HDFHLIP21465V022021_2020-2021.pdf/207cee3e-f34e-5a5f-b41c-22a4393572f5?version=1.1&t=1668581864704&download=true,HDFHLIP21465V022021_2020-2021.pdf,2026-08-20T14:23:13.912425+00:00
IRDA/NL-HLT/HDFC-ERGOGI/P-H(C)/V.I/120/13-14,Non-Archived,2013-2014,HDFC ERGO General Insurance Company Limited,Critical Illness Insurance,06-08-2013,,https://irdai.gov.in/documents/37343/931203/Critical+Illness+Insurance_2013-08-06.pdf/199fc279-9b62-dc26-65d2-24fa543aaae5?version=1.1&t=1668232072625&download=true,Critical Illness Insurance_2013-08-06.pdf,2026-08-20T14:23:13.912425+00:00
IRDA/NL-HLT/HDFC-ERGOGI/P-H/V.I/119/13-14,Non-Archived,2013-2014,HDFC ERGO General Insurance Company Limited,Gramin Suraksha Bima,06-08-2013,,https://irdai.gov.in/documents/37343/931203/Gramin+Suraksha+Bima_2013-2014.pdf/fd4cd884-b427-4245-6974-db7436cbeae3?version=1.1&t=1668232036549&download=true,Gramin Suraksha Bima_2013-2014.pdf,2026-08-20T14:23:13.912425+00:00
IRDA/NL-HLT/HDFC-ERGOGI/P-H/V.I/125/13-14,Non-Archived,2013-2014,HDFC ERGO General Insurance Company Limited,Group Hospital Cash Insurance,06-08-2013,,https://irdai.gov.in/documents/37343/931203/Group+Hospital+Cash+Insurance_2013-2014.pdf/82cd429e-d468-173f-03d7-6cd52036f0c3?version=1.1&t=1668232419030&download=true,Group Hospital Cash Insurance_2013-2014.pdf,2026-08-20T14:23:13.912425+00:00
IRDA/NL-HLT/HDFC-ERGOGI/P-H/V.I/116/13-14,Non-Archived,2013-2014,HDFC ERGO General Insurance Company Limited,Group Mediclaim Insurance Policy,06-08-2013,,https://irdai.gov.in/documents/37343/931203/Group+Mediclaim+Insurance+Policy_2013-2014.pdf/5c7ba31b-acd1-330d-83f0-e90160bae512?version=1.1&t=1668231907233&download=true,Group Mediclaim Insurance Policy_2013-2014.pdf,2026-08-20T14:23:13.912425+00:00
IRDA/NL-HLT/HDFC-ERGOGI/P-P/V.I/122/13-14,Non-Archived,2013-2014,HDFC ERGO General Insurance Company Limited,Group Personal Accident Insurance,06-08-2013,,https://irdai.gov.in/documents/37343/931203/Group+Personal+Accident+Insurance_2013-08-06.pdf/4ed67e7c-46ec-393e-7698-9ff6bcc67621?version=1.1&t=1668232291054&download=true,Group Personal Accident Insurance_2013-08-06.pdf,2026-08-20T14:23:13.912425+00:00
IRDA/NL-HLT/HDFC-ERGOGI/P-T/V.I/123/13-14,Non-Archived,2013-2014,HDFC ERGO General Insurance Company Limited,Group Travel Insurance,06-08-2013,,https://irdai.gov.in/documents/37343/931203/Group+Trave+Insurance_2013-2014.pdf/4b7ca30d-1d5f-90c7-b051-8183a98221f4?version=1.1&t=1668232331007&download=true,Group Trave Insurance_2013-2014.pdf,2026-08-20T14:23:13.912425+00:00
IRDA/NL-HLT/HDFC-ERGOGI/P-H/V.I/126/13-14,Non-Archived,2013-2014,HDFC ERGO General Insurance Company Limited,HDFC ERGO Hospital Cash Insurance,06-08-2013,,https://irdai.gov.in/documents/37343/931203/HDFC+Ergo+Hospital+Cash+Insurance_2013-2014.pdf/8342571d-a827-9daf-fb71-140324ea4043?version=1.1&t=1668232600024&download=true,HDFC Ergo Hospital Cash Insurance_2013-2014.pdf,2026-08-20T14:23:13.912425+00:00
IRDA/NL-HLT/HDFC-ERGOGI/P-H/V.II/158/13-14,Non-Archived,2013-2014,HDFC ERGO General Insurance Company Limited,Health Suraksha,06-03-2014,,https://irdai.gov.in/documents/37343/931203/Health+Suraksha_2013-2014.pdf/6c483ad1-7242-5afd-00bc-d959f73a8c21?version=1.1&t=1668232843336&download=true,Health Suraksha_2013-2014.pdf,2026-08-20T14:23:13.912425+00:00
IRDA/NL-HLT/HDFC-ERGOGI/P-H/V.I/115/13-14,Non-Archived,2013-2014,HDFC ERGO General Insurance Company Limited,Health Suraksha Top-UP,06-08-2013,,https://irdai.gov.in/documents/37343/931203/Health+Suraksha++Top-+UP_2013-2014.pdf/9dea5865-8ed9-419d-126d-2eacab157549?version=1.1&t=1668231865576&download=true,Health Suraksha Top- UP_2013-2014.pdf,2026-08-20T14:23:13.912425+00:00
IRDA/NL-HLT/HDFC-ERGOGI/P-H/V.I/258/13-14,Non-Archived,2013-2014,HDFC ERGO General Insurance Company Limited,Home Credit Assure Package Insurance,30-09-2013,,https://irdai.gov.in/documents/37343/931203/Home+Credit+Assure+Package+Insurance_2013-2014.pdf/b3f622f7-7b06-5514-e93a-b70f8853c936?version=1.1&t=1668233251994&download=true,Home Credit Assure Package Insurance_2013-2014.pdf,2026-08-20T14:23:13.912425+00:00
IRDA/NL-HLT/HDFC-ERGOGI/P-H/V.I/118/13-14,Non-Archived,2013-2014,HDFC ERGO General Insurance Company Limited,New Healthwise Policy,06-08-2013,,https://irdai.gov.in/documents/37343/931203/New+Healthwise+Policy_2013-2014.pdf/9e7fc3fc-dfff-ebc8-9db6-9a40ad7cb6ef?version=1.1&t=1668231992659&download=true,New Healthwise Policy_2013-2014.pdf,2026-08-20T14:23:13.912425+00:00
IRDA/NL-HLT/HDFC-ERGOGI/P-H/V.I/117/13-14,Non-Archived,2013-2014,HDFC ERGO General Insurance Company Limited,Parivar Suraksha Bima,06-08-2013,,https://irdai.gov.in/documents/37343/931203/Parivar+Suraksha+Bima_2013-2014.pdf/df6874c0-c31f-35c9-142a-22cee038ef0e?version=1.1&t=1668231953398&download=true,Parivar Suraksha Bima_2013-2014.pdf,2026-08-20T14:23:13.912425+00:00
IRDA/NL-HLT/HDFC-ERGOGI/P-H/V.I/257/13-14,Non-Archived,2013-2014,HDFC ERGO General Insurance Company Limited,Personal Accident Insurance,30-09-2013,,https://irdai.gov.in/documents/37343/931203/Personal+Accident+Insurance_2013-2014.pdf/a7dc2844-788b-fc83-2a01-07ada3b8ea14?version=1.1&t=1668233053501&download=true,Personal Accident Insurance_2013-2014.pdf,2026-08-20T14:23:13.912425+00:00
IRDA/NL-HLT/HDFC-ERGOGI/P-H/V.I/256/13-14,Non-Archived,2013-2014,HDFC ERGO General Insurance Company Limited,Sarv Suraksha Policy,30-09-2013,,https://irdai.gov.in/documents/37343/931203/Sarv+Suraksha+Policy_2013-2014.pdf/7490838e-9422-4e44-b692-e433067dd2ce?version=1.1&t=1668232898264&download=true,Sarv Suraksha Policy_2013-2014.pdf,2026-08-20T14:23:13.912425+00:00
IRDA/NL-HLT/HDFC-ERGOGI/P-T/V.I/121/13-14,Non-Archived,2013-2014,HDFC ERGO General Insurance Company Limited,Student Suraksha - Student Overseas Travel,06-08-2013,,https://irdai.gov.in/documents/37343/931203/Student+Suraksha-+Student+Overseas+Travel_2013-2014.pdf/14aeda46-9c61-df4a-29c0-38c5d401430b?version=1.1&t=1668232143371&download=true,Student Suraksha- Student Overseas Travel_2013-2014.pdf,2026-08-20T14:23:13.912425+00:00
IRDA/NL-HLT/HDFC-ERGOGI/P-T/V.I/124/13-14,Non-Archived,2013-2014,HDFC ERGO General Insurance Company Limited,Travel Insurance,06-08-2013,,https://irdai.gov.in/documents/37343/931203/Travel+Insurance_2013-2014.pdf/9aad717a-de41-5830-2326-98ac2cea3199?version=1.1&t=1668232381962&download=true,Travel Insurance_2013-2014.pdf,2026-08-20T14:23:13.912425+00:00
HDFHLIP23024V072223,Non-Archived,2022-2023,HDFC ERGO General Insurance Company Limited.,Easy Health,20-05-2022,Revision,https://irdai.gov.in/documents/37343/931203/HDFHLIP23024V072223.pdf/4bb864b2-c358-cde0-9230-9ae57c2097cd?version=1.0&t=1667711499204&download=true,HDFHLIP23024V072223.pdf,2026-08-20T14:23:13.912425+00:00
HDFHLIP22193V072122,Non-Archived,2021-2022,HDFC ERGO General Insurance Company Ltd.,Optima Restore,28-12-2021,health,https://irdai.gov.in/documents/37343/931203/Optima+Restore.pdf/65c079a4-f778-55c7-8056-0726c695130a?version=1.1&t=1668753919263&download=true,Optima Restore.pdf,2026-08-20T14:23:13.912425+00:00
HDFHLIA22188V012122,Non-Archived,2021-2022,HDFC ERGO General Insurance Company Ltd.,Unlimited Restore (Add On ),08-12-2021,Health,https://irdai.gov.in/documents/37343/931203/Unlimited+Restore+%28Add+On+%29.pdf/c2b951fa-42d7-cf77-d9c7-d731ce16e8c1?version=1.1&t=1668753878694&download=true,Unlimited Restore (Add On ).pdf,2026-08-20T14:23:13.912425+00:00
HDFHLIP22142V032122,Non-Archived,2021-2022,HDFC ERGO General Insurance company Ltd,my:health Women Suraksha,06-08-2021,Revision,https://irdai.gov.in/documents/37343/931203/HDFHLIP22142V032122_2021-2022.pdf/20a01e71-8f95-3043-b944-2ddec6ef6337?version=1.2&t=1668767607138&download=true,HDFHLIP22142V032122_2021-2022.pdf,2026-08-20T14:23:13.912425+00:00
HDHHLGP21148V012021,Non-Archived,2020-2021,HDFC ERGO Health Insurance Limited,"Corona Kavach Policy , HDFC ERGO Health(Group)",14-08-2020,Individual,https://irdai.gov.in/documents/37343/931203/HDHHLGP21148V012021_2020-2021.pdf/cbe424e9-557a-4f2a-7f38-111e85fef057?version=1.1&t=1668582235904&download=true,HDHHLGP21148V012021_2020-2021.pdf,2026-08-20T14:23:13.912425+00:00
HDHHLIP21109V012021,Non-Archived,2020-2021,HDFC ERGO Health Insurance Limited,"Corona Rakshak Policy, HDFC ERGO Health",07-10-2020,Individual,https://irdai.gov.in/documents/37343/931203/HDHHLIP21109V012021_2020-2021.pdf/a88fd38d-04b9-4a8f-b145-18552aee57ab?version=1.1&t=1668582347130&download=true,HDHHLIP21109V012021_2020-2021.pdf,2026-08-20T14:23:13.912425+00:00
HDHHLIP21342V022021,Non-Archived,2020-2021,HDFC ERGO Health Insurance Limited,Critical Advantage Rider,21-09-2020,Revision,https://irdai.gov.in/documents/37343/931203/HDHHLIP21342V022021_2020-2021.pdf/7ca76949-0cda-bd9a-a080-3290474c647f?version=1.1&t=1668583182090&download=true,HDHHLIP21342V022021_2020-2021.pdf,2026-08-20T14:23:13.912425+00:00
HDHHLIP21318V022021,Non-Archived,2020-2021,HDFC ERGO Health Insurance Limited,Day2DayCare,21-09-2020,Revision,https://irdai.gov.in/documents/37343/931203/HDHHLIP21318V022021_2020-2021.pdf/cc72a981-20f1-a678-a13b-05a464bfbf08?version=1.1&t=1668582451706&download=true,HDHHLIP21318V022021_2020-2021.pdf,2026-08-20T14:23:13.912425+00:00
HDHHLIP21319V022021,Non-Archived,2020-2021,HDFC ERGO Health Insurance Limited,Dengue Care,21-09-2020,Revision,https://irdai.gov.in/documents/37343/931203/HDHHLIP21319V022021_2020-2021.pdf/85c2094d-073b-4bfc-c370-ab864f27ec0d?version=1.1&t=1668582501607&download=true,HDHHLIP21319V022021_2020-2021.pdf,2026-08-20T14:23:13.912425+00:00
HDHHLIP21378V062021,Non-Archived,2020-2021,HDFC ERGO Health Insurance Limited,Easy Health,22-09-2020,Revision,https://irdai.gov.in/documents/37343/931203/HDHHLIP21378V062021_2020-2021.pdf/a3602894-8ed5-1e62-045b-43920e1dc125?version=1.1&t=1668583373378&download=true,HDHHLIP21378V062021_2020-2021.pdf,2026-08-20T14:23:13.912425+00:00
HDHHLIP21345V042021,Non-Archived,2020-2021,HDFC ERGO Health Insurance Limited,Energy,21-09-2020,Revision,https://irdai.gov.in/documents/37343/931203/HDHHLIP21345V042021_2020-2021.pdf/4c36a1f6-e7d3-fb26-eebe-f0b0cf48d3d4?version=1.1&t=1668583279877&download=true,HDHHLIP21345V042021_2020-2021.pdf,2026-08-20T14:23:13.912425+00:00
HDHHLGP21343V022021,Non-Archived,2020-2021,HDFC ERGO Health Insurance Limited,Group Assurance Health Plan,21-09-2020,Revision,https://irdai.gov.in/documents/37343/931203/HDHHLGP21343V022021_2020-2021.pdf/ac6e186d-72e3-f98a-f81f-256b1740b635?version=1.1&t=1668582282574&download=true,HDHHLGP21343V022021_2020-2021.pdf,2026-08-20T14:23:13.912425+00:00
HDHHLIP21320V022021,Non-Archived,2020-2021,HDFC ERGO Health Insurance Limited,Health On,21-09-2020,Revision,https://irdai.gov.in/documents/37343/931203/HDHHLIP21320V022021_2020-2021.pdf/8bb02496-b24a-9768-a190-42be5cbd3cd1?version=1.1&t=1668582547438&download=true,HDHHLIP21320V022021_2020-2021.pdf,2026-08-20T14:23:13.912425+00:00
HDHHLIP21337V022021,Non-Archived,2020-2021,HDFC ERGO Health Insurance Limited,Health Wallet,21-09-2020,Revision,https://irdai.gov.in/documents/37343/931203/HDHHLIP21337V022021_2020-2021.pdf/a99058ad-0ecd-e28a-9bd5-77ee65593df1?version=1.1&t=1668582958771&download=true,HDHHLIP21337V022021_2020-2021.pdf,2026-08-20T14:23:13.912425+00:00
HDHHLIP21344V022021,Non-Archived,2020-2021,HDFC ERGO Health Insurance Limited,Hospital Daily Cash Rider,21-09-2020,Revision,https://irdai.gov.in/documents/37343/931203/HDHHLIP21344V022021_2020-2021.pdf/eb70b788-4733-3c45-9208-68cd4b23fa27?version=1.1&t=1668583228372&download=true,HDHHLIP21344V022021_2020-2021.pdf,2026-08-20T14:23:13.912425+00:00
HDHHLIP21346V042021,Non-Archived,2020-2021,HDFC ERGO Health Insurance Limited,Individual Personal Accident,21-09-2020,Revision,https://irdai.gov.in/documents/37343/931203/HDHHLIP21346V042021_2020-2021.pdf/69f58902-c6fe-d91c-0f92-deb81a685ab3?version=1.1&t=1668583327856&download=true,HDHHLIP21346V042021_2020-2021.pdf,2026-08-20T14:23:13.912425+00:00
HDHHLIP21338V022021,Non-Archived,2020-2021,HDFC ERGO Health Insurance Limited,Maxima Insurance,21-09-2020,Revision,https://irdai.gov.in/documents/37343/931203/HDHHLIP21338V022021_2020-2021.pdf/8720a2d0-a802-1663-844b-171bb5b12f66?version=1.1&t=1668583004009&download=true,HDHHLIP21338V022021_2020-2021.pdf,2026-08-20T14:23:13.912425+00:00
HDHHLIP21339V022021,Non-Archived,2020-2021,HDFC ERGO Health Insurance Limited,Optima Cash,21-09-2020,Revision,https://irdai.gov.in/documents/37343/931203/HDHHLIP21339V022021_2020-2021.pdf/0bb5b8d6-f3b5-a777-6b3f-d4ee0803d6c3?version=1.1&t=1668583048134&download=true,HDHHLIP21339V022021_2020-2021.pdf,2026-08-20T14:23:13.912425+00:00
HDHHLIP21336V022021,Non-Archived,2020-2021,HDFC ERGO Health Insurance Limited,Optima Plus,21-09-2020,Revision,https://irdai.gov.in/documents/37343/931203/HDHHLIP21336V022021_2020-2021.pdf/79b8cb06-2f99-9920-ac25-0e4a5c2142c3?version=1.1&t=1668582900410&download=true,HDHHLIP21336V022021_2020-2021.pdf,2026-08-20T14:23:13.912425+00:00
HDHHLIP21322V062021,Non-Archived,2020-2021,HDFC ERGO Health Insurance Limited,Optima Restore,21-09-2020,Revision,https://irdai.gov.in/documents/37343/931203/HDHHLIP21322V062021_2020-2021.pdf/6d8801f1-ac16-dd87-65c9-a99408b5d525?version=1.1&t=1668582812197&download=true,HDHHLIP21322V062021_2020-2021.pdf,2026-08-20T14:23:13.912425+00:00
HDHHLIP21379V022021,Non-Archived,2020-2021,HDFC ERGO Health Insurance Limited,Optima Senior,22-09-2020,Revision,https://irdai.gov.in/documents/37343/931203/HDHHLIP21379V022021_2020-2021.pdf/e83ce3fb-c15e-df65-60b0-0741bfc4e967?version=1.1&t=1668583419269&download=true,HDHHLIP21379V022021_2020-2021.pdf,2026-08-20T14:23:13.912425+00:00
HDHHLIP21340V022021,Non-Archived,2020-2021,HDFC ERGO Health Insurance Limited,Optima Super,21-09-2020,Revision,https://irdai.gov.in/documents/37343/931203/HDHHLIP21340V022021_2020-2021.pdf/9182d064-797d-00d4-71c1-185869cdece6?version=1.1&t=1668583091274&download=true,HDHHLIP21340V022021_2020-2021.pdf,2026-08-20T14:23:13.912425+00:00
HDHHLIP21341V022021,Non-Archived,2020-2021,HDFC ERGO Health Insurance Limited,Optima Vital,21-09-2020,Revision,https://irdai.gov.in/documents/37343/931203/HDHHLIP21341V022021_2020-2021.pdf/b8afc924-1a66-f5ac-17cc-c6b8dd0485b1?version=1.1&t=1668583137855&download=true,HDHHLIP21341V022021_2020-2021.pdf,2026-08-20T14:23:13.912425+00:00
HDHHLIP21335V022021,Non-Archived,2020-2021,HDFC ERGO Health Insurance Limited,Protector Rider,21-09-2020,Revision,https://irdai.gov.in/documents/37343/931203/HDHHLIP21335V022021_2020-2021.pdf/db2c7900-31d9-6d03-fa73-7cf99faee155?version=1.1&t=1668582853750&download=true,HDHHLIP21335V022021_2020-2021.pdf,2026-08-20T14:23:13.912425+00:00
HDHHLIP21317V032021,Non-Archived,2020-2021,HDFC ERGO Health Insurance Limited,Total Health Plan,21-09-2020,Revision,https://irdai.gov.in/documents/37343/931203/HDHHLIP21317V032021_2020-2021.pdf/c9e0ebee-2535-94a1-7d09-9a41028ba28f?version=1.1&t=1668582396403&download=true,HDHHLIP21317V032021_2020-2021.pdf,2026-08-20T14:23:13.912425+00:00
HDHHLIP21321V022021,Non-Archived,2020-2021,HDFC ERGO Health Insurance Limited,iCanEnhance,21-09-2020,Revision,https://irdai.gov.in/documents/37343/931203/HDHHLIP21321V022021_2020-2021.pdf/b5420802-e560-de5c-e9ef-b9607c21dae3?version=1.1&t=1668582758118&download=true,HDHHLIP21321V022021_2020-2021.pdf,2026-08-20T14:23:13.912425+00:00
HDHHLIP20176V011920,Non-Archived,2019-2020,HDFC ERGO Health Insurance Ltd,"Arogya Sanjeevani Policy, HDFC ERGO Health",31-03-2020,New,https://irdai.gov.in/documents/37343/931203/HDHHLIP20176V011920_2019-2020.pdf/6bc5bc65-ef1b-3f06-6cd5-c4df63dfede0?version=1.1&t=1668513457121&download=true,HDHHLIP20176V011920_2019-2020.pdf,2026-08-20T14:23:13.912425+00:00
HDHHLIP21099V012021,Non-Archived,2020-2021,HDFC ERGO Health Insurance Ltd,"Corona Kavach Policy, HDFC ERGO Health",07-07-2020,New,https://irdai.gov.in/documents/37343/931203/HDHHLIP21099V012021_2020-2021.pdf/4f025924-c6b6-f7f2-c656-122338903266?version=1.1&t=1668154431156&download=true,HDHHLIP21099V012021_2020-2021.pdf,2026-08-20T14:23:13.912425+00:00
HDFHLIP20049V041920,Non-Archived,2019-2020,HDFC Ergo General Insurance Co Ltd,Health Suraksha,19-08-2019,New,https://irdai.gov.in/documents/37343/931203/HDFHLIP20049V041920_2019-2020.pdf/5e53595e-5ff2-9178-0fc3-ab5dd35ae7de?version=1.1&t=1668513144786&download=true,HDFHLIP20049V041920_2019-2020.pdf,2026-08-20T14:23:13.912425+00:00
HDFHLIP20070V011920,Non-Archived,2019-2020,HDFC Ergo General Insurance Co Ltd,Sampoorna Suraksha,15-10-2019,New,https://irdai.gov.in/documents/37343/931203/HDFHLIP20070V011920_2019-2020.pdf/93c881fa-27a8-de1b-1115-653047d8c39e?version=1.1&t=1668513260064&download=true,HDFHLIP20070V011920_2019-2020.pdf,2026-08-20T14:23:13.912425+00:00
HDFHLIP20037V011920,Non-Archived,2019-2020,HDFC Ergo General Insurance Co Ltd,health Critical Suraksha Plus,07-10-2019,New,https://irdai.gov.in/documents/37343/931203/HDFHLIP20037V011920_2019-2020.pdf/db47fcfc-f9c4-88ac-7e53-561ed3d34b11?version=1.1&t=1668513006304&download=true,HDFHLIP20037V011920_2019-2020.pdf,2026-08-20T14:23:13.912425+00:00
IRDAI/NL-HLT/HDFC-ERGOGI/P-P/V.1/82/14-15,Non-Archived,2015-2016,HDFC Ergo General Insurance Company Ltd,HDFC Ergo Janatha Personal Accident Insurance Policy,06-03-2015,,https://irdai.gov.in/documents/37343/931203/HDFC+ERGO+_+Janata+Personal+Accident++Insurance+Policy_2015-2016.pdf/393e1a4e-3713-be4c-2af0-2a89fc2c85ba?version=1.1&t=1668408658074&download=true,HDFC ERGO _ Janata Personal Accident Insurance Policy_2015-2016.pdf,2026-08-20T14:23:13.912425+00:00
HDHHLIP20131V051920,Non-Archived,2019-2020,HDFC Ergo Health Insurance Co Ltd,Easy Health,27-02-2020,Revision,https://irdai.gov.in/documents/37343/931203/HDHHLIP20131V051920_2019-2020.pdf/af7fe31d-40ec-9e87-1cd0-3fd5919b60c0?version=1.1&t=1668513409659&download=true,HDHHLIP20131V051920_2019-2020.pdf,2026-08-20T14:23:13.912425+00:00
APOHLIP20106V051920,Non-Archived,2019-2020,HDFC Ergo Health Insurance Co Ltd,Optima Restore,14-01-2020,Individual,https://irdai.gov.in/documents/37343/931203/APOHLIP20106V051920_2019-2020.pdf/98914a3f-33dc-7b44-b67a-6b65386590b5?version=1.1&t=1668513370722&download=true,APOHLIP20106V051920_2019-2020.pdf,2026-08-20T14:23:13.912425+00:00
HDHHLIP21053V022021,Non-Archived,2020-2021,HDFC Ergo Health Insurance Ltd,Total Health,06-11-2020,Revision,https://irdai.gov.in/documents/37343/931203/HDHHLIP21053V022021_2020-2021.pdf/0354d7aa-c983-cb47-d35a-4be22ae95428?version=1.1&t=1668583460006&download=true,HDHHLIP21053V022021_2020-2021.pdf,2026-08-20T14:23:13.912425+00:00
ICIHLGP21385V022021,Non-Archived,2020-2021,ICICI LOMBARD General Insurance Co. Ltd.,COVID Shield,22-09-2020,Revision,https://irdai.gov.in/documents/37343/931203/ICIHLGP21385V022021_2020-2021.pdf/4a923950-ad09-d1dc-ea21-9cdfd51eb9c5?version=1.1&t=1668584498635&download=true,ICIHLGP21385V022021_2020-2021.pdf,2026-08-20T14:23:13.912425+00:00
ICIHLIP21124V012021,Non-Archived,2020-2021,ICICI LOMBARD General Insurance Co. Ltd.,"Corona Rakshak Policy , ICICI Lombard",29-07-2020,Individual,https://irdai.gov.in/documents/37343/931203/ICIHLIP21124V012021_2020-2021.pdf/879f7ce9-834f-6fe0-c2fc-f40f379f2427?version=1.1&t=1668584895342&download=true,ICIHLIP21124V012021_2020-2021.pdf,2026-08-20T14:23:13.912425+00:00
ICIHLGP21384V032021,Non-Archived,2020-2021,ICICI LOMBARD General Insurance Co. Ltd.,Crtical Illness,22-09-2020,Revision,https://irdai.gov.in/documents/37343/931203/ICIHLGP21384V032021_2020-2021.pdf/c2cd9b87-2488-7138-31a9-498823918f2c?version=1.1&t=1668584440403&download=true,ICIHLGP21384V032021_2020-2021.pdf,2026-08-20T14:23:13.912425+00:00
ICITIDP21386V032021,Non-Archived,2020-2021,ICICI LOMBARD General Insurance Co. Ltd.,Domestic Travel Insuance,22-09-2020,Revision,https://irdai.gov.in/documents/37343/931203/ICITIDP21386V032021_2020-2021.pdf/dacabc12-bc35-82ab-2767-c892de2b3033?version=1.1&t=1668589215569&download=true,ICITIDP21386V032021_2020-2021.pdf,2026-08-20T14:23:13.912425+00:00
ICIHLIP21387V022021,Non-Archived,2020-2021,ICICI LOMBARD General Insurance Co. Ltd.,Family Shield,22-09-2020,Revision,https://irdai.gov.in/documents/37343/931203/ICIHLIP21387V022021_2020-2021.pdf/1eb60a93-19c0-327a-3f43-b4f2417976b2?version=1.1&t=1668584996454&download=true,ICIHLIP21387V022021_2020-2021.pdf,2026-08-20T14:23:13.912425+00:00
ICITIDP21398V042021,Non-Archived,2020-2021,ICICI LOMBARD General Insurance Co. Ltd.,Globetrotter- Overseas Group Travel Insurance Policy,22-09-2020,Revision,https://irdai.gov.in/documents/37343/931203/ICITIDP21398V042021_2020-2021.pdf/3b246b3d-6ec7-a77c-2401-48cf72df6d6a?version=1.1&t=1668589274653&download=true,ICITIDP21398V042021_2020-2021.pdf,2026-08-20T14:23:13.912425+00:00
ICIHLGP21210V012021,Non-Archived,2020-2021,ICICI LOMBARD General Insurance Co. Ltd.,"Group Corona Kavach Policy , ICICI Lombard",31-08-2020,Group,https://irdai.gov.in/documents/37343/931203/ICIHLGP21210V012021_2020-2021.pdf/30f5c0f5-e3c8-6e1c-3c8d-34ba21aa4990?version=1.1&t=1668584221126&download=true,ICIHLGP21210V012021_2020-2021.pdf,2026-08-20T14:23:13.912425+00:00
ICIHLGP21381V052021,Non-Archived,2020-2021,ICICI LOMBARD General Insurance Co. Ltd.,Group Health (Floater ) Insurance,22-09-2020,Revision,https://irdai.gov.in/documents/37343/931203/ICIHLGP21381V052021_2020-2021.pdf/8fc7e10c-1c86-f81c-99a2-048b5d4f5b00?version=1.1&t=1668584334939&download=true,ICIHLGP21381V052021_2020-2021.pdf,2026-08-20T14:23:13.912425+00:00
ICIHLGP21380V042021,Non-Archived,2020-2021,ICICI LOMBARD General Insurance Co. Ltd.,Group Health Insurance,22-09-2020,Revision,https://irdai.gov.in/documents/37343/931203/ICIHLGP21380V042021_2020-2021.pdf/da808274-ad45-2b5e-0957-e1b28352dbee?version=1.1&t=1668584281640&download=true,ICIHLGP21380V042021_2020-2021.pdf,2026-08-20T14:23:13.912425+00:00
ICIHLGP21392V022021,Non-Archived,2020-2021,ICICI LOMBARD General Insurance Co. Ltd.,Group Hospi Shield,22-09-2020,Revision,https://irdai.gov.in/documents/37343/931203/ICIHLGP21392V022021_2020-2021.pdf/0eea4f8f-16b2-14b4-6150-003663d9e7e5?version=1.1&t=1668584682233&download=true,ICIHLGP21392V022021_2020-2021.pdf,2026-08-20T14:23:13.912425+00:00
ICIPAGP21388V052021,Non-Archived,2020-2021,ICICI LOMBARD General Insurance Co. Ltd.,Group Personal Accident,22-09-2020,Revision,https://irdai.gov.in/documents/37343/931203/ICIPAGP21388V052021_2020-2021.pdf/26d9abea-ec82-16e5-6021-d23c380edf96?version=1.1&t=1668585318776&download=true,ICIPAGP21388V052021_2020-2021.pdf,2026-08-20T14:23:13.912425+00:00
ICIPAGP21400V032021,Non-Archived,2020-2021,ICICI LOMBARD General Insurance Co. Ltd.,Group Safe Guard Insurance,22-09-2020,Revision,https://irdai.gov.in/documents/37343/931203/ICIPAGP21400V032021_2020-2021.pdf/3018fd05-2f99-a672-f9bd-1844c4c3ce15?version=1.1&t=1668585369207&download=true,ICIPAGP21400V032021_2020-2021.pdf,2026-08-20T14:23:13.912425+00:00
ICIHMGP21389V022021,Non-Archived,2020-2021,ICICI LOMBARD General Insurance Co. Ltd.,Group Safeguard Micro Insurance,22-09-2020,Revision,https://irdai.gov.in/documents/37343/931203/ICIHMGP21389V022021_2020-2021.pdf/ff5cbb7b-fd6d-8158-e862-762553199408?version=1.1&t=1668585229342&download=true,ICIHMGP21389V022021_2020-2021.pdf,2026-08-20T14:23:13.912425+00:00
ICIHLGP21397V032021,Non-Archived,2020-2021,ICICI LOMBARD General Insurance Co. Ltd.,Group Secure Mind,22-09-2020,Revision,https://irdai.gov.in/documents/37343/931203/ICIHLGP21397V032021_2020-2021.pdf/3818a2de-cd20-c90b-fc08-4bb97b6e23db?version=1.1&t=1668584790196&download=true,ICIHLGP21397V032021_2020-2021.pdf,2026-08-20T14:23:13.912425+00:00
ICIHLGP21382V022021,Non-Archived,2020-2021,ICICI LOMBARD General Insurance Co. Ltd.,Group Takecare Insurance,22-09-2020,Revision,https://irdai.gov.in/documents/37343/931203/ICIHLGP21382V022021_2020-2021.pdf/9f1f37f1-0fcd-2a8b-9ae9-b81b95df9abf?version=1.1&t=1668584390516&download=true,ICIHLGP21382V022021_2020-2021.pdf,2026-08-20T14:23:13.912425+00:00
ICIHLIP21516V022021,Non-Archived,2020-2021,ICICI LOMBARD General Insurance Co. Ltd.,Health Booster,30-09-2020,Revision,https://irdai.gov.in/documents/37343/931203/ICIHLIP21516V022021_2020-2021.pdf/dfd24cd2-f137-4e64-5c30-c4468a6011f3?version=1.1&t=1668585176543&download=true,ICIHLIP21516V022021_2020-2021.pdf,2026-08-20T14:23:13.912425+00:00
ICIHLGP21390V032021,Non-Archived,2020-2021,ICICI LOMBARD General Insurance Co. Ltd.,Health Care Plus Policy,22-09-2020,Revision,https://irdai.gov.in/documents/37343/931203/ICIHLGP21390V032021_2020-2021.pdf/392cce91-57a3-2321-db7e-881c00105133?version=1.1&t=1668584566608&download=true,ICIHLGP21390V032021_2020-2021.pdf,2026-08-20T14:23:13.912425+00:00
ICIHLIP21391V022021,Non-Archived,2020-2021,ICICI LOMBARD General Insurance Co. Ltd.,Hospifund Insurance,22-09-2020,Revision,https://irdai.gov.in/documents/37343/931203/ICIHLIP21391V022021_2020-2021.pdf/e770ded2-fbec-e368-faca-45793210757e?version=1.1&t=1668585045616&download=true,ICIHLIP21391V022021_2020-2021.pdf,2026-08-20T14:23:13.912425+00:00
ICIHLIP21383V052021,Non-Archived,2020-2021,ICICI LOMBARD General Insurance Co. Ltd.,ICICI Complete Health Insurance,22-09-2020,Revision,https://irdai.gov.in/documents/37343/931203/ICIHLIP21383V052021_2020-2021.pdf/0948ef3e-3860-6893-1f9f-451cb7aad3b6?version=1.1&t=1668584946575&download=true,ICIHLIP21383V052021_2020-2021.pdf,2026-08-20T14:23:13.912425+00:00
ICIHLGP21399V032021,Non-Archived,2020-2021,ICICI LOMBARD General Insurance Co. Ltd.,Income Protect,22-09-2020,Revision,https://irdai.gov.in/documents/37343/931203/ICIHLGP21399V032021_2020-2021.pdf/05967c54-720f-8693-73c0-506582896f36?version=1.1&t=1668584839557&download=true,ICIHLGP21399V032021_2020-2021.pdf,2026-08-20T14:23:13.912425+00:00
ICIPAIP21393V032021,Non-Archived,2020-2021,ICICI LOMBARD General Insurance Co. Ltd.,Personal Care Insurance Policy,22-09-2020,Revision,https://irdai.gov.in/documents/37343/931203/ICIPAIP21393V032021_2020-2021.pdf/d35c0e40-47ad-87c5-b62a-141cb4b6ac0e?version=1.1&t=1668588950812&download=true,ICIPAIP21393V032021_2020-2021.pdf,2026-08-20T14:23:13.912425+00:00
ICIPAIP21394V032021,Non-Archived,2020-2021,ICICI LOMBARD General Insurance Co. Ltd.,Personal Protect Policy,22-09-2020,Revision,https://irdai.gov.in/documents/37343/931203/ICIPAIP21394V032021_2020-2021.pdf/e6779292-50cb-cf20-0504-ef132957ce82?version=1.1&t=1668589043539&download=true,ICIPAIP21394V032021_2020-2021.pdf,2026-08-20T14:23:13.912425+00:00
ICITGBP21395V022021,Non-Archived,2020-2021,ICICI LOMBARD General Insurance Co. Ltd.,Ride Safe Travel Insurance,22-09-2020,Revision,https://irdai.gov.in/documents/37343/931203/ICITGBP21395V022021_2020-2021.pdf/3d71f6c4-272b-8ef6-29b9-ac4b7e2aaa8f?version=1.1&t=1668589108700&download=true,ICITGBP21395V022021_2020-2021.pdf,2026-08-20T14:23:13.912425+00:00
ICIHLIP21401V032021,Non-Archived,2020-2021,ICICI LOMBARD General Insurance Co. Ltd.,Secure Mind,22-09-2020,Revision,https://irdai.gov.in/documents/37343/931203/ICIHLIP21401V032021_2020-2021.pdf/8e57f5ef-6f6d-a8cf-6118-8d4c1f805e56?version=1.1&t=1668585115583&download=true,ICIHLIP21401V032021_2020-2021.pdf,2026-08-20T14:23:13.912425+00:00
ICITGBP21396V022021,Non-Archived,2020-2021,ICICI LOMBARD General Insurance Co. Ltd.,Voyager Travel Insurance (Group),22-09-2020,Revision,https://irdai.gov.in/documents/37343/931203/ICITGBP21396V022021_2020-2021.pdf/a33f3525-eb9c-8470-09f4-7004bad64e1a?version=1.1&t=1668589156341&download=true,ICITGBP21396V022021_2020-2021.pdf,2026-08-20T14:23:13.912425+00:00
ICIHLGP22207V032122,Non-Archived,2021-2022,ICICI Lombard GI Co. Ltd,Group Health Insurance Policy,02-02-2022,Revision,https://irdai.gov.in/documents/37343/931203/ICIHLGP22207V032122.pdf/4836615c-d306-3524-d3c2-e530c12a7cea?version=1.1&t=1668851204294&download=true,ICIHLGP22207V032122.pdf,2026-08-20T14:23:13.912425+00:00
ICIHLGP22209V012122,Non-Archived,2021-2022,ICICI Lombard GI Co. Ltd,Group Hospi Shield Plus,10-02-2022,Group,https://irdai.gov.in/documents/37343/931203/ICIHLGP22209V012122.pdf/5f25036c-e8c1-d039-f6d1-c5793c5ed0d3?version=1.1&t=1668851265817&download=true,ICIHLGP22209V012122.pdf,2026-08-20T14:23:13.912425+00:00
ICITGOP22203V022122,Non-Archived,2021-2022,ICICI Lombard GI Co. Ltd,Travel Assure -Group Overseas Travel Insurance,02-02-2022,Revision,https://irdai.gov.in/documents/37343/931203/ICIHLGP22203V032122.pdf/7607eb37-4dca-6ee3-3fbe-63fee61e9cf1?version=1.1&t=1668851455921&download=true,ICIHLGP22203V032122.pdf,2026-08-20T14:23:13.912425+00:00
ICIHLIP22131V012122,Non-Archived,2021-2022,ICICI Lombard GI Co. Ltd.,Criti Shield Plus,28-07-2021,New,https://irdai.gov.in/documents/37343/931203/ICIHLIP22131V012122_HEALTH2108.pdf/77aad9fd-413b-ed25-dc17-9890b0528c72?version=1.1&t=1668755447141&download=true,ICIHLIP22131V012122_HEALTH2108.pdf,2026-08-20T14:23:13.912425+00:00
ICITIDP22081V042122,Non-Archived,2021-2022,ICICI Lombard GI Co. Ltd.,Domestic Travel Insurance,02-07-2021,Revision,https://irdai.gov.in/documents/37343/931203/ICITIDP22081V042122_HEALTH2119.pdf/63f4fde7-f65d-7df5-43ac-1101ab9a3e09?version=1.1&t=1668765475764&download=true,ICITIDP22081V042122_HEALTH2119.pdf,2026-08-20T14:23:13.912425+00:00
ICIHLIP22092V032122,Non-Archived,2021-2022,ICICI Lombard GI Co. Ltd.,Family Shield,02-07-2021,Revision,https://irdai.gov.in/documents/37343/931203/ICIHLIP22092V032122_HEALTH2105.pdf/a9f5172f-839f-84e7-dfa4-df80a27c0c0c?version=1.1&t=1668843142555&download=true,ICIHLIP22092V032122_HEALTH2105.pdf,2026-08-20T14:23:13.912425+00:00
ICITIDP22079V052122,Non-Archived,2021-2022,ICICI Lombard GI Co. Ltd.,Globetrotter - Overseas Group Travel Insurance,02-07-2021,Revision,https://irdai.gov.in/documents/37343/931203/ICITIDP22079V052122_HEALTH2118.pdf/e42fedb8-5a94-79e3-7b65-9b212be04b54?version=1.1&t=1668765329578&download=true,ICITIDP22079V052122_HEALTH2118.pdf,2026-08-20T14:23:13.912425+00:00
ICITIOP22094V022122,Non-Archived,2021-2022,ICICI Lombard GI Co. Ltd.,Globetrotter - Overseas Individual Student Travel Insurance,02-07-2021,Revision,https://irdai.gov.in/documents/37343/931203/ICITIOP22094V022122_HEALTH2123.pdf/47bedfb2-a527-ce34-857a-67fc2a092cfe?version=1.1&t=1668765746508&download=true,ICITIOP22094V022122_HEALTH2123.pdf,2026-08-20T14:23:13.912425+00:00
ICIHLGP22202V032122,Non-Archived,2021-2022,ICICI Lombard GI Co. Ltd.,Group Health Assure,02-02-2022,Revision,https://irdai.gov.in/documents/37343/931203/ICIHLGP22202V032122.pdf/886c10fe-2da9-28c3-84dd-91393c5c1d93?version=1.1&t=1668850210541&download=true,ICIHLGP22202V032122.pdf,2026-08-20T14:23:13.912425+00:00
ICIHLGP22205V032122,Non-Archived,2021-2022,ICICI Lombard GI Co. Ltd.,Group Health Assure Super Top up,02-02-2022,Revision,https://irdai.gov.in/documents/37343/931203/ICIHLGP22205V032122.pdf/95d16608-42d3-7153-308e-4b8faa87eb62?version=1.1&t=1668850274632&download=true,ICIHLGP22205V032122.pdf,2026-08-20T14:23:13.912425+00:00
ICIHLGP22090V032122,Non-Archived,2021-2022,ICICI Lombard GI Co. Ltd.,Group Hospi Shield,02-07-2021,Revision,https://irdai.gov.in/documents/37343/931203/ICIHLGP22090V032122_HEALTH2104.pdf/1b791237-13f0-c9b2-917b-82b1f9b243a8?version=1.1&t=1668843084436&download=true,ICIHLGP22090V032122_HEALTH2104.pdf,2026-08-20T14:23:13.912425+00:00
ICIPAGP22077V062122,Non-Archived,2021-2022,ICICI Lombard GI Co. Ltd.,Group Personal Accident,02-07-2021,Revision,https://irdai.gov.in/documents/37343/931203/ICIPAGP22077V062122_HEALTH2110.pdf/9b89efb8-b073-17b2-3470-80670c2d07b2?version=1.1&t=1668755551663&download=true,ICIPAGP22077V062122_HEALTH2110.pdf,2026-08-20T14:23:13.912425+00:00
ICIPAGP22204V022122,Non-Archived,2021-2022,ICICI Lombard GI Co. Ltd.,"Group Personal Accident, ICICI Lombard",02-02-2022,Revision,https://irdai.gov.in/documents/37343/931203/ICIPAGP22204V022122.pdf/7ce7af15-60d0-9e81-2325-97073f2968b5?version=1.1&t=1668851394293&download=true,ICIPAGP22204V022122.pdf,2026-08-20T14:23:13.912425+00:00
ICIPAGP22088V042122,Non-Archived,2021-2022,ICICI Lombard GI Co. Ltd.,Group Safeguard Insurance,02-07-2021,Revision,https://irdai.gov.in/documents/37343/931203/ICIPAGP22088V042122_HEALTH2112.pdf/8529c6a8-ea78-1832-47de-20f0e15545a0?version=1.1&t=1668764927017&download=true,ICIPAGP22088V042122_HEALTH2112.pdf,2026-08-20T14:23:13.912425+00:00
ICIHMGP22089V032122,Non-Archived,2021-2022,ICICI Lombard GI Co. Ltd.,Group Safeguard Micro Insurance,02-07-2021,Revision,https://irdai.gov.in/documents/37343/931203/ICIHMGP22089V032122_HEALTH2109.pdf/8f14e30c-00c7-6717-63f3-4f9eeab19e27?version=1.1&t=1668755506519&download=true,ICIHMGP22089V032122_HEALTH2109.pdf,2026-08-20T14:23:13.912425+00:00
ICIHLIP22100V032122,Non-Archived,2021-2022,ICICI Lombard GI Co. Ltd.,Health Booster,06-07-2021,Revision,https://irdai.gov.in/documents/37343/931203/ICIHLIP22100V032122_HEALTH2107.pdf/cabf902d-a743-cc58-f6ce-643fde937bda?version=1.1&t=1668843260784&download=true,ICIHLIP22100V032122_HEALTH2107.pdf,2026-08-20T14:23:13.912425+00:00
ICIHLIP22206V022122,Non-Archived,2021-2022,ICICI Lombard GI Co. Ltd.,Health advantEDGE,02-02-2022,Revision,https://irdai.gov.in/documents/37343/931203/ICIHLIP22206V022122.pdf/279a2804-73dc-b129-daea-cdece2013079?version=1.1&t=1668851331232&download=true,ICIHLIP22206V022122.pdf,2026-08-20T14:23:13.912425+00:00
ICIHLIP22096V062122,Non-Archived,2021-2022,ICICI Lombard GI Co. Ltd.,ICICI LOMBARD COMPLETE HEALTH INSURANCE,02-07-2021,Revision,https://irdai.gov.in/documents/37343/931203/ICIHLIP22096V062122_HEALTH2106.pdf/6c9576c3-390b-6248-02c8-9948deaadafa?version=1.1&t=1668843201917&download=true,ICIHLIP22096V062122_HEALTH2106.pdf,2026-08-20T14:23:13.912425+00:00
ICITIOP22093V032122,Non-Archived,2021-2022,ICICI Lombard GI Co. Ltd.,International Travel Insurance,02-07-2021,Revision,https://irdai.gov.in/documents/37343/931203/ICITIOP22093V032122_HEALTH2122.pdf/5ebb7767-1c8c-97eb-60d0-e68d7b228e6a?version=1.1&t=1668765654173&download=true,ICITIOP22093V032122_HEALTH2122.pdf,2026-08-20T14:23:13.912425+00:00
ICIPAGP22085V032122,Non-Archived,2021-2022,ICICI Lombard GI Co. Ltd.,Janata Personal Accident,02-07-2021,Revision,https://irdai.gov.in/documents/37343/931203/ICIPAGP22085V032122_HEALTH2111.pdf/1520bffd-9548-27e6-4e1e-437e57a1ccfc?version=1.1&t=1668764893790&download=true,ICIPAGP22085V032122_HEALTH2111.pdf,2026-08-20T14:23:13.912425+00:00
ICITGDP22082V032122,Non-Archived,2021-2022,ICICI Lombard GI Co. Ltd.,Optional travel insurance for E-ticket passengers,02-07-2021,Revision,https://irdai.gov.in/documents/37343/931203/ICITGDP22082V032122_HEALTH2117.pdf/50d2c10b-4fa3-9f41-7d4d-e69a6fefd496?version=1.1&t=1668765288462&download=true,ICITGDP22082V032122_HEALTH2117.pdf,2026-08-20T14:23:13.912425+00:00
ICITIOP22078V042122,Non-Archived,2021-2022,ICICI Lombard GI Co. Ltd.,Overseas Group Travel Insurance,02-07-2021,Revision,https://irdai.gov.in/documents/37343/931203/ICITIOP22078V042122_HEALTH2121.pdf/03b930c9-9427-6066-d287-c718089b64bd?version=1.1&t=1668765577659&download=true,ICITIOP22078V042122_HEALTH2121.pdf,2026-08-20T14:23:13.912425+00:00
ICIPAIP22091V042122,Non-Archived,2021-2022,ICICI Lombard GI Co. Ltd.,Personal Care Insurance Policy,02-07-2021,Revision,https://irdai.gov.in/documents/37343/931203/ICIPAIP22091V042122_HEALTH2114.pdf/960c696a-d36f-2d92-abe3-26fae0e7bac4?version=1.1&t=1668765008901&download=true,ICIPAIP22091V042122_HEALTH2114.pdf,2026-08-20T14:23:13.912425+00:00
ICIPAIP22076V042122,Non-Archived,2021-2022,ICICI Lombard GI Co. Ltd.,Personal Protect Policy,02-07-2021,Revision,https://irdai.gov.in/documents/37343/931203/ICIPAIP22076V042122_HEALTH2113.pdf/6e58b076-cd56-27cc-cd4e-57dadaf824ce?version=1.1&t=1668764959984&download=true,ICIPAIP22076V042122_HEALTH2113.pdf,2026-08-20T14:23:13.912425+00:00
ICITIDP22087V032122,Non-Archived,2021-2022,ICICI Lombard GI Co. Ltd.,Pravasi Bhartiya Bima Yojana,02-07-2021,Revision,https://irdai.gov.in/documents/37343/931203/ICITIDP22087V032122_HEALTH2120.pdf/7db08278-59d5-71f1-5ad8-9b11191d2e28?version=1.1&t=1668765542154&download=true,ICITIDP22087V032122_HEALTH2120.pdf,2026-08-20T14:23:13.912425+00:00
ICIHLGP22086V022122,Non-Archived,2021-2022,ICICI Lombard GI Co. Ltd.,Rashtriya Swasthya Bima Yojana,02-07-2021,Revision,https://irdai.gov.in/documents/37343/931203/ICIHLGP22086V022122_HEALTH2103.pdf/e1476399-7814-4fcb-fcb3-519f7b483829?version=1.1&t=1668843016194&download=true,ICIHLGP22086V022122_HEALTH2103.pdf,2026-08-20T14:23:13.912425+00:00
ICITGBP22080V032122,Non-Archived,2021-2022,ICICI Lombard GI Co. Ltd.,Ride Safe Travel Insurance,02-07-2021,Revision,https://irdai.gov.in/documents/37343/931203/ICITGBP22080V032122_HEALTH2115.pdf/ca188d20-654c-3815-2e61-d8a4e17c5503?version=1.1&t=1668765046023&download=true,ICITGBP22080V032122_HEALTH2115.pdf,2026-08-20T14:23:13.912425+00:00
ICITGBP22095V032122,Non-Archived,2021-2022,ICICI Lombard GI Co. Ltd.,Voyager Travel Insurance (Group),02-07-2021,Revision,https://irdai.gov.in/documents/37343/931203/ICITGBP22095V032122_HEALTH2116.pdf/ca54b292-091f-f55a-b6d7-53cc926b7988?version=1.1&t=1668765137558&download=true,ICITGBP22095V032122_HEALTH2116.pdf,2026-08-20T14:23:13.912425+00:00
ICIHLIP22012V012223,Non-Archived,2022-2023,ICICI Lombard GIC Ltd,Golden Shield,12-04-2022,Individual,https://irdai.gov.in/documents/37343/931203/ICIHLIP22012V012223.pdf/d258f1bb-a90d-5f13-c8bb-c0317ffae28b?version=1.0&t=1669349189166&download=true,ICIHLIP22012V012223.pdf,2026-08-20T14:23:13.912425+00:00
ICIHMGP19069V011819,Non-Archived,2018-2019,ICICI Lombard General Insurance Co,Group Safeguard Micro Insurance,16-10-2018,Group,https://irdai.gov.in/documents/37343/931203/ICIHMGP19069V011819_2018-2019.pdf/721672b1-836f-e59d-7799-b2990d8dd2ac?version=1.1&t=1668505675199&download=true,ICIHMGP19069V011819_2018-2019.pdf,2026-08-20T14:23:13.912425+00:00
ICIHLIP19050V011819,Non-Archived,2018-2019,ICICI Lombard General Insurance Co,Hospifund Insurance,31-08-2018,Retail,https://irdai.gov.in/documents/37343/931203/ICIHLIP19050V011819_2018-2019.pdf/61cdbd29-574e-f131-e31c-b6d6e727c17f?version=1.1&t=1668506195256&download=true,ICIHLIP19050V011819_2018-2019.pdf,2026-08-20T14:23:13.912425+00:00
ICIHLIP21569V012021,Non-Archived,2020-2021,ICICI Lombard General Insurance Co Ltd,BeFit,01-01-2021,New,https://irdai.gov.in/documents/37343/931203/ICIHLIP21569V012021_2020-2021.pdf/ee778358-7610-1dcf-8c69-d7cbe1b5c57a?version=1.1&t=1668583657192&download=true,ICIHLIP21569V012021_2020-2021.pdf,2026-08-20T14:23:13.912425+00:00
ICIHLGP21601V012021,Non-Archived,2020-2021,ICICI Lombard General Insurance Co Ltd,Health Shield 360,03-03-2021,Group,https://irdai.gov.in/documents/37343/931203/ICIHLGP21601V012021_2020-2021.pdf/2484e655-f13b-4846-f682-621523791938?version=1.1&t=1668583601492&download=true,ICIHLGP21601V012021_2020-2021.pdf,2026-08-20T14:23:13.912425+00:00
ICIHLIP21627V012021,Non-Archived,2020-2021,ICICI Lombard General Insurance Co Ltd,ICICI Lombard Mashak (Mosquito) Rakshak,31-03-2021,New,https://irdai.gov.in/documents/37343/931203/ICIHLIP21627V012021_2020-2021.pdf/84204ec2-cd2d-4018-d1bd-18a7627372cd?version=1.1&t=1668583708137&download=true,ICIHLIP21627V012021_2020-2021.pdf,2026-08-20T14:23:13.912425+00:00
ICIPAIP21626V012021,Non-Archived,2020-2021,ICICI Lombard General Insurance Co Ltd,"Saral Suraksha Bima, ICICI Lombard",31-03-2021,New,https://irdai.gov.in/documents/37343/931203/ICIPAIP21626V012021_2020-2021.pdf/b195481b-ebf6-fecc-2de3-fc7c06b01139?version=1.1&t=1668583792747&download=true,ICIPAIP21626V012021_2020-2021.pdf,2026-08-20T14:23:13.912425+00:00
ICIHLGP21537V012021,Non-Archived,2020-2021,ICICI Lombard General Insurance Co Ltd,Women’s Cancer Shield,10-07-2020,Group,https://irdai.gov.in/documents/37343/931203/ICIHLGP21537V012021_2020-2021.pdf/8a5db5b5-e104-ac6b-3762-db77d8dfec95?version=1.1&t=1668583542203&download=true,ICIHLGP21537V012021_2020-2021.pdf,2026-08-20T14:23:13.912425+00:00
ICIHLIP20127V011920,Non-Archived,2019-2020,ICICI Lombard General Insurance Co ltd,Family Shield,13-02-2020,Individual,https://irdai.gov.in/documents/37343/931203/ICIHLIP20127V011920_2019-2020.pdf/11d2e0af-0a83-d2ca-8f28-a57019a26377?version=1.1&t=1668513622248&download=true,ICIHLIP20127V011920_2019-2020.pdf,2026-08-20T14:23:13.912425+00:00
ICIPAGP20122V021920,Non-Archived,2019-2020,ICICI Lombard General Insurance Co ltd,Group Safe Guard,02-05-2020,Group,https://irdai.gov.in/documents/37343/931203/ICIPAGP20122V021920_2019-2020.pdf/951ef4a0-3ab2-2ce5-3bfa-3265ed3f4252?version=1.1&t=1668513502951&download=true,ICIPAGP20122V021920_2019-2020.pdf,2026-08-20T14:23:13.912425+00:00
lClHLGP20124V021920,Non-Archived,2019-2020,ICICI Lombard General Insurance Co ltd,Group Secure Mind,02-10-2020,Group,https://irdai.gov.in/documents/37343/931203/lClHLGP20124V021920_2019-2020.pdf/c430bee1-4ee3-92a5-c930-4e058b1c2883?version=1.1&t=1668513586429&download=true,lClHLGP20124V021920_2019-2020.pdf,2026-08-20T14:23:13.912425+00:00
ICIHLGP18120V011718,Non-Archived,2017-2018,ICICI Lombard General Insurance Co ltd,Group Take Care Insurance,28-02-2018,,https://irdai.gov.in/documents/37343/931203/ICI_GroupTakeCareInsurance_2017-2018.pdf/3d16b1f1-c8a2-a465-f0fe-3f19819c801c?version=1.1&t=1668424684054&download=true,ICI_GroupTakeCareInsurance_2017-2018.pdf,2026-08-20T14:23:13.912425+00:00
ICIHLGP18127V011718,Non-Archived,2017-2018,ICICI Lombard General Insurance Co ltd,Income Protect,28-03-2018,,https://irdai.gov.in/documents/37343/931203/ICI_IncomeProtect_2017-2018.pdf/638e3c44-7c33-9c70-030f-01a62b1e1bc2?version=1.1&t=1668425108146&download=true,ICI_IncomeProtect_2017-2018.pdf,2026-08-20T14:23:13.912425+00:00
ICIHLGP20123V021920,Non-Archived,2019-2020,ICICI Lombard General Insurance Co ltd,Inome Protect,02-05-2020,Group,https://irdai.gov.in/documents/37343/931203/ICIHLGP20123V021920_2019-2020.pdf/ace635a1-9217-d3e8-88f3-b330af022cc8?version=1.1&t=1668513540449&download=true,ICIHLGP20123V021920_2019-2020.pdf,2026-08-20T14:23:13.912425+00:00
IRDAI/HLT/ICICI(IRCTC) /P-T/V.I/33/16-17,Non-Archived,2016-2017,ICICI Lombard General Insurance Co ltd,Optional Travel Insurance for E-Ticket Passgers of IRCTC,21-11-2016,Group,https://irdai.gov.in/documents/37343/931203/ICICI_OptionalTravelInsuranceforETicketpassengersofIRCTC_2016-2017.pdf/72e0030a-1719-ffb0-44e3-1ce5ca1635f8?version=1.1&t=1668418179330&download=true,ICICI_OptionalTravelInsuranceforETicketpassengersofIRCTC_2016-2017.pdf,2026-08-20T14:23:13.912425+00:00
ICIHLIP20178V011920,Non-Archived,2019-2020,ICICI Lombard General Insurance Co. Ltd,"Arogya Sanjeevani Policy , ICICI Lombard",31-03-2020,New,https://irdai.gov.in/documents/37343/931203/ICIHLIP20178V011920_2019-2020.pdf/0e87719f-3d9a-0d9c-5cfa-b91dcf71855e?version=1.1&t=1668513666697&download=true,ICIHLIP20178V011920_2019-2020.pdf,2026-08-20T14:23:13.912425+00:00
ICIHLIP21107V012021,Non-Archived,2020-2021,ICICI Lombard General Insurance Co. Ltd,"Corona Kavach Policy , ICICI Lombard",07-09-2020,New,https://irdai.gov.in/documents/37343/931203/ICIHLIP21107V012021_2020-2021.pdf/9d529c2b-1f7b-e7c1-cf84-dba0ab0600b4?version=1.1&t=1668154364970&download=true,ICIHLIP21107V012021_2020-2021.pdf,2026-08-20T14:23:13.912425+00:00
IRDAI/HLT/ICICI/P-H/V.I/31/15-16,Non-Archived,2015-2016,ICICI Lombard General Insurance Company Ltd,Health Booster Individual,03-03-2016,,https://irdai.gov.in/documents/37343/931203/ICICI+_+HEALTH+BOOSTER++1_2015-2016.pdf/6f47ae8b-3941-9534-7c05-df7d3ebeb190?version=1.1&t=1668408755821&download=true,ICICI _ HEALTH BOOSTER 1_2015-2016.pdf,2026-08-20T14:23:13.912425+00:00
IRDAI/NL-HLT/ICICI/P-H/V.II/63/15-16,Non-Archived,2015-2016,ICICI Lombard General Insurance Company Ltd,ICICI Lombard Complete Health Insurance,31-03-2016,,https://irdai.gov.in/documents/37343/931203/ICICI+_+COMPLETE+HEALTH+INSURANCE_2015-2016.pdf/7f2fbdf9-6204-979a-9aac-ee6857614191?version=1.1&t=1668408694964&download=true,ICICI _ COMPLETE HEALTH INSURANCE_2015-2016.pdf,2026-08-20T14:23:13.912425+00:00
IRDA/NL-HLT/ICICI/P-H/V.I/63/13-14,Non-Archived,2013-2014,ICICI Lombard General Insurance Company limited,Complete Health Insurance,25-06-2013,,https://irdai.gov.in/documents/37343/931203/Complete+Health+Insurance_2013-2014.pdf/701b1593-6d6f-0474-7a4b-539ba273361d?version=1.1&t=1668233376944&download=true,Complete Health Insurance_2013-2014.pdf,2026-08-20T14:23:13.912425+00:00
IRDA/NL-HLT/ICICI/P-H/V.I/437/13-14,Non-Archived,2013-2014,ICICI Lombard General Insurance Company limited,Critical Illness,21-01-2014,,https://irdai.gov.in/documents/37343/931203/Critical+Illness_2013-2014.pdf/aa744d3e-fe02-5150-6017-dbeba876bfae?version=1.1&t=1668233917045&download=true,Critical Illness_2013-2014.pdf,2026-08-20T14:23:13.912425+00:00
IRDA/NL-HLT/ICICI/P-T/V.I/438/13-14,Non-Archived,2013-2014,ICICI Lombard General Insurance Company limited,Domestic Travel Insruance,21-01-2014,,https://irdai.gov.in/documents/37343/931203/Domestic+Travel+Insurance_2013-2014.pdf/529b28bd-9dd6-7898-db1c-3ec26a54be52?version=1.1&t=1668233967865&download=true,Domestic Travel Insurance_2013-2014.pdf,2026-08-20T14:23:13.912425+00:00
IRDA/NL-HLT/ICICI/P-T/V.I/440/13-14,Non-Archived,2013-2014,ICICI Lombard General Insurance Company limited,Globetrotter-Overseas Group Travel Insurance Policy,21-01-2014,,https://irdai.gov.in/documents/37343/931203/Globetrotter-Overseas+Group+Travel+Insurance+Policy_2013-2014.pdf/e327b6ff-ea43-d29f-3f58-89058fba7a67?version=1.1&t=1668234047010&download=true,Globetrotter-Overseas Group Travel Insurance Policy_2013-2014.pdf,2026-08-20T14:23:13.912425+00:00
IRDA/NL-HLT/ICICI/P-T/V.I/441/13-14,Non-Archived,2013-2014,ICICI Lombard General Insurance Company limited,Globetrotter-Overseas Individual Student Travel Insurance Policy,21-01-2014,,https://irdai.gov.in/documents/37343/931203/Globetrotter-Overseas+Individual+Student+Travel+Ins.+Policy_2013-2014.pdf/24fff5b1-3d95-4c44-e1b5-0a297ed438fe?version=1.1&t=1668234087046&download=true,Globetrotter-Overseas Individual Student Travel Ins. Policy_2013-2014.pdf,2026-08-20T14:23:13.912425+00:00
IRDA/NL-HLT/ICICI/P-H/V.I/65/13-14,Non-Archived,2013-2014,ICICI Lombard General Insurance Company limited,Group Complete Health Insurance,25-06-2013,,https://irdai.gov.in/documents/37343/931203/Group+Complete+Health+Insurance_2013-2014.pdf/00662d5a-8058-7d99-bdab-4a8a321ac797?version=1.1&t=1668233461573&download=true,Group Complete Health Insurance_2013-2014.pdf,2026-08-20T14:23:13.912425+00:00
IRDA/NL-HLT/ICICI/P-H/V.I/160/13-14,Non-Archived,2013-2014,ICICI Lombard General Insurance Company limited,Group Health (Floater) Insurance,14-08-2013,,https://irdai.gov.in/documents/37343/931203/Group+Health+%28Floater%29+Insurance_2013-2014.pdf/1d4faffa-17e4-9d63-f90a-3ec7e7c4bff1?version=1.1&t=1668233709289&download=true,Group Health (Floater) Insurance_2013-2014.pdf,2026-08-20T14:23:13.912425+00:00
IRDA/NL-HLT/ICICI/P-H/V.I/161/13-14,Non-Archived,2013-2014,ICICI Lombard General Insurance Company limited,Group Health Insurance,14-08-2013,,https://irdai.gov.in/documents/37343/931203/Group+Health+Insurance_2013-08-14.pdf/66fa4903-8fc8-5a27-30a6-4b65fda7556f?version=1.1&t=1668233764941&download=true,Group Health Insurance_2013-08-14.pdf,2026-08-20T14:23:13.912425+00:00
IRDA/NL-HLT/ICICI/P-P/V.I/159/13-14,Non-Archived,2013-2014,ICICI Lombard General Insurance Company limited,Group Personal Accident,14-08-2013,,https://irdai.gov.in/documents/37343/931203/Group+Personal+Accident_2013-08-14.pdf/436626ac-d48c-41f5-1ecd-f233de3037ae?version=1.1&t=1668233673971&download=true,Group Personal Accident_2013-08-14.pdf,2026-08-20T14:23:13.912425+00:00
IRDA/NL-HLT/ICICI/P-H/V.I/436/13-14,Non-Archived,2013-2014,ICICI Lombard General Insurance Company limited,Group Secure Mind,21-01-2014,,https://irdai.gov.in/documents/37343/931203/Group+Secure+Mind_2013-2014.pdf/933e2b65-8cdb-28e3-0b7d-d602a68715e4?version=1.1&t=1668233872747&download=true,Group Secure Mind_2013-2014.pdf,2026-08-20T14:23:13.912425+00:00
IRDA/NL-HLT/ICICI/P-H/V.I/64/13-14,Non-Archived,2013-2014,ICICI Lombard General Insurance Company limited,Health Care Plus,25-06-2013,,https://irdai.gov.in/documents/37343/931203/Health+Care+Plus_2013-2014.pdf/4146272b-dfea-effa-34ca-96d5f00088df?version=1.1&t=1668233422650&download=true,Health Care Plus_2013-2014.pdf,2026-08-20T14:23:13.912425+00:00
IRDA/NL-HLT/ICICI/P-H/V.I/82/13-14,Non-Archived,2013-2014,ICICI Lombard General Insurance Company limited,Hospital Cash,25-06-2013,,https://irdai.gov.in/documents/37343/931203/Hospital+Cash_2013-2014.pdf/5063e1c7-8c24-747e-724d-68125a15fe13?version=1.1&t=1668233548766&download=true,Hospital Cash_2013-2014.pdf,2026-08-20T14:23:13.912425+00:00
IRDA/NL-HLT/ICICI/P-H/V.I/84/13-14,Non-Archived,2013-2014,ICICI Lombard General Insurance Company limited,International Health Policy,25-06-2013,,https://irdai.gov.in/documents/37343/931203/International+Health+Policy_2013-2014.pdf/4cc32328-29e2-f0ec-cbdd-eb51c856d7d5?version=1.1&t=1668233622918&download=true,International Health Policy_2013-2014.pdf,2026-08-20T14:23:13.912425+00:00
IRDA/NL-HLT/ICICI/P-T/V.II/439/13-14,Non-Archived,2013-2014,ICICI Lombard General Insurance Company limited,International Travel Insurance,19-03-2014,,https://irdai.gov.in/documents/37343/931203/International+Travel+Insurance_2013-2014.pdf/d1b5f2a1-d868-080b-954d-ad6c3802a560?version=1.1&t=1668234011887&download=true,International Travel Insurance_2013-2014.pdf,2026-08-20T14:23:13.912425+00:00
IRDA/NL-HLT/ICICI/P-P/V.I/62/13-14,Non-Archived,2013-2014,ICICI Lombard General Insurance Company limited,Janata Personal Accident,25-06-2013,,https://irdai.gov.in/documents/37343/931203/Janata+Personal+Accident_2013-06-25.pdf/603dfd68-2ada-227b-bf84-fedeace6cb4c?version=1.1&t=1668233338619&download=true,Janata Personal Accident_2013-06-25.pdf,2026-08-20T14:23:13.912425+00:00
IRDA/NL-HLT/ICICI/P-T/V.I/443/13-14,Non-Archived,2013-2014,ICICI Lombard General Insurance Company limited,Overseas Group Travel Insurance,21-01-2014,,https://irdai.gov.in/documents/37343/931203/Overseas+Group+Travel+Insurance_2013-2014.pdf/2ac25333-d068-c01e-6d1f-152aa2c63997?version=1.1&t=1668234180306&download=true,Overseas Group Travel Insurance_2013-2014.pdf,2026-08-20T14:23:13.912425+00:00
IRDA/NL-HLT/ICICI/P-P/V.I/66/13-14,Non-Archived,2013-2014,ICICI Lombard General Insurance Company limited,Personal Care,25-06-2013,,https://irdai.gov.in/documents/37343/931203/Personal+Care_2013-2014.pdf/a7ef2cc0-9c1d-5882-c1f8-1e2eeba23320?version=1.1&t=1668233499366&download=true,Personal Care_2013-2014.pdf,2026-08-20T14:23:13.912425+00:00
IRDA/NL-HLT/ICICI/P-P/V.I/83/13-14,Non-Archived,2013-2014,ICICI Lombard General Insurance Company limited,Personal Protect,25-06-2013,,https://irdai.gov.in/documents/37343/931203/Personal+Protect_2013-2014.pdf/0972326f-7c11-2c61-2fd0-3e641d013648?version=1.1&t=1668233585879&download=true,Personal Protect_2013-2014.pdf,2026-08-20T14:23:13.912425+00:00
IRDA/NL-HLT/ICICI/P-T/V.I/442/13-14,Non-Archived,2013-2014,ICICI Lombard General Insurance Company limited,Pravasi Bhartiya Bima Yojana,21-01-2014,,https://irdai.gov.in/documents/37343/931203/Pravasi+Bhartiya+Bima+Yojana_2013-2014.pdf/b11320cf-d530-6f1b-ad4e-24a88e387759?version=1.1&t=1668234137115&download=true,Pravasi Bhartiya Bima Yojana_2013-2014.pdf,2026-08-20T14:23:13.912425+00:00
IRDA/NL-HLT/ICICI/P-H/V.I/444/13-14,Non-Archived,2013-2014,ICICI Lombard General Insurance Company limited,Rashtriya Swasthya Bima Yojana,21-01-2014,,https://irdai.gov.in/documents/37343/931203/Rashtriya+Swasthya+Bima+Yojana_2013-2014.pdf/03e35e8b-728b-6e94-8cb7-cdb57945d9a5?version=1.1&t=1668234216418&download=true,Rashtriya Swasthya Bima Yojana_2013-2014.pdf,2026-08-20T14:23:13.912425+00:00
IRDA/NL-HLT/ICICI/P-H/V.I/435/13-14,Non-Archived,2013-2014,ICICI Lombard General Insurance Company limited,Secure Mind,21-01-2014,,https://irdai.gov.in/documents/37343/931203/Secure+Mind_2013-2014.pdf/d99fbedc-ad3b-b1da-c05f-537e7b206b3c?version=1.1&t=1668233824360&download=true,Secure Mind_2013-2014.pdf,2026-08-20T14:23:13.912425+00:00
ICIPAGP18102V011718,Non-Archived,2017-2018,ICICI Lombard Generali Insurance Co ltd,Group Safeguard Insurance,29-12-2017,,https://irdai.gov.in/documents/37343/931203/ICICI_GroupSafeguardInsurance_2017-2018.pdf/b87f4094-8464-650a-e776-c17bd26f4947?version=1.1&t=1668425141911&download=true,ICICI_GroupSafeguardInsurance_2017-2018.pdf,2026-08-20T14:23:13.912425+00:00
IFFHLIP21354V032021,Non-Archived,2020-2021,IFFCO TOKIO General Insurance Co. Ltd.,Comprehensive Accident Hospitalisation Policy,21-09-2020,Revision,https://irdai.gov.in/documents/37343/931203/IFFHLIP21354V032021_2020-2021.pdf/4154a4c8-f5e9-9e3e-0a6a-ea764423d9f9?version=1.1&t=1668590405905&download=true,IFFHLIP21354V032021_2020-2021.pdf,2026-08-20T14:23:13.912425+00:00
IFFHLIP21082V012021,Non-Archived,2020-2021,IFFCO TOKIO General Insurance Co. Ltd.,"Corona Rakshak Policy, IFFCO -Tokio General Insurance Company Limited",07-09-2020,Individual,https://irdai.gov.in/documents/37343/931203/IFFHLIP21082V012021_2020-2021.pdf/37c04e01-ff3c-7ec0-e0cc-651d75185755?version=1.1&t=1668589721417&download=true,IFFHLIP21082V012021_2020-2021.pdf,2026-08-20T14:23:13.912425+00:00
IFFHLIP21353V022021,Non-Archived,2020-2021,IFFCO TOKIO General Insurance Co. Ltd.,Critical Illness insurance Policy,21-09-2020,Revision,https://irdai.gov.in/documents/37343/931203/IFFHLIP21353V022021_2020-2021.pdf/079773a2-a551-8e2a-08ff-aa3227993e6e?version=1.1&t=1668590330506&download=true,IFFHLIP21353V022021_2020-2021.pdf,2026-08-20T14:23:13.912425+00:00
IFFHLIP21324V032021,Non-Archived,2020-2021,IFFCO TOKIO General Insurance Co. Ltd.,Family Health Protector,21-09-2020,Revision,https://irdai.gov.in/documents/37343/931203/IFFHLIP21324V032021_2020-2021.pdf/2b60636b-3277-e59c-9865-e937389f4659?version=1.1&t=1668589837628&download=true,IFFHLIP21324V032021_2020-2021.pdf,2026-08-20T14:23:13.912425+00:00
IFFHLGP21327V022021,Non-Archived,2020-2021,IFFCO TOKIO General Insurance Co. Ltd.,Group Medishield Insurance Policy,21-09-2020,Revision,https://irdai.gov.in/documents/37343/931203/IFFHLGP21327V022021_2020-2021.pdf/bcc820d1-ffa1-a915-af8c-11aa957b0fb7?version=1.1&t=1668589668244&download=true,IFFHLGP21327V022021_2020-2021.pdf,2026-08-20T14:23:13.912425+00:00
IFFHLIP21323V032021,Non-Archived,2020-2021,IFFCO TOKIO General Insurance Co. Ltd.,Health Protector,21-09-2020,Revision,https://irdai.gov.in/documents/37343/931203/IFFHLIP21323V032021_2020-2021.pdf/74132137-1057-e3db-b72d-1f74337ba011?version=1.1&t=1668589772798&download=true,IFFHLIP21323V032021_2020-2021.pdf,2026-08-20T14:23:13.912425+00:00
IFFHLIP21328V022021,Non-Archived,2020-2021,IFFCO TOKIO General Insurance Co. Ltd.,Health Protector Plus,21-09-2020,Revision,https://irdai.gov.in/documents/37343/931203/IFFHLIP21328V022021_2020-2021.pdf/c61b25a5-7d4d-f47a-7b0b-b1bf42fb5cac?version=1.1&t=1668590046575&download=true,IFFHLIP21328V022021_2020-2021.pdf,2026-08-20T14:23:13.912425+00:00
IFFHLIP19036V011920,Non-Archived,2019-2020,IFFCO TOKIO General Insurance Co. Ltd.,Iffco Tokio Critical Illness Benefit Policy,07-10-2019,New,https://irdai.gov.in/documents/37343/931203/IFFHLIP19036V011920_2019-2020.pdf/c3f586a5-e9d0-3ee2-5d03-8bc096de7755?version=1.1&t=1668513765730&download=true,IFFHLIP19036V011920_2019-2020.pdf,2026-08-20T14:23:13.912425+00:00
IFFHLIP20071V011920,Non-Archived,2019-2020,IFFCO TOKIO General Insurance Co. Ltd.,Iffco Tokio Mos-Bite Protector Policy,21-10-2019,New,https://irdai.gov.in/documents/37343/931203/IFFHLIP20071V011920_2019-2020.pdf/abb2052d-22b2-2900-2871-7e448c0fa55f?version=1.1&t=1668513854840&download=true,IFFHLIP20071V011920_2019-2020.pdf,2026-08-20T14:23:13.912425+00:00
IFFHLIP21329V032021,Non-Archived,2020-2021,IFFCO TOKIO General Insurance Co. Ltd.,Individual Medishield Insurance Policy,21-09-2020,Revision,https://irdai.gov.in/documents/37343/931203/IFFHLIP21329V032021_2020-2021.pdf/20115ddf-de42-1eb0-a132-f81ab144f98f?version=1.1&t=1668590239408&download=true,IFFHLIP21329V032021_2020-2021.pdf,2026-08-20T14:23:13.912425+00:00
IFFHLIP21325V032021,Non-Archived,2020-2021,IFFCO TOKIO General Insurance Co. Ltd.,Swasthya Kavach ( Family Health) Policy,21-09-2020,Revision,https://irdai.gov.in/documents/37343/931203/IFFHLIP21325V032021_2020-2021.pdf/56de59be-9ec7-e01e-c93a-5d2a900fdd69?version=1.1&t=1668589896583&download=true,IFFHLIP21325V032021_2020-2021.pdf,2026-08-20T14:23:13.912425+00:00
IFFHLIP21326V022021,Non-Archived,2020-2021,IFFCO TOKIO General Insurance Co. Ltd.,Swasthya Raksha Bima,21-09-2020,Revision,https://irdai.gov.in/documents/37343/931203/IFFHLIP21326V022021_2020-2021.pdf/558f8a2d-cd9f-16c3-b37f-c978fdc2445e?version=1.1&t=1668589978855&download=true,IFFHLIP21326V022021_2020-2021.pdf,2026-08-20T14:23:13.912425+00:00
IFFHLIP20068V011920,Non-Archived,2019-2020,IFFCO TOKIO General Insurance Co. Ltd.,Swasthya Raksha Bima,10-07-2019,New,https://irdai.gov.in/documents/37343/931203/IFFHLIP20068V011920_2019-2020.pdf/69854036-b0b5-20a4-0c21-b32208ecf21f?version=1.1&t=1668513813490&download=true,IFFHLIP20068V011920_2019-2020.pdf,2026-08-20T14:23:13.912425+00:00
IFFHLIP22198V042122,Non-Archived,2021-2022,IFFCO Tokio GI Co. Ltd,Family Health Protector,27-01-2022,Revision,https://irdai.gov.in/documents/37343/931203/IFFHLIP22198V042122.pdf/b3a574a3-2cea-356f-92e8-4b5a92bef781?version=1.1&t=1668851585747&download=true,IFFHLIP22198V042122.pdf,2026-08-20T14:23:13.912425+00:00
IFFTIOP22219V012022,Non-Archived,2021-2022,IFFCO Tokio GI Co. Ltd,Overseas Policy for Pravasi Bharatiya,03-03-2022,Individual,https://irdai.gov.in/documents/37343/931203/IFFTIOP22219V012122.pdf/1d94767b-f232-0b82-d14c-94f0c9faf22e?version=1.1&t=1668851645280&download=true,IFFTIOP22219V012122.pdf,2026-08-20T14:23:13.912425+00:00
IFFHLIP22197V042122,Non-Archived,2021-2022,IFFCO Tokio GI Co. Ltd.,Health Protector,27-01-2022,Revision,https://irdai.gov.in/documents/37343/931203/IFFHLIP22197V042122.pdf/264936df-3889-89aa-fbfe-1042bae073e0?version=1.1&t=1668851527292&download=true,IFFHLIP22197V042122.pdf,2026-08-20T14:23:13.912425+00:00
IFFPAGP21634V012021,Non-Archived,2020-2021,IFFCO Tokio General Insurance Co. Ltd.,"Group - Saral Suraksha Bima, IFFCO-Tokio General Insurance Company Limited",31-03-2021,Group,https://irdai.gov.in/documents/37343/931203/IFFPAGP21634V012021_2020-2021.pdf/57cda256-6fee-b453-08be-391bc31992c9?version=1.1&t=1668589435786&download=true,IFFPAGP21634V012021_2020-2021.pdf,2026-08-20T14:23:13.912425+00:00
IFFHLG21045V012021,Non-Archived,2020-2021,IFFCO Tokio General Insurance Co. Ltd.,IFFCO-Tokio Group Hospital Daily Cash Policy,29-05-2020,Group,https://irdai.gov.in/documents/37343/931203/IFFHLG21045V012021_2020-2021.pdf/a1bb3876-2360-c2ec-52a3-70cfcb9759b6?version=1.1&t=1668589321770&download=true,IFFHLG21045V012021_2020-2021.pdf,2026-08-20T14:23:13.912425+00:00
IFFHLIP21583V012021,Non-Archived,2020-2021,IFFCO Tokio General Insurance Co. Ltd.,IFFCO-Tokio Hospital Daily Cash Policy,31-03-2021,New,https://irdai.gov.in/documents/37343/931203/IFFHLIP21583V012021_2020-2021.pdf/79ac0de1-b6f5-a161-cd78-67c7b2b0dcf8?version=1.1&t=1668589379480&download=true,IFFHLIP21583V012021_2020-2021.pdf,2026-08-20T14:23:13.912425+00:00
IFFPAIP21633V012021,Non-Archived,2020-2021,IFFCO Tokio General Insurance Co. Ltd.,"Saral Suraksha Bima, IFFCO-Tokio General Insurance Company Limited",19-05-2020,New,https://irdai.gov.in/documents/37343/931203/IFFPAIP21633V012021_2020-2021.pdf/37aa60ac-3898-ac64-4973-73fe1d987d85?version=1.1&t=1668589565461&download=true,IFFPAIP21633V012021_2020-2021.pdf,2026-08-20T14:23:13.912425+00:00
IRDA/NL-HLT/ITGI/P-H/V.I/50/14-15,Non-Archived,2014-2015,IFFCO-TOKIO General Insurance Co. Ltd.,Group Medishield Insurance Policy,27-11-2014,,https://irdai.gov.in/documents/37343/931203/Group+Medishield+Insurance+Policy_2014-2015.pdf/7f550904-4e2e-b797-0f7b-8979a956b316?version=1.1&t=1668242967217&download=true,Group Medishield Insurance Policy_2014-2015.pdf,2026-08-20T14:23:13.912425+00:00
IRDA/NL-HLT/ITGI/P-H/V.I/476/13-14,Non-Archived,2014-2015,IFFCO-TOKIO General Insurance Co. Ltd.,Health Protector Plus,05-07-2014,,https://irdai.gov.in/documents/37343/931203/Health+Protector+Plus_2014-2015.pdf/8f619d45-e15f-44ab-9271-d4dda3c5b74b?version=1.1&t=1668243067054&download=true,Health Protector Plus_2014-2015.pdf,2026-08-20T14:23:13.912425+00:00
IRDA/NL-HLT/ITGI/P-H/V.I/51/14-15,Non-Archived,2014-2015,IFFCO-TOKIO General Insurance Co. Ltd.,Individual Medishield Insurance Policy,27-11-2014,,https://irdai.gov.in/documents/37343/931203/Individual+Medishield+Insurance+Policy_2014-2015.pdf/4643c5d6-9e3e-0a74-9a74-01c16531e2f5?version=1.1&t=1668242877594&download=true,Individual Medishield Insurance Policy_2014-2015.pdf,2026-08-20T14:23:13.912425+00:00
IRDA/NL-HLT/ITGI/P-H/V.I/52/14-15,Non-Archived,2014-2015,IFFCO-TOKIO General Insurance Co. Ltd.,Swasthya Kawach (Family Health) Policy,27-11-2014,,https://irdai.gov.in/documents/37343/931203/Swasthya+Kavach+%28Family+Health+%29Policy-Policy+Wordings_2014-2015.pdf/71014c5f-7c9b-163b-90dc-5d5d46702998?version=1.1&t=1668242749459&download=true,Swasthya Kavach (Family Health )Policy-Policy Wordings_2014-2015.pdf,2026-08-20T14:23:13.912425+00:00
IRDA/NL-HLT/ITGI/P-P/V.I/361/13-14,Non-Archived,2013-2014,IFFCO-TOKIO General Insurance Company Limited,Comprehensive Accident Hospitalization Policy,18-11-2013,,https://irdai.gov.in/documents/37343/931203/Comprehensive+Accident+Hospitalization+Policy+-+Copy_2013-2014.pdf/17acf347-3c87-a33a-1769-43cb8573005c?version=1.1&t=1668235005571&download=true,Comprehensive Accident Hospitalization Policy - Copy_2013-2014.pdf,2026-08-20T14:23:13.912425+00:00
IRDA/NL-HLT/ITGI/P-H(C)/V.I/302/13-14,Non-Archived,2013-2014,IFFCO-TOKIO General Insurance Company Limited,Critical Illness Insurance,30-09-2013,,https://irdai.gov.in/documents/37343/931203/Critical+Illness+Insurance_2013-09-30.pdf/c29111c5-5c7e-f812-d120-4275da3a5e2e?version=1.1&t=1668234435926&download=true,Critical Illness Insurance_2013-09-30.pdf,2026-08-20T14:23:13.912425+00:00
IRDA/NL-HLT/ITGI/P-H/V.I/464/13-14,Non-Archived,2013-2014,IFFCO-TOKIO General Insurance Company Limited,FAMILY HEALTH PROTECTOR,28-03-2014,,https://irdai.gov.in/documents/37343/931203/Family+Health+Protector_2013-2014.pdf/1a4f8efc-1e49-cd79-5806-0bb4d91dfca3?version=1.1&t=1668234945622&download=true,Family Health Protector_2013-2014.pdf,2026-08-20T14:23:13.912425+00:00
IRDA/NL-HLT/ITGI/P-P/V.I/368/13-14,Non-Archived,2013-2014,IFFCO-TOKIO General Insurance Company Limited,Group Personal Accident Policy,18-11-2013,,https://irdai.gov.in/documents/37343/931203/Group+Personal+Accident+Policy_2013-2014.pdf/40a85933-a9eb-0305-229c-08bd93e14729?version=1.1&t=1668234669023&download=true,Group Personal Accident Policy_2013-2014.pdf,2026-08-20T14:23:13.912425+00:00
IRDA/NL-HLT/ITGI/P-H/V.I/204/13-14,Non-Archived,2013-2014,IFFCO-TOKIO General Insurance Company Limited,Health Protector,21-03-2014,,https://irdai.gov.in/documents/37343/931203/Health+Protector_2013-2014.pdf/c52a461b-8f01-44af-3ef5-8b00b8b6e842?version=1.1&t=1668234361176&download=true,Health Protector_2013-2014.pdf,2026-08-20T14:23:13.912425+00:00
IRDA/NL-HLT/ITGI/P-P/V.I/374/13-14,Non-Archived,2013-2014,IFFCO-TOKIO General Insurance Company Limited,Individual Personal Accident Policy,18-11-2013,,https://irdai.gov.in/documents/37343/931203/Individual+Personal+Accident+Policy_2013-2014.pdf/a06c9c91-5c93-a546-0f60-195706de2f87?version=1.1&t=1668234909070&download=true,Individual Personal Accident Policy_2013-2014.pdf,2026-08-20T14:23:13.912425+00:00
IRDA/NL-HLT/ITGI/P-H/V.I/362/13-14,Non-Archived,2013-2014,IFFCO-TOKIO General Insurance Company Limited,Jan Kalyan Bima Policy,18-11-2013,,https://irdai.gov.in/documents/37343/931203/Jan+Kalyan+Bima+Policy_2013-2014.pdf/68d06521-3935-98ba-304d-b05303d11684?version=1.1&t=1668234599584&download=true,Jan Kalyan Bima Policy_2013-2014.pdf,2026-08-20T14:23:13.912425+00:00
IRDA/NL-HLT/ITGI/P-H/V.I/359/13-14,Non-Archived,2013-2014,IFFCO-TOKIO General Insurance Company Limited,Jan Suraksha Bima Policy (Micro Insurance),18-11-2013,,https://irdai.gov.in/documents/37343/931203/Jan+Suraksha+Bima+Policy+%28Micro+Insurance%29_2013-2014.pdf/52786780-b8c9-b6c6-66f8-96d552aa84b5?version=1.1&t=1668234516827&download=true,Jan Suraksha Bima Policy (Micro Insurance)_2013-2014.pdf,2026-08-20T14:23:13.912425+00:00
IRDA/NL-HLT/ITGI/P-H/V.I/369/13-14,Non-Archived,2013-2014,IFFCO-TOKIO General Insurance Company Limited,Jan Suvidha Bima Policy (Micro Insurance),18-11-2013,,https://irdai.gov.in/documents/37343/931203/Jan+Suvidha+Bima+Policy+%28Micro+Insurance%29_2013-2014.pdf/4751999c-ed02-f22c-764b-a97bb2955141?version=1.1&t=1668234721660&download=true,Jan Suvidha Bima Policy (Micro Insurance)_2013-2014.pdf,2026-08-20T14:23:13.912425+00:00
IRDA/NL-HLT/ITGI/P-H/V.I/304/13-14,Non-Archived,2013-2014,IFFCO-TOKIO General Insurance Company Limited,Jan Swasthya Beema Yojana,30-09-2013,,https://irdai.gov.in/documents/37343/931203/Jan+swasthaya+Beema+Yojana_2013-2014.pdf/766f8b33-24a1-9a3b-4238-e3ba5187c760?version=1.1&t=1668234478187&download=true,Jan swasthaya Beema Yojana_2013-2014.pdf,2026-08-20T14:23:13.912425+00:00
IRDA/NL-HLT/ITGI/P-H/V.I/370/13-14,Non-Archived,2013-2014,IFFCO-TOKIO General Insurance Company Limited,Janata Bima Policy (Micro Insurance),18-11-2013,,https://irdai.gov.in/documents/37343/931203/Janata+Bima+Policy+%28Micro+Insurance%29_2013-2014.pdf/f56f1723-4b4b-f58e-b96e-3e0f68d54020?version=1.1&t=1668234762732&download=true,Janata Bima Policy (Micro Insurance)_2013-2014.pdf,2026-08-20T14:23:13.912425+00:00
IRDA/NL-HLT/ITGI/P-P/V.I/371/13-14,Non-Archived,2013-2014,IFFCO-TOKIO General Insurance Company Limited,Janata Personal Accident Policy,18-11-2013,,https://irdai.gov.in/documents/37343/931203/Janata+Personal+Accident+Policy_2013-2014.pdf/38a651ea-cc60-2222-6ff3-0ed8b7b96eb3?version=1.1&t=1668234803799&download=true,Janata Personal Accident Policy_2013-2014.pdf,2026-08-20T14:23:13.912425+00:00
IRDA/NL-HLT/ITGI/P-H/V.I/365/13-14,Non-Archived,2013-2014,IFFCO-TOKIO General Insurance Company Limited,Mahila Suraksha Bima Policy (Micro Insurance),18-11-2013,,https://irdai.gov.in/documents/37343/931203/Mahila+Suraksha+Bima+Policy+%28Micro+Insurance%29_2013-2014.pdf/26f0c004-37a3-8633-fe86-31f11ea26dde?version=1.1&t=1668234634263&download=true,Mahila Suraksha Bima Policy (Micro Insurance)_2013-2014.pdf,2026-08-20T14:23:13.912425+00:00
IRDA/NL-HLT/ITGI/P-H/V.I/360/13-14,Non-Archived,2013-2014,IFFCO-TOKIO General Insurance Company Limited,Pravasi Bhartiya Bima Yojana,18-11-2013,,https://irdai.gov.in/documents/37343/931203/Pravasi+Bhartiya+Bima+Yojana_2013-11-18.pdf/b26b4bf1-b224-50f1-5a1a-42c925918a9a?version=1.1&t=1668234558935&download=true,Pravasi Bhartiya Bima Yojana_2013-11-18.pdf,2026-08-20T14:23:13.912425+00:00
IRDA/NL-HLT/ITGI/P-H/V.I/303/13-14,Non-Archived,2013-2014,IFFCO-TOKIO General Insurance Company Limited,Surgery Protector Insurance Policy,18-11-2013,,https://irdai.gov.in/documents/37343/931203/Surgery+Protector+Insurance+Policy_2013-2014.pdf/becbc4d4-ccd1-7607-76d7-c574f8889568?version=1.1&t=1668234401423&download=true,Surgery Protector Insurance Policy_2013-2014.pdf,2026-08-20T14:23:13.912425+00:00
IRDAI/HLT/ITGI/P-P/V.I/07/2016-17,Non-Archived,2016-2017,IFFCO-Tokio General Insurance Company Limited,KISAN SURAKSHA BIMA YOJNA,20-06-2016,Retail,https://irdai.gov.in/documents/37343/931203/IFFCOTokio_KisanSurakshaBimaYojna_2016-2017.pdf/cd6232fb-1d9d-8ef9-7edb-1b0d4ef8996e?version=1.1&t=1668919443050&download=true,IFFCOTokio_KisanSurakshaBimaYojna_2016-2017.pdf,2026-08-20T14:23:13.912425+00:00
IFFHLIP20161V011920,Non-Archived,2019-2020,IFFCOTokio General Insurance Co. Ltd,"Arogya Sanjeevani Policy, IFFCO Tokio General Insurance Co. Ltd",27-03-2020,New,https://irdai.gov.in/documents/37343/931203/IFFHLIP20161V011920_2019-2020.pdf/49574392-876a-2071-91e5-a873534a89f8?version=1.1&t=1668513894506&download=true,IFFHLIP20161V011920_2019-2020.pdf,2026-08-20T14:23:13.912425+00:00
IFFHLIP21081V012021,Non-Archived,2020-2021,IFFCOTokio General Insurance Co. Ltd,"Corona Kavach Policy, IFFCO Tokio General Insurance Co. Ltd",07-09-2020,New,https://irdai.gov.in/documents/37343/931203/IFFHLIP21081V012021_2020-2021.pdf/5eb8591d-27af-8ce5-e04d-d9004a70951b?version=1.1&t=1668154300330&download=true,IFFHLIP21081V012021_2020-2021.pdf,2026-08-20T14:23:13.912425+00:00
lFFHLGP20034V011920,Non-Archived,2019-2020,Iffco Tokio,Iffco Tokio Loan protector policy(Group),07-08-2019,Group,https://irdai.gov.in/documents/37343/931203/lFFHLGP20034V011920_2019-2020.pdf/47503ecc-3b61-7dd0-ac13-9dc938c0b8c9?version=1.1&t=1668513723325&download=true,lFFHLGP20034V011920_2019-2020.pdf,2026-08-20T14:23:13.912425+00:00
IFFHLIP19092V021819,Non-Archived,2018-2019,Iffco Tokio General Insraunce Co ltd,Family Health Protector,30-11-2018,Revision,https://irdai.gov.in/documents/37343/931203/IFFHLIP19092V021819_2018-2019.pdf/265b30d7-dea3-0a65-01e7-304eed7c3c88?version=1.1&t=1668506297683&download=true,IFFHLIP19092V021819_2018-2019.pdf,2026-08-20T14:23:13.912425+00:00
IFFHLIP19089V021819,Non-Archived,2018-2019,Iffco Tokio General Insraunce Co ltd,Health Protector,28-11-2018,Revision,https://irdai.gov.in/documents/37343/931203/IFFHLIP19089V021819_2018-2019.pdf/3c6a107d-729c-0397-c782-01ae2da6ef2e?version=1.1&t=1668506450019&download=true,IFFHLIP19089V021819_2018-2019.pdf,2026-08-20T14:23:13.912425+00:00
IFFHLGP19096V011819,Non-Archived,2018-2019,Iffco Tokio General Insraunce Co ltd,Iffco Tokiyo Group Critical Illness Policy,04-12-2018,Group,https://irdai.gov.in/documents/37343/931203/IFFHLGP19096V011819_2018-2019.pdf/81cf230a-e010-a987-11ad-fe5de4e445d7?version=1.1&t=1668506537779&download=true,IFFHLGP19096V011819_2018-2019.pdf,2026-08-20T14:23:13.912425+00:00
IFFHLIP19090V021819,Non-Archived,2018-2019,Iffco Tokio General Insraunce Co ltd,Individual Medishield Insurance Policy,28-11-2018,Revision,https://irdai.gov.in/documents/37343/931203/IFFHLIP19090V021819_2018-2019.pdf/20ea53d8-9538-71d9-8bdc-4990a34d8b0a?version=1.1&t=1668507216082&download=true,IFFHLIP19090V021819_2018-2019.pdf,2026-08-20T14:23:13.912425+00:00
IFFHLIP19091V021819,Non-Archived,2018-2019,Iffco Tokio General Insraunce Co ltd,Swasthya Kavach - Family Health policy,30-11-2018,Revision,https://irdai.gov.in/documents/37343/931203/IFFHLIP19091V021819_2018-2019.pdf/19d78bd3-91be-d091-6b38-49178d369f22?version=1.1&t=1668507257731&download=true,IFFHLIP19091V021819_2018-2019.pdf,2026-08-20T14:23:13.912425+00:00
IFFPCSP18099V011718,Non-Archived,2017-2018,Iffco Tokio General Insurance Co ltd,CSC Janata Personal Accident,11-12-2017,,https://irdai.gov.in/documents/37343/931203/ITGI_CSC_JanataPersonalAccident_2017-2018.pdf/9a057370-0767-9f3b-1e91-492d9d015ac4?version=1.1&t=1668425173856&download=true,ITGI_CSC_JanataPersonalAccident_2017-2018.pdf,2026-08-20T14:23:13.912425+00:00
IRDA/NL-HLT/ITGI/P-P/V.I/13/14-15,Non-Archived,2015-2016,Iffco Tokio General Insurance Company Ltd.,Individual Personal Accident Grand,24-06-2015,,https://irdai.gov.in/documents/37343/931203/IFFCO_Individual+Personal+Accident+Grand_2015-2016.pdf/b33bebff-52e5-4e79-f3a3-c623ce1e623f?version=1.1&t=1668408803516&download=true,IFFCO_Individual Personal Accident Grand_2015-2016.pdf,2026-08-20T14:23:13.912425+00:00
IFFHLIA22178V012122,Non-Archived,2021-2022,Iffco Tokio General Insurance Company Ltd.,Wellness Addon,03-11-2021,Health,https://irdai.gov.in/documents/37343/931203/Wellness+Addon.pdf/a0824499-2feb-7a9b-027b-6ac68642e1f6?version=1.1&t=1668754127625&download=true,Wellness Addon.pdf,2026-08-20T14:23:13.912425+00:00
IFFHLGA22170V012122,Non-Archived,2021-2022,Iffco Tokio General Insurance Company Ltd.,Welness Benefit Addon(Group),11-11-2021,Health,https://irdai.gov.in/documents/37343/931203/Welness+Benefit+Addon%28Group%29.pdf/2e3996bf-3b22-f641-0592-c061bbeb3152?version=1.1&t=1668753984805&download=true,Welness Benefit Addon(Group).pdf,2026-08-20T14:23:13.912425+00:00
IFFHCSP18108V011718,Non-Archived,2017-2018,Iffco Tokiyo General Insurance co ltd,CSC-FAMILY HEALTH PROTECTOR,24-01-2018,,https://irdai.gov.in/documents/37343/931203/ITGI_CSCFAMILYHEALTHPROTECTOR_2017-2018.pdf/d2035653-0c89-0fa2-ada0-af83899c9b37?version=1.1&t=1668425221396&download=true,ITGI_CSCFAMILYHEALTHPROTECTOR_2017-2018.pdf,2026-08-20T14:23:13.912425+00:00
IFFHCSP18107V011718,Non-Archived,2017-2018,Iffco Tokiyo General Insurance co ltd,CSC-HEALTH PROTECTOR,24-01-2018,,https://irdai.gov.in/documents/37343/931203/ITGI_CSCHEALTHPROTECTOR_2017-2018.pdf/ff6e372d-43e9-4591-555b-9462fff7c229?version=1.1&t=1668425261245&download=true,ITGI_CSCHEALTHPROTECTOR_2017-2018.pdf,2026-08-20T14:23:13.912425+00:00
KOTHLIP20159V011920,Non-Archived,2019-2020,Kotak General Insurance Co Ltd,"Arogya Sanjeevani Policy,Kotak General Insurance Co Ltd",27-03-2020,New,https://irdai.gov.in/documents/37343/931203/KOTHLIP20159V011920_2019-2020.pdf/6458122a-afe3-1fdc-894d-ea8edfa091ee?version=1.1&t=1668513936258&download=true,KOTHLIP20159V011920_2019-2020.pdf,2026-08-20T14:23:13.912425+00:00
KOTHLIP21097V012021,Non-Archived,2020-2021,Kotak General Insurance Co Ltd,"Corona Kavach Policy,Kotak General Insurance Co Ltd",07-09-2020,New,https://irdai.gov.in/documents/37343/931203/KOTHLIP21097V012021_2020-2021.pdf/ed7040c8-c07a-dce8-5d2a-0cb73e8746fe?version=1.1&t=1668154240654&download=true,KOTHLIP21097V012021_2020-2021.pdf,2026-08-20T14:23:13.912425+00:00
KOTHLIP20119V031920,Non-Archived,2019-2020,Kotak Genral Insurance Co Ltd,Kotak Secure Shield,02-04-2020,Revision,https://irdai.gov.in/documents/37343/931203/KOTHLIP20119V031920_2019-2020.pdf/79f31818-6151-32fe-0e27-629ae4a76b5e?version=1.1&t=1668513983573&download=true,KOTHLIP20119V031920_2019-2020.pdf,2026-08-20T14:23:13.912425+00:00
IRDAI/HLT/KMGI/P-H(G)/V.I/61/2016-17,Non-Archived,2016-2017,Kotak Mahindra General Ins Co Ltd,Kotak Group Accident Protect,15-02-2017,Group,https://irdai.gov.in/documents/37343/931203/KMGIC-GrAccidentProtect_2016-2017.pdf/782a7c51-5336-f7d3-9669-71e0f63ebc1b?version=1.1&t=1668418415625&download=true,KMGIC-GrAccidentProtect_2016-2017.pdf,2026-08-20T14:23:13.912425+00:00
IRDAI/HLT/KMGI/P-H(G)/V.I/58/2016-17,Non-Archived,2016-2017,Kotak Mahindra General Ins Co Ltd,Kotak Group Health Care,02-02-2017,Group,https://irdai.gov.in/documents/37343/931203/KMGIC-GrHealthCare_2016-2017.pdf/3b325982-8501-31b9-6c8f-92cbe7b88342?version=1.1&t=1668418308341&download=true,KMGIC-GrHealthCare_2016-2017.pdf,2026-08-20T14:23:13.912425+00:00
IRDAI/HLT/KMGI/P-H(G)/V.I/60/2016-17,Non-Archived,2016-2017,Kotak Mahindra General Ins Co Ltd,Kotak Group Secure Shield,14-02-2017,Group,https://irdai.gov.in/documents/37343/931203/KMGIC-GrSecureShield_2016-2017.pdf/ea8c1aa9-410c-2ca0-2425-dd62514fe658?version=1.1&t=1668418352015&download=true,KMGIC-GrSecureShield_2016-2017.pdf,2026-08-20T14:23:13.912425+00:00
KOTHLGP21032V012021,Non-Archived,2020-2021,Kotak Mahindra General Insurance Co Ltd.,KotakCOVID-19 Secure,31-03-2021,Group,https://irdai.gov.in/documents/37343/931203/KOTHLGP21032V012021_2020-2021.pdf/46b6dd95-bcd6-9978-845c-da33a9872dbf?version=1.1&t=1668590529927&download=true,KOTHLGP21032V012021_2020-2021.pdf,2026-08-20T14:23:13.912425+00:00
KOTPAIP21629V012021,Non-Archived,2020-2021,Kotak Mahindra General Insurance Co Ltd.,"Saral Suraksha Bima, Kotak Mahindra General Insurance Company Ltd.",31-03-2021,New,https://irdai.gov.in/documents/37343/931203/KOTPAIP21629V012021_2020-2021.pdf/9f17b89e-4e19-2914-12dc-15714aaa6b50?version=1.1&t=1668590790516&download=true,KOTPAIP21629V012021_2020-2021.pdf,2026-08-20T14:23:13.912425+00:00
KOTHLGP18025V011718,Non-Archived,2017-2018,Kotak Mahindra General Insurance Co ltd,Kotak Group Hospital Cash,18-08-2017,,https://irdai.gov.in/documents/37343/931203/KTK_KotakGroupHospitalCash_2017-2018.pdf/309f3a7e-5456-51c0-ec00-647d62bba6d0?version=1.1&t=1668425535925&download=true,KTK_KotakGroupHospitalCash_2017-2018.pdf,2026-08-20T14:23:13.912425+00:00
KOTHLGP18089V011718,Non-Archived,2017-2018,Kotak Mahindra General Insurance Co ltd,Kotak Health Premier,30-11-2017,,https://irdai.gov.in/documents/37343/931203/KTK_KotakHealthPremier_2017-2018.pdf/9da7ba68-4fe3-171e-68cc-fafe3fb14d36?version=1.1&t=1668425580721&download=true,KTK_KotakHealthPremier_2017-2018.pdf,2026-08-20T14:23:13.912425+00:00
KOTHLGP18011V011718,Non-Archived,2017-2018,Kotak Mahindra General Insurance Co ltd,Kotak Health Super Top Up,06-07-2017,,https://irdai.gov.in/documents/37343/931203/KTK_KotakHealthSuperTopUp_2017-2018.pdf/da7e3e68-30b6-26eb-7d2c-6b9019ec691b?version=1.1&t=1668425623711&download=true,KTK_KotakHealthSuperTopUp_2017-2018.pdf,2026-08-20T14:23:13.912425+00:00
KOTHLGP21144V012021,Non-Archived,2020-2021,Kotak Mahindra General Insurance Co. Ltd.,"Corona Kavach Group Policy,Kotak Mahindra General Insurance Company Ltd",08-12-2020,Group,https://irdai.gov.in/documents/37343/931203/KOTHLGP21144V012021_2020-2021.pdf/db41dfee-4c83-517a-3e76-dc7d87ecc011?version=1.1&t=1668590848722&download=true,KOTHLGP21144V012021_2020-2021.pdf,2026-08-20T14:23:13.912425+00:00
KOTHLIP21098V012021,Non-Archived,2020-2021,Kotak Mahindra General Insurance Co. Ltd.,"Corona Rakshak Policy,Kotak Mahindra General Insurance Company Ltd",07-10-2020,Individual,https://irdai.gov.in/documents/37343/931203/KOTHLIP21098V012021_2020-2021.pdf/fb05dcdf-cb94-0b00-8502-5efa2c2ab8ee?version=1.1&t=1668591327131&download=true,KOTHLIP21098V012021_2020-2021.pdf,2026-08-20T14:23:13.912425+00:00
KOTPAIP22072V042122,Non-Archived,2021-2022,Kotak Mahindra General Insurance Co. Ltd.,Kotak Accident Care,28-06-2021,Revision,https://irdai.gov.in/documents/37343/931203/KOTPAIP22072V042122_HEALTH2027.pdf/eb0f361a-0479-6b9f-66e4-4503f521f499?version=1.1&t=1668849516445&download=true,KOTPAIP22072V042122_HEALTH2027.pdf,2026-08-20T14:23:13.912425+00:00
KOTPAIP21351V032021,Non-Archived,2020-2021,Kotak Mahindra General Insurance Co. Ltd.,Kotak Accident Care,21-09-2020,Revision,https://irdai.gov.in/documents/37343/931203/KOTPAIP21351V032021_2020-2021.pdf/a2a9c5f6-c6ad-9ef6-0bec-a9e8f41da025?version=1.1&t=1668592279869&download=true,KOTPAIP21351V032021_2020-2021.pdf,2026-08-20T14:23:13.912425+00:00
KOTHLGP21221V022021,Non-Archived,2020-2021,Kotak Mahindra General Insurance Co. Ltd.,Kotak Group Health Care,09-03-2020,Revision,https://irdai.gov.in/documents/37343/931203/KOTHLGP21221V022021_2020-2021.pdf/44f0ca97-d4de-f332-db04-7d175a4e4c79?version=1.1&t=1668590985908&download=true,KOTHLGP21221V022021_2020-2021.pdf,2026-08-20T14:23:13.912425+00:00
KOTHMGP21347V022021,Non-Archived,2020-2021,Kotak Mahindra General Insurance Co. Ltd.,Kotak Group Health Care – Micro Insurance,21-09-2020,Revision,https://irdai.gov.in/documents/37343/931203/KOTHMGP21347V022021_2020-2021.pdf/d1f854c2-0fc1-1933-d976-ce74cafb909c?version=1.1&t=1668591797261&download=true,KOTHMGP21347V022021_2020-2021.pdf,2026-08-20T14:23:13.912425+00:00
KOTHLGP21352V032021,Non-Archived,2020-2021,Kotak Mahindra General Insurance Co. Ltd.,Kotak Group Secure Shield,21-09-2020,Revision,https://irdai.gov.in/documents/37343/931203/KOTHLGP21352V032021_2020-2021.pdf/035e3a89-d1e1-f0f1-3c16-ec0de1edebda?version=1.1&t=1668591064941&download=true,KOTHLGP21352V032021_2020-2021.pdf,2026-08-20T14:23:13.912425+00:00
KOTHMGP21349V022021,Non-Archived,2020-2021,Kotak Mahindra General Insurance Co. Ltd.,Kotak Group Secure Shield – Micro Insurance,21-09-2020,Revision,https://irdai.gov.in/documents/37343/931203/KOTHMGP21349V022021_2020-2021.pdf/f8f17eed-307a-8912-53e2-6a08dbaaf656?version=1.1&t=1668592225066&download=true,KOTHMGP21349V022021_2020-2021.pdf,2026-08-20T14:23:13.912425+00:00
KOTHLGP21220V022021,Non-Archived,2020-2021,Kotak Mahindra General Insurance Co. Ltd.,Kotak Group Smart Cash,09-03-2020,Revision,https://irdai.gov.in/documents/37343/931203/KOTHLGP21220V022021_2020-2021.pdf/e4658f35-53b9-709a-5464-fe7bb5839c6d?version=1.1&t=1668590925573&download=true,KOTHLGP21220V022021_2020-2021.pdf,2026-08-20T14:23:13.912425+00:00
KOTHMGP21348V022021,Non-Archived,2020-2021,Kotak Mahindra General Insurance Co. Ltd.,Kotak Group Smart Cash – Micro Insurance,21-09-2020,Revision,https://irdai.gov.in/documents/37343/931203/KOTHMGP21348V022021_2020-2021.pdf/79972c25-0eed-476b-7cad-7e7a9599ee45?version=1.1&t=1668591872780&download=true,KOTHMGP21348V022021_2020-2021.pdf,2026-08-20T14:23:13.912425+00:00
KOTHLIP21071V032021,Non-Archived,2020-2021,Kotak Mahindra General Insurance Co. Ltd.,Kotak Health Care,07-08-2020,Revision,https://irdai.gov.in/documents/37343/931203/KOTHLIP21071V032021_2020-2021.pdf/6207fa53-7d9c-1f63-51a2-34406f4e319e?version=1.1&t=1668591187516&download=true,KOTHLIP21071V032021_2020-2021.pdf,2026-08-20T14:23:13.912425+00:00
KOTHLIP21162V032021,Non-Archived,2020-2021,Kotak Mahindra General Insurance Co. Ltd.,Kotak Health Super Top Up,21-08-2020,Revision,https://irdai.gov.in/documents/37343/931203/KOTHLIP21162V032021_2020-2021.pdf/e3d75b94-f3cd-7bf4-77fa-de965864b8f1?version=1.1&t=1668591398743&download=true,KOTHLIP21162V032021_2020-2021.pdf,2026-08-20T14:23:13.912425+00:00
KOTHLIP21065V032021,Non-Archived,2020-2021,Kotak Mahindra General Insurance Co. Ltd.,Kotak Health premier,07-03-2020,Revision,https://irdai.gov.in/documents/37343/931203/KOTHLIP21065V032021_2020-2021.pdf/298faf21-2a4c-8730-d18d-df7c8e87661b?version=1.1&t=1668591127093&download=true,KOTHLIP21065V032021_2020-2021.pdf,2026-08-20T14:23:13.912425+00:00
KOTHLIP22057V052122,Non-Archived,2021-2022,Kotak Mahindra General Insurance Co. Ltd.,Kotak Secure Shield,18-06-2021,Revision,https://irdai.gov.in/documents/37343/931203/KOTHLIP22057V052122_HEALTH2026.pdf/2e89b1f8-82bf-d68b-3138-21247331dd26?version=1.1&t=1668849467791&download=true,KOTHLIP22057V052122_HEALTH2026.pdf,2026-08-20T14:23:13.912425+00:00
KOTHLIP21350V042021,Non-Archived,2020-2021,Kotak Mahindra General Insurance Co. Ltd.,Kotak Secure Shield,21-09-2020,Revision,https://irdai.gov.in/documents/37343/931203/KOTHLIP21350V042021_2020-2021.pdf/e7402ea1-4885-8578-dd05-63bb81388412?version=1.1&t=1668591458614&download=true,KOTHLIP21350V042021_2020-2021.pdf,2026-08-20T14:23:13.912425+00:00
IRDAI/HLT/KMGI/P-H/V.I/28/2015-16,Non-Archived,2015-2016,Kotak Mahindra General Insurance Company Ltd,Kotak Health Care,16-02-2016,,https://irdai.gov.in/documents/37343/931203/KMGIC+-+Health+Care_2015-2016.pdf/eff58f68-ccde-7764-1d3a-305beb113442?version=1.1&t=1668408839058&download=true,KMGIC - Health Care_2015-2016.pdf,2026-08-20T14:23:13.912425+00:00
KOTPAGP22075V022122,Non-Archived,2021-2022,Kotak Mahindra General Insurance Company Ltd.,Kotak Group Accident Protect,02-07-2021,Group,https://irdai.gov.in/documents/37343/931203/KOTPAGP22075V022122_HEALTH2126.pdf/786d6950-d430-c3fe-bf1e-72cda345e8fb?version=1.1&t=1668765994262&download=true,KOTPAGP22075V022122_HEALTH2126.pdf,2026-08-20T14:23:13.912425+00:00
KOTPMGP22116V022122,Non-Archived,2021-2022,Kotak Mahindra General Insurance Company Ltd.,Kotak Group Accident Protect - Micro Insurance,15-07-2021,Revision,https://irdai.gov.in/documents/37343/931203/KOTPMGP22116V022122_HEALTH2127.pdf/19ab4676-8dd8-aed5-8ca5-e6bbc124831c?version=1.1&t=1668766063237&download=true,KOTPMGP22116V022122_HEALTH2127.pdf,2026-08-20T14:23:13.912425+00:00
KOTHLGP22099V042122,Non-Archived,2021-2022,Kotak Mahindra General Insurance Company Ltd.,Kotak Group Secure Shield,06-07-2021,Revision,https://irdai.gov.in/documents/37343/931203/KOTHLGP22099V042122_HEALTH2124.pdf/ded4c153-ddbc-c385-d430-cc606a33b4b3?version=1.1&t=1668765825697&download=true,KOTHLGP22099V042122_HEALTH2124.pdf,2026-08-20T14:23:13.912425+00:00
KOTHMGP22115V022122,Non-Archived,2021-2022,Kotak Mahindra General Insurance Company Ltd.,Kotak Group Secure Shield - Micro Insurance,15-07-2021,Revision,https://irdai.gov.in/documents/37343/931203/KOTHMGP22115V022122_HEALTH2125.pdf/e415de05-8dca-7771-c804-7609a916ee99?version=1.1&t=1668765919508&download=true,KOTHMGP22115V022122_HEALTH2125.pdf,2026-08-20T14:23:13.912425+00:00
IRDAI/HLT/KMGI/P-P/V.I/08/2016-17,Non-Archived,2016-2017,Kotak Mahindra General Insurance Ltd,Kotak Accident Care,23-06-2016,Retail,https://irdai.gov.in/documents/37343/931203/KMGIC-AccidentCare_2016-2017.pdf/46316a8f-47b9-d6db-c03f-af73b8aa7d22?version=1.1&t=1668418521984&download=true,KMGIC-AccidentCare_2016-2017.pdf,2026-08-20T14:23:13.912425+00:00
IRDAI/HLT/KMGI/P-P/V.I/15/16-17,Non-Archived,2016-2017,Kotak Mahindra General Insurance Ltd,Kotak Group Accident Care,03-08-2016,Retail,https://irdai.gov.in/documents/37343/931203/KMGIC-GroupAccidentCare_2016-2017.pdf/f892507c-0379-302c-977a-2008984ac310?version=1.1&t=1668418559411&download=true,KMGIC-GroupAccidentCare_2016-2017.pdf,2026-08-20T14:23:13.912425+00:00
IRDAI/HLT/KMGI/P-H/V.I/06/2016-17,Non-Archived,2016-2017,Kotak Mahindra General Insurance Ltd,Kotak Secure Shield,11-06-2016,Retail,https://irdai.gov.in/documents/37343/931203/KMGIC-SecureShield_2016-2017.pdf/691bfb0c-0950-276d-afc5-a6543de292da?version=1.1&t=1668418471529&download=true,KMGIC-SecureShield_2016-2017.pdf,2026-08-20T14:23:13.912425+00:00
107L010V05,Non-Archived,2014-15,Kotak Mahindra Life Insurance Co. Ltd.,Kotak Gratuity Group Plan,01-04-2021,ULIP,https://irdai.gov.in/documents/37343/931203/Policy+Document+-+Kotak+Preferrede-Term+Plan_clean_June+5+2015.pdf/5595d930-30d3-9b15-2208-afbd1b3c2570?version=1.1&t=1668918909966&download=true,Policy Document - Kotak Preferrede-Term Plan_clean_June 5 2015.pdf,2026-08-20T14:23:13.912425+00:00
IRDA/NL-HLT/L&TGI/P-H/V.II/31/14-15,Non-Archived,2014-2015,L&T General Insurance Co. Ltd.,health Medisure Super Top Up Insurance,08-08-2014,,https://irdai.gov.in/documents/37343/931203/myhealth+Medisure+Super+Top+Up+Insurance_2014-2015.pdf/268c291d-5380-b21e-6a57-5bdee3a4d51d?version=1.1&t=1668240070904&download=true,myhealth Medisure Super Top Up Insurance_2014-2015.pdf,2026-08-20T14:23:13.912425+00:00
IRDA/NL-HLT/L&TGI/P-H/V.I/242/13-14,Non-Archived,2013-2014,L&T General Insurance Company Limited,asset Loan Protect Total Relief Policy,28-03-2014,,https://irdai.gov.in/documents/37343/931203/myasset+Loan+Protect+Total+Relief+Policy_2013-2014.pdf/17e3a984-b1b2-6cf6-9aa6-ff3c5de0ae0a?version=1.1&t=1668236412190&download=true,myasset Loan Protect Total Relief Policy_2013-2014.pdf,2026-08-20T14:23:13.912425+00:00
IRDA/NL-HLT/L&TGI/P-H/V.I/329/13-14,Non-Archived,2013-2014,L&T General Insurance Company Limited,health Group Medisure Insurance,30-09-2013,,https://irdai.gov.in/documents/37343/931203/myhealth+Group+Medisure+Insurance+Policy+-+Copy_2013-2014.pdf/582cd5c7-985a-2f26-a60d-b9eeec9ae85a?version=1.1&t=1668236792105&download=true,myhealth Group Medisure Insurance Policy - Copy_2013-2014.pdf,2026-08-20T14:23:13.912425+00:00
IRDA/NL-HLT/L&TGI/P-P/V.I/307/13-14,Non-Archived,2013-2014,L&T General Insurance Company Limited,health Group Personal Accident Insurance,30-09-2013,,https://irdai.gov.in/documents/37343/931203/myhealth+Group+Personal+Accident+Insurance+-+Copy_2013-2014.pdf/9b84d6ea-f0f7-3dfc-be54-302515e3e5e4?version=1.1&t=1668236686910&download=true,myhealth Group Personal Accident Insurance - Copy_2013-2014.pdf,2026-08-20T14:23:13.912425+00:00
IRDA/NL-HLT/L&TGI/P-H/V.I/249/13-14,Non-Archived,2013-2014,L&T General Insurance Company Limited,health Medisure Classic Insurance,30-09-2013,,https://irdai.gov.in/documents/37343/931203/myhealth+Medisure+Classic+Insurance_2013-2014.pdf/84546e54-b073-63b5-0c7c-d7413f4fa2ec?version=1.1&t=1668236558508&download=true,myhealth Medisure Classic Insurance_2013-2014.pdf,2026-08-20T14:23:13.912425+00:00
IRDA/NL-HLT/L&TGI/P-H/V.I/250/13-14,Non-Archived,2013-2014,L&T General Insurance Company Limited,health Medisure Prime Insurance,30-09-2013,,https://irdai.gov.in/documents/37343/931203/myhealth+Medisure+Prime+Insurance_2013-2014.pdf/cbfa431d-a8c5-07bd-3b5b-3125f0589fc2?version=1.1&t=1668236612916&download=true,myhealth Medisure Prime Insurance_2013-2014.pdf,2026-08-20T14:23:13.912425+00:00
IRDA/NL-HLT/L&TGI/P-H/V.I/243/13-14.,Non-Archived,2013-2014,L&T General Insurance Company Limited,health Medisure Super Top Up Insurance,28-03-2014,,https://irdai.gov.in/documents/37343/931203/myhealth+Medisure+Super+Top+Up+Insurance_2013-2014.pdf/7848a5af-0671-235d-51bc-8d59e3369ee4?version=1.1&t=1668236882995&download=true,myhealth Medisure Super Top Up Insurance_2013-2014.pdf,2026-08-20T14:23:13.912425+00:00
IRDA/NL-HLT/L&TGI/P-P/V.I/306/13-14,Non-Archived,2013-2014,L&T General Insurance Company Limited,health Personal Accident Insurance,30-09-2013,,https://irdai.gov.in/documents/37343/931203/myhealth+Personal+Accident+Insurance_2013-2014.pdf/5679040b-9f8a-c655-6f56-2ce663e628cb?version=1.1&t=1668236646681&download=true,myhealth Personal Accident Insurance_2013-2014.pdf,2026-08-20T14:23:13.912425+00:00
IRDA/NL-HLT/L&TGI/P-H/V.I/244/13-14,Non-Archived,2013-2014,L&T General Insurance Company Limited,health medisure plus Insurance,12-02-2014,,https://irdai.gov.in/documents/37343/931203/myhealth+medisure+Plus+Insurance_2013-2014.pdf/a5f9b577-eb8c-b792-3ddb-5cd82b0f5d4b?version=1.1&t=1668236829501&download=true,myhealth medisure Plus Insurance_2013-2014.pdf,2026-08-20T14:23:13.912425+00:00
IRDA/NL-HLT/L&TGI/P-H/V.I/248/13-14,Non-Archived,2013-2014,L&T General Insurance Company Limited,jeevika Cash@Hospital Micro Insurance,30-09-2013,,https://irdai.gov.in/documents/37343/931203/myjeevika+Cash%40Hospital+Micro+Insurance_2013-2014.pdf/80b20cf5-4f51-4b1c-1143-e6fa039b1b7a?version=1.1&t=1668236513583&download=true,myjeevika Cash@Hospital Micro Insurance_2013-2014.pdf,2026-08-20T14:23:13.912425+00:00
IRDA/NL-HLT/L&TGI/P-H/V.I/247/13-14,Non-Archived,2013-2014,L&T General Insurance Company Limited,jeevika Medisure Micro Insurance,30-09-2013,,https://irdai.gov.in/documents/37343/931203/myjeevika+Medisure+Micro+Insurance_2013-2014.pdf/1556dba3-a4a1-935e-d2a1-08331df3fffe?version=1.1&t=1668236449906&download=true,myjeevika Medisure Micro Insurance_2013-2014.pdf,2026-08-20T14:23:13.912425+00:00
IRDA/NL-HLT/L&TGI/P-P/V.I/308/13-14,Non-Archived,2013-2014,L&T General Insurance Company Limited,jeevika Personal Accident Micro Insurance,30-09-2013,,https://irdai.gov.in/documents/37343/931203/myjeevika+Personal+Accident+Micro+Insurance+-+Copy_2013-2014.pdf/7ad1297c-6a88-88d4-6a4e-971f0184943c?version=1.1&t=1668236745021&download=true,myjeevika Personal Accident Micro Insurance - Copy_2013-2014.pdf,2026-08-20T14:23:13.912425+00:00
LVGHLGP18006V011718,Non-Archived,2018-2019,Liberty General Insurance Limited,Liberty Group Health Policy,29-06-2017,Group,https://irdai.gov.in/documents/37343/931203/LVGHLGP18006V011718_2018-2019.pdf/79fc880c-2c03-e5e9-3a02-dc751307afff?version=1.1&t=1668507315048&download=true,LVGHLGP18006V011718_2018-2019.pdf,2026-08-20T14:23:13.912425+00:00
LVGPAGP18098V011718,Non-Archived,2018-2019,Liberty General Insurance Limited,Liberty Group Personal Accident Policy,06-12-2017,Group,https://irdai.gov.in/documents/37343/931203/LVGPAGP18098V011718_2018-2019.pdf/0e43307b-3570-cad7-4c28-abd8b158f2da?version=1.1&t=1668507362449&download=true,LVGPAGP18098V011718_2018-2019.pdf,2026-08-20T14:23:13.912425+00:00
LIBPAGP19038V021819,Non-Archived,2018-2019,Liberty General Insurance Limited,Liberty Secure Future Connect Group Policy,27-07-2018,Group,https://irdai.gov.in/documents/37343/931203/LIBPAGP19038V021819_2018-2019.pdf/bf9d25ec-8f55-9c25-15e7-bd3be014abbd?version=1.1&t=1668507414629&download=true,LIBPAGP19038V021819_2018-2019.pdf,2026-08-20T14:23:13.912425+00:00
LIBTIOP19017V011819,Non-Archived,2018-2019,Liberty General Insurance Limited,Liberty Secure Travel,22-05-2018,Group,https://irdai.gov.in/documents/37343/931203/LIBTIOP19017V011819_2018-2019.pdf/b92e125f-7a5c-a7d8-a427-2b6190ad5a11?version=1.1&t=1668507466709&download=true,LIBTIOP19017V011819_2018-2019.pdf,2026-08-20T14:23:13.912425+00:00
LIBHLIP20167V011920,Non-Archived,2019-2020,Liberty General Insurance Ltd,"Arogya Sanjeevani Policy, Liberty General Insurance Ltd",30-03-2020,New,https://irdai.gov.in/documents/37343/931203/LIBHLIP20167V011920_2019-2020.pdf/84833b97-4451-8543-6d51-109837c45b54?version=1.1&t=1668574518984&download=true,LIBHLIP20167V011920_2019-2020.pdf,2026-08-20T14:23:13.912425+00:00
LIBHLIP21089V012021,Non-Archived,2020-2021,Liberty General Insurance Ltd,"Corona Kavach Policy, Liberty General Insurance Ltd",07-10-2020,New,https://irdai.gov.in/documents/37343/931203/LIBHLIP21089V012021_2020-2021.pdf/4929ef0f-76eb-a6d2-b06d-2bf79dd01690?version=1.1&t=1668154171615&download=true,LIBHLIP21089V012021_2020-2021.pdf,2026-08-20T14:23:13.912425+00:00
LIBTGDP22098V012122,Non-Archived,2021-2022,Liberty General Insurance Ltd.,"Bharat Yatra Suraksha Group, Liberty General Insurance Ltd.",05-07-2021,Group,https://irdai.gov.in/documents/37343/931203/LIBTGDP22098V012122_HEALTH2128.pdf/e47a7b03-7c43-9ed2-1824-dca0804d2c1a?version=1.1&t=1668766141012&download=true,LIBTGDP22098V012122_HEALTH2128.pdf,2026-08-20T14:23:13.912425+00:00
LIBTIDP22097V012122,Non-Archived,2021-2022,Liberty General Insurance Ltd.,"Bharat Yatra Suraksha, Liberty General Insurance Ltd.",05-07-2021,Retail,https://irdai.gov.in/documents/37343/931203/LIBTIDP22097V012122_HEALTH2129.pdf/d6e9783f-4a46-ee10-76ae-ddc20f02c1bc?version=1.1&t=1668766216993&download=true,LIBTIDP22097V012122_HEALTH2129.pdf,2026-08-20T14:23:13.912425+00:00
LIBHLIP21506V022021,Non-Archived,2020-2021,Liberty General Insurance Ltd.,Critical Connect,29-09-2020,Revision,https://irdai.gov.in/documents/37343/931203/LIBHLIP21506V022021_2020-2021.pdf/01cad0c9-3fbf-248e-1c99-a6fc2e08ed5a?version=1.1&t=1668593110389&download=true,LIBHLIP21506V022021_2020-2021.pdf,2026-08-20T14:23:13.912425+00:00
LIBHLIP20100V011920,Non-Archived,2019-2020,Liberty General Insurance Ltd.,Critical Connect,31-12-2019,New,https://irdai.gov.in/documents/37343/931203/LIBHLIP20100V011920_2019-2020.pdf/2297fe19-f723-b779-1a48-2741add34d6b?version=1.1&t=1668574472899&download=true,LIBHLIP20100V011920_2019-2020.pdf,2026-08-20T14:23:13.912425+00:00
LIBHLGP21497V022021,Non-Archived,2020-2021,Liberty General Insurance Ltd.,Group Hospi-Cash Connect Policy,29-09-2020,Revision,https://irdai.gov.in/documents/37343/931203/LIBHLGP21497V022021_2020-2021.pdf/f016363b-e6b7-773a-f2bc-3882e5c0d2ef?version=1.1&t=1668592443265&download=true,LIBHLGP21497V022021_2020-2021.pdf,2026-08-20T14:23:13.912425+00:00
LIBHLIP21502V022021,Non-Archived,2020-2021,Liberty General Insurance Ltd.,Health Connect Supra,29-09-2020,Revision,https://irdai.gov.in/documents/37343/931203/LIBHLIP21502V022021_2020-2021.pdf/7ee24948-9f8b-ebe9-a17c-8bf6ce1897b5?version=1.1&t=1668592878552&download=true,LIBHLIP21502V022021_2020-2021.pdf,2026-08-20T14:23:13.912425+00:00
LIBHLIP19050V011920,Non-Archived,2019-2020,Liberty General Insurance Ltd.,Health Prime Connect,21-08-2019,New,https://irdai.gov.in/documents/37343/931203/LIBHLIP19050V011920_2019-2020.pdf/153890be-298d-b470-8816-870afa5ccfe8?version=1.1&t=1668574435558&download=true,LIBHLIP19050V011920_2019-2020.pdf,2026-08-20T14:23:13.912425+00:00
LIBHLIP21505V022021,Non-Archived,2020-2021,Liberty General Insurance Ltd.,HealthPrime Connect,29-09-2020,Revision,https://irdai.gov.in/documents/37343/931203/LIBHLIP21505V022021_2020-2021.pdf/a23f5178-b400-2745-e7bd-837d94487d76?version=1.1&t=1668593063833&download=true,LIBHLIP21505V022021_2020-2021.pdf,2026-08-20T14:23:13.912425+00:00
LIBHLGP21209V012021,Non-Archived,2020-2021,Liberty General Insurance Ltd.,Liberty Complete Protect Group,31-08-2020,Group,https://irdai.gov.in/documents/37343/931203/LIBHLGP21209V012021_2020-2021.pdf/62a7d84f-e3f0-1adc-b2d0-303616ff329b?version=1.1&t=1668592386880&download=true,LIBHLGP21209V012021_2020-2021.pdf,2026-08-20T14:23:13.912425+00:00
LIBHLGP21498V022021,Non-Archived,2020-2021,Liberty General Insurance Ltd.,Liberty Group Health Policy,29-09-2020,Revision,https://irdai.gov.in/documents/37343/931203/LIBHLGP21498V022021_2020-2021.pdf/02c526cb-d2a3-3706-729e-cc645ca06934?version=1.1&t=1668592494622&download=true,LIBHLGP21498V022021_2020-2021.pdf,2026-08-20T14:23:13.912425+00:00
LIBHLIP21500V032021,Non-Archived,2020-2021,Liberty General Insurance Ltd.,Liberty Health Connect Policy,29-09-2020,Revision,https://irdai.gov.in/documents/37343/931203/LIBHLIP21500V032021_2020-2021.pdf/c2bb2c51-f14e-7107-a9ec-495bd7d23787?version=1.1&t=1668592749232&download=true,LIBHLIP21500V032021_2020-2021.pdf,2026-08-20T14:23:13.912425+00:00
LIBHLIP21501V022021,Non-Archived,2020-2021,Liberty General Insurance Ltd.,Liberty Hospi-Cash Connect,29-09-2020,Revision,https://irdai.gov.in/documents/37343/931203/LIBHLIP21501V022021_2020-2021.pdf/90b45336-99e0-f0d1-4edd-5d3268d82b02?version=1.1&t=1668592812322&download=true,LIBHLIP21501V022021_2020-2021.pdf,2026-08-20T14:23:13.912425+00:00
LIBHLIP21504V022021,Non-Archived,2020-2021,Liberty General Insurance Ltd.,Liberty Secure Future Connect,29-09-2020,Revision,https://irdai.gov.in/documents/37343/931203/LIBHLIP21504V022021_2020-2021.pdf/2b164d2f-cf5a-9e6d-b604-90d836738898?version=1.1&t=1668593015795&download=true,LIBHLIP21504V022021_2020-2021.pdf,2026-08-20T14:23:13.912425+00:00
LIBHLGP21499V032021,Non-Archived,2020-2021,Liberty General Insurance Ltd.,Liberty Secure Future Connect Group Policy,29-09-2020,Revision,https://irdai.gov.in/documents/37343/931203/LIBHLGP21499V032021_2020-2021.pdf/2e24a30d-14d8-a6b2-70b4-9945863ee0ab?version=1.1&t=1668592553349&download=true,LIBHLGP21499V032021_2020-2021.pdf,2026-08-20T14:23:13.912425+00:00
LIBTGDP22171V012122,Non-Archived,2021-2022,Liberty General Insurance Ltd.,Optional Travel Insurance for E-ticket passengers - IRCTC,20-10-2021,Health,https://irdai.gov.in/documents/37343/931203/Optional+Travel+Insurance+for+E-ticket+passengers+-+IRCTC.pdf/18cb11aa-dd49-a61b-75ec-7584f6ae6fad?version=1.1&t=1668754356257&download=true,Optional Travel Insurance for E-ticket passengers - IRCTC.pdf,2026-08-20T14:23:13.912425+00:00
LIBPAIP21645V012021,Non-Archived,2020-2021,Liberty General Insurance Ltd.,"Saral Suraksha Bima, Liberty General Insurance Ltd.",31-03-2021,New,https://irdai.gov.in/documents/37343/931203/LIBPAIP21645V012021_2020-2021.pdf/511c89e2-d875-e7a4-f32b-d4fe610a74f8?version=1.1&t=1668592334935&download=true,LIBPAIP21645V012021_2020-2021.pdf,2026-08-20T14:23:13.912425+00:00
LIBHLIP21503V022021,Non-Archived,2020-2021,Liberty General Insurance Ltd.,Secure Health Connect,29-09-2020,Revision,https://irdai.gov.in/documents/37343/931203/LIBHLIP21503V022021_2020-2021.pdf/7ffca177-f197-0cff-3092-7b108d37ce7b?version=1.1&t=1668592939797&download=true,LIBHLIP21503V022021_2020-2021.pdf,2026-08-20T14:23:13.912425+00:00
IRDAI/HLT/LVGI/P-H/V.1/5/16-17,Non-Archived,2016-2017,Liberty Videocon General Insurance Co. Ltd.,Group Hospi - Cash Connect Policy,31-05-2016,Group,https://irdai.gov.in/documents/37343/931203/LVGI_GroupHospi-CashConnectPolicy_2016-2017.pdf/2867f750-c430-6d40-21ee-a34ae694168e?version=1.1&t=1668418860105&download=true,LVGI_GroupHospi-CashConnectPolicy_2016-2017.pdf,2026-08-20T14:23:13.912425+00:00
IRDAI/HLT/LVGI/P-H/V.I/31/16-17,Non-Archived,2016-2017,Liberty Videocon General Insurance Co. Ltd.,Health Connect Supra Policy,28-10-2016,Retail,https://irdai.gov.in/documents/37343/931203/LVGI_HealthConnectSupraPolicy_2016-2017.pdf/b18b8e36-1d49-6837-d23a-4253becfce4c?version=1.1&t=1668418908719&download=true,LVGI_HealthConnectSupraPolicy_2016-2017.pdf,2026-08-20T14:23:13.912425+00:00
IRDA/NL-HLT/LVGI/P-H/V.II/61/14-15,Non-Archived,2014-2015,Liberty Videocon General Insurance Co. Ltd.,Liberty Health Connect Policy,27-10-2014,,https://irdai.gov.in/documents/37343/931203/Liberty+Health+Connect+Policy_2014-2015.pdf/483825bf-5277-239b-e575-0c5fbf4668ad?version=1.1&t=1668239900872&download=true,Liberty Health Connect Policy_2014-2015.pdf,2026-08-20T14:23:13.912425+00:00
IRDAI/HLT/LVGI/P-H(G)/V.I/59/2016-17,Non-Archived,2016-2017,Liberty Videocon General Insurance Co. Ltd.,Liberty Secure Future Connect Group Policy,02-06-2017,Group,https://irdai.gov.in/documents/37343/931203/LVGI_LibertySecureFutureConnectGroupPolicy_2016-2017.pdf/6bccc424-1ac1-d374-148f-b371caf49a6a?version=1.1&t=1668418955513&download=true,LVGI_LibertySecureFutureConnectGroupPolicy_2016-2017.pdf,2026-08-20T14:23:13.912425+00:00
IRDA/NL-HLT/LVGI/P-P/V.II/09/14-15,Non-Archived,2014-2015,Liberty Videocon General Insurance Co. Ltd.,Liberty Videocon Group Personal Accident Policy,13-06-2014,,https://irdai.gov.in/documents/37343/931203/Liberty+Videocon+Group+Personal+Accident+Policy_2014-2015.pdf/1b848c18-0496-b789-f44c-6f89f1e22d21?version=1.1&t=1668239971724&download=true,Liberty Videocon Group Personal Accident Policy_2014-2015.pdf,2026-08-20T14:23:13.912425+00:00
IRDAI/HLT/LVGI/P-H/V.I/2/17-18,Non-Archived,2017-2018,Liberty Videocon General Insurance Co. Ltd.,Secure Health Connect,24-04-2017,,https://irdai.gov.in/documents/37343/931203/LVGI_SecureHealthConnect_2017-2018.pdf/86902899-ae84-0197-dd04-0d00d71c7d2f?version=1.1&t=1668425701346&download=true,LVGI_SecureHealthConnect_2017-2018.pdf,2026-08-20T14:23:13.912425+00:00
IRDA/NL-HLT/LVGI/P-H/V.I/61/13-14,Non-Archived,2013-2014,Liberty Videocon General Insurance Company Limited,Liberty Health Connect Policy,23-12-2013,,https://irdai.gov.in/documents/37343/931203/Liberty+Health+Connect+Policy_2013-2014.pdf/d8c26b46-6d3e-4dfc-9a91-55fabeaee6f4?version=1.1&t=1668235538508&download=true,Liberty Health Connect Policy_2013-2014.pdf,2026-08-20T14:23:13.912425+00:00
IRDA/NL-HLT/LVGI/P-H/V.I/12/13-14,Non-Archived,2013-2014,Liberty Videocon General Insurance Company Limited,Liberty Videocon Group Health Policy,23-12-2013,,https://irdai.gov.in/documents/37343/931203/Liberty+Videocon+Group+Health+Policy_2013-2014.pdf/4c802d24-9bce-e2df-ba0f-f799808154bd?version=1.1&t=1668235377973&download=true,Liberty Videocon Group Health Policy_2013-2014.pdf,2026-08-20T14:23:13.912425+00:00
IRDA/NL-HLT/LVGI/P-P/V.I/11/13-14,Non-Archived,2013-2014,Liberty Videocon General Insurance Company Limited,Liberty Videocon Group Personal Accident Policy,30-04-2013,,https://irdai.gov.in/documents/37343/931203/Liberty+Videocon+Group+Personal+Accident+Policy_2013-2014.pdf/45152597-bf38-f913-5d0c-cf606a7b5f0f?version=1.1&t=1668235343503&download=true,Liberty Videocon Group Personal Accident Policy_2013-2014.pdf,2026-08-20T14:23:13.912425+00:00
IRDA/NL-HLT/LVGI/P-P/V.I/31/13-14,Non-Archived,2013-2014,Liberty Videocon General Insurance Company Limited,Liberty Videocon Individual Personal Accident Policy,11-03-2014,,https://irdai.gov.in/documents/37343/931203/Liberty+Videocon+Individual+Personal+Accident+Policy_2013-2014.pdf/e67d2946-d05e-6649-ae23-8878694a1166?version=1.1&t=1668235410807&download=true,Liberty Videocon Individual Personal Accident Policy_2013-2014.pdf,2026-08-20T14:23:13.912425+00:00
IRDA/NL-HLT/LVGI/P-P/V.I/363/13-14,Non-Archived,2013-2014,Liberty Videocon General Insurance Company Limited,Liberty Videocon Janata Personal Accident Policy (Group),19-03-2014,,https://irdai.gov.in/documents/37343/931203/Liberty+Videocon+Janata+Personal+Accident+Policy+%28Group%29_2013-2014.pdf/64c1b520-f536-7a0e-9a3c-dcb349bcd5fe?version=1.1&t=1668235651520&download=true,Liberty Videocon Janata Personal Accident Policy (Group)_2013-2014.pdf,2026-08-20T14:23:13.912425+00:00
IRDA/NL-HLT/LVGI/P-T/V.I/33/13-14,Non-Archived,2013-2014,Liberty Videocon General Insurance Company Limited,Overseas Student Travel Policy,17-02-2014,,https://irdai.gov.in/documents/37343/931203/Overseas+Student+Travel+Policy_2013-2014.pdf/e73323ea-8726-5dd0-4832-36ec04923f8e?version=1.1&t=1668235497783&download=true,Overseas Student Travel Policy_2013-2014.pdf,2026-08-20T14:23:13.912425+00:00
IRDA/NL-HLT/LVGI/P-T/V.I/32/13-14,Non-Archived,2013-2014,Liberty Videocon General Insurance Company Limited,Overseas Travel Insurance Policy,06-03-2014,,https://irdai.gov.in/documents/37343/931203/Overseas+Travel+Insurance+Policy_2013-2014.pdf/fe2f2efc-5913-60d5-426c-7dd4435617a9?version=1.1&t=1668235455946&download=true,Overseas Travel Insurance Policy_2013-2014.pdf,2026-08-20T14:23:13.912425+00:00
IRDAI/HLT/LVGI/P-H/V.1/29/15-16,Non-Archived,2015-2016,Liberty Videocon General Insurance Company Ltd,Liberty Videocon Secure Future Connect Policy,16-02-2016,,https://irdai.gov.in/documents/37343/931203/Liberty_Secure+Future+Connect+-+Policy+Wordings_2015-2016.pdf/272e8d52-c060-a520-121f-8b76d95c9e68?version=1.1&t=1668409030712&download=true,Liberty_Secure Future Connect - Policy Wordings_2015-2016.pdf,2026-08-20T14:23:13.912425+00:00
IRDAI/HLT/LVGI/P-H/V.1/77/14-15,Non-Archived,2015-2016,Liberty Videocon General Insurance Company Ltd,Liberty videocon Hospi Cash Connect policy,09-10-2015,,https://irdai.gov.in/documents/37343/931203/Liberty_+Hospi+Cash+Connect+-+Policy+Wordings_2015-2016.pdf/85f7585b-0972-1af9-89c7-f9aedd5d8aa4?version=1.1&t=1668408883065&download=true,Liberty_ Hospi Cash Connect - Policy Wordings_2015-2016.pdf,2026-08-20T14:23:13.912425+00:00
IRDAI/HLT/LVGI/P-T/V.II/33/15-16,Non-Archived,2015-2016,Liberty Videocon General Insurance Company Ltd,Overseas Student Travel Connect Insurance policy,28-01-2016,,https://irdai.gov.in/documents/37343/931203/Liberty_Overseas+Student+Travel+connect+Policy-Policy+wordings_2015-2016.pdf/04313b29-379a-757b-a350-e02824a55318?version=1.1&t=1668408993542&download=true,Liberty_Overseas Student Travel connect Policy-Policy wordings_2015-2016.pdf,2026-08-20T14:23:13.912425+00:00
IRDAI/HLT/LVGI/P-T/V.II/32/15-16,Non-Archived,2015-2016,Liberty Videocon General Insurance Company Ltd,Overseas Travel Connect Insurance policy,28-01-2016,,https://irdai.gov.in/documents/37343/931203/Liberty_Overseas+Travel+connect-Policy+wordings_2015-2016.pdf/316a34d1-1607-8135-f5bf-e5d9a92a09b6?version=1.1&t=1668408955472&download=true,Liberty_Overseas Travel connect-Policy wordings_2015-2016.pdf,2026-08-20T14:23:13.912425+00:00
MAGHLIP18037V011718,Non-Archived,2017-2018,MAGMA HDI General Insurance Co Ltd,One Health,15-09-2017,,https://irdai.gov.in/documents/37343/931203/MHDI_OneHealth_2017-2018.pdf/5563b150-244c-f972-9968-f76f8a7f7214?version=1.1&t=1668425827201&download=true,MHDI_OneHealth_2017-2018.pdf,2026-08-20T14:23:13.912425+00:00
MAXHLIP20140V021920,Non-Archived,2019-2020,MAX Bupa Health Insurance Co Ltd,Max Bupa Health Recharge,17-03-2020,Individual,https://irdai.gov.in/documents/37343/931203/MAXHLIP20140V021920_2019-2020.pdf/a902bcb2-cc50-1205-b4cb-f8394b17cc54?version=1.1&t=1668575314591&download=true,MAXHLIP20140V021920_2019-2020.pdf,2026-08-20T14:23:13.912425+00:00
MAGHLIP22221V042122,Non-Archived,2021-2022,Magma HDI,Onehealth Senior,07-03-2022,Revision,https://irdai.gov.in/documents/37343/931203/MAGHLIP22221V042122.pdf/dc8ac644-0792-3fe7-2a66-15f512e86f15?version=1.1&t=1668851708459&download=true,MAGHLIP22221V042122.pdf,2026-08-20T14:23:13.912425+00:00
MAGHLIP20101V021920,Non-Archived,2019-2020,Magma HDI General Insuarnce Co Ltd,Onehealth,31-12-2019,Revision,https://irdai.gov.in/documents/37343/931203/MAGHLIP20101V021920_2019-2020.pdf/3c37691b-7d69-ba9c-dc47-6aaecb9f9bea?version=1.1&t=1668574575530&download=true,MAGHLIP20101V021920_2019-2020.pdf,2026-08-20T14:23:13.912425+00:00
MAGHLIP20172V011920,Non-Archived,2019-2020,Magma HDI General Insurance Co. Ltd,"Arogya Sanjeevani Policy, Magma HDI",31-03-2020,New,https://irdai.gov.in/documents/37343/931203/MAGHLIP20172V011920_2019-2020.pdf/f94c2b7a-d918-99e2-3337-0c30dd97109e?version=1.1&t=1668575027400&download=true,MAGHLIP20172V011920_2019-2020.pdf,2026-08-20T14:23:13.912425+00:00
MAGHLIP21103V012021,Non-Archived,2020-2021,Magma HDI General Insurance Co. Ltd,"Corona Kavach Policy, Magma HDI",07-09-2020,New,https://irdai.gov.in/documents/37343/931203/MAGHLIP21103V012021_2020-2021.pdf/ccae59a5-8e48-0081-d81d-c4f2a53a467f?version=1.1&t=1668153298864&download=true,MAGHLIP21103V012021_2020-2021.pdf,2026-08-20T14:23:13.912425+00:00
MAGPAGP21565V012021,Non-Archived,2020-2021,Magma HDI General Insurance Co. Ltd,Janata Personal Accident,30-03-2021,Group,https://irdai.gov.in/documents/37343/931203/MAGPAGP21565V012021_2020-2021.pdf/51407f83-b842-9abb-9f8c-ae371e3f7e8d?version=1.1&t=1668593317388&download=true,MAGPAGP21565V012021_2020-2021.pdf,2026-08-20T14:23:13.912425+00:00
MAGPAIP21642V012021,Non-Archived,2020-2021,Magma HDI General Insurance Co. Ltd,"Saral Suraksha Bima, Magma HDI",23-12-2020,New,https://irdai.gov.in/documents/37343/931203/MAGPAIP21642V012021_2020-2021.pdf/36fae4d6-55d4-e86f-4db6-2cf748a35472?version=1.1&t=1668593375802&download=true,MAGPAIP21642V012021_2020-2021.pdf,2026-08-20T14:23:13.912425+00:00
MAGHLGP2123V022021,Non-Archived,2020-2021,Magma HDI General Insurance Co. Ltd.,Group Health Insurance,09-10-2021,Revision,https://irdai.gov.in/documents/37343/931203/MAGHLGP2123V022021.pdf/9c47de27-2627-19a4-57d3-6a37e82c04ae?version=1.1&t=1668593457299&download=true,MAGHLGP2123V022021.pdf,2026-08-20T14:23:13.912425+00:00
MAGHLIP222V032021,Non-Archived,2020-2021,Magma HDI General Insurance Co. Ltd.,OneHealth,09-04-2020,Revision,https://irdai.gov.in/documents/37343/931203/MAGHLIP222V032021_2020-2021.pdf/973a44a4-b16f-dae6-868b-376c9780589a?version=1.1&t=1668593510123&download=true,MAGHLIP222V032021_2020-2021.pdf,2026-08-20T14:23:13.912425+00:00
IRDA/NL-HLT/MHDIGI/P-P/V.I/275/13-14,Non-Archived,2013-2014,Magma HDI General Insurance Company Limited,Group Personal Accident Policy,26-03-2014,,https://irdai.gov.in/documents/37343/931203/Group+Personal+Accident+Policy_2014-03-26.pdf/d526ce49-be6c-2afa-0f9e-8e901ca5f99e?version=1.1&t=1668236978666&download=true,Group Personal Accident Policy_2014-03-26.pdf,2026-08-20T14:23:13.912425+00:00
IRDA/NL-HLT/MHDIGI/P-P/V.I/274/13-14,Non-Archived,2013-2014,Magma HDI General Insurance Company Limited,Individual Personal Accident Policy,12-02-2014,,https://irdai.gov.in/documents/37343/931203/Individual+Personal+Accident+Policy_2014-02-12.pdf/193cd2ab-0a29-2056-9d64-82824ab0c60e?version=1.1&t=1668236921679&download=true,Individual Personal Accident Policy_2014-02-12.pdf,2026-08-20T14:23:13.912425+00:00
IRDA/NL-HLT/MHDIGI/P-H/V.I/472/13-14,Non-Archived,2013-2014,Magma HDI General Insurance Company Limited,MHDI Group Loan Protect Policy,28-03-2014,,https://irdai.gov.in/documents/37343/931203/MHDI+Group+Loan+Protect+Policy_2013-2014.pdf/4af5eb57-588d-8f90-e8ca-c11af843397a?version=1.1&t=1668237056591&download=true,MHDI Group Loan Protect Policy_2013-2014.pdf,2026-08-20T14:23:13.912425+00:00
IRDA/NL-HLT/MHDIGI/P-H/V.I/475/13-14,Non-Archived,2013-2014,Magma HDI General Insurance Company Limited,MHDI Individual Loan Protect Policy,28-03-2014,,https://irdai.gov.in/documents/37343/931203/MHDI+Individual+Loan+Protect+Policy_2013-2014.pdf/fe26df18-42da-b805-e068-fd7e4873a94e?version=1.1&t=1668237114963&download=true,MHDI Individual Loan Protect Policy_2013-2014.pdf,2026-08-20T14:23:13.912425+00:00
IRDA/NL-HLT/MHDIGI/P-H/V.I/469/13-14,Non-Archived,2013-2014,Magma HDI General Insurance Company Limited,Magma Health Care Insurnace Policy,28-03-2014,,https://irdai.gov.in/documents/37343/931203/Magma+Health+Care+Insurance+Policy_2013-2014.pdf/e190fef5-a73e-1278-68dc-7fc811e52991?version=1.1&t=1668237015340&download=true,Magma Health Care Insurance Policy_2013-2014.pdf,2026-08-20T14:23:13.912425+00:00
MAGHLGP20078V021920,Non-Archived,2019-2020,Magma HDI General Insurance Company Ltd,Loan Guard,14-11-2019,Group,https://irdai.gov.in/documents/37343/931203/MAGHLGP20078V021920_2019-2020.pdf/61d1e4b3-51f0-a26e-cd09-b3f40b70afcc?version=1.1&t=1668575066803&download=true,MAGHLGP20078V021920_2019-2020.pdf,2026-08-20T14:23:13.912425+00:00
MAGPAGP19026V011819,Non-Archived,2018-2019,Magma HDI General Insurance Company Ltd.,Group Accident Suraksha,11-06-2018,Group,https://irdai.gov.in/documents/37343/931203/MAGPAGP19026V011819_2018-2019.pdf/844fb106-0a2b-54c0-f741-8f25166c80f7?version=1.1&t=1668507513744&download=true,MAGPAGP19026V011819_2018-2019.pdf,2026-08-20T14:23:13.912425+00:00
MAGHLGP19046V011819,Non-Archived,2018-2019,Magma HDI General Insurance Company Ltd.,Group Health Insurance,27-08-2018,Group,https://irdai.gov.in/documents/37343/931203/MAGHLGP19046V011819_2018-2019.pdf/30d25efc-2831-610b-6627-0ae443cc16b9?version=1.1&t=1668507591576&download=true,MAGHLGP19046V011819_2018-2019.pdf,2026-08-20T14:23:13.912425+00:00
MAGHLGP18061V011718,Non-Archived,2018-2019,Magma HDI General Insurance Company Ltd.,Loan Guard,03-11-2017,Group,https://irdai.gov.in/documents/37343/931203/MAGHLGP18061V011718_2018-2019.pdf/67e6a029-f6f8-d0d9-4b69-c1b33dcb7a1d?version=1.1&t=1668507638420&download=true,MAGHLGP18061V011718_2018-2019.pdf,2026-08-20T14:23:13.912425+00:00
MCIHLIP20156V011920,Non-Archived,2019-2020,Manipal Cigna Health Insurance Co Ltd,"Arogya Sanjeevani Policy,Manipal Cigna",26-03-2020,New,https://irdai.gov.in/documents/37343/931203/MCIHLIP20156V011920_2019-2020.pdf/b7ed1bec-d07e-2b7b-19b3-21f9d56893d8?version=1.1&t=1668575174037&download=true,MCIHLIP20156V011920_2019-2020.pdf,2026-08-20T14:23:13.912425+00:00
MCIHLIP21070V012021,Non-Archived,2020-2021,Manipal Cigna Health Insurance Co Ltd,"Corona Kavach Policy,Manipal Cigna",07-10-2020,New,https://irdai.gov.in/documents/37343/931203/MCIHLIP21070V012021_2020-2021.pdf/7a8a44a8-821a-c3e1-f95f-744b4d7f10dc?version=1.1&t=1668153171854&download=true,MCIHLIP21070V012021_2020-2021.pdf,2026-08-20T14:23:13.912425+00:00
MCIHLIP20081V011920,Non-Archived,2019-2020,Manipal Cigna Health Insurance Co Ltd,Manipal Cigna Super Top Up,20-11-2019,New,https://irdai.gov.in/documents/37343/931203/MCIHLIP20081V011920_2019-2020.pdf/b6008ab1-7975-a259-d914-b9c32f8b514a?version=1.1&t=1668575122659&download=true,MCIHLIP20081V011920_2019-2020.pdf,2026-08-20T14:23:13.912425+00:00
MCIPAIP21622V012021,Non-Archived,2020-2021,Manipal Cigna Health Insurance Co. Ltd,"Saral Suraksha Bima, ManipalCigna",02-10-2021,New,https://irdai.gov.in/documents/37343/931203/MCIPAIP21622V012021_2020-2021.pdf/35a7f194-4cf2-dc02-6e19-f2da6fca17b2?version=1.1&t=1668593556940&download=true,MCIPAIP21622V012021_2020-2021.pdf,2026-08-20T14:23:13.912425+00:00
MCIHLIA23023V012223,Non-Archived,2022-2023,Manipal Cigna Health Insurance Co. Ltd.,ManipalCigna Health 360,13-05-2022,Add-on,https://irdai.gov.in/documents/37343/931203/MCIHLIA23023V012223.pdf/2f03cb93-41a4-e060-4318-f16170d9d23a?version=1.0&t=1669349809015&download=true,MCIHLIA23023V012223.pdf,2026-08-20T14:23:13.912425+00:00
MCIHLIP23022V032223,Non-Archived,2022-2023,Manipal Cigna Health Insurance Co. Ltd.,ManipalCigna Super Top Up,01-04-2021,Revision,https://irdai.gov.in/documents/37343/931203/MCIHLIP23022V032223.pdf/95221470-886d-ff52-2a78-b1031aaddee7?version=1.0&t=1669349551633&download=true,MCIHLIP23022V032223.pdf,2026-08-20T14:23:13.912425+00:00
MCIHLIP21139V012021,Non-Archived,2020-2021,Manipal Cigna Health Insurance Company Limited,"Corona Rakshak Policy, ManipalCigna",08-07-2020,Individual,https://irdai.gov.in/documents/37343/931203/MCIHLIP21139V012021_2020-2021.pdf/0f71aa1f-081b-c4af-f5c2-5049bef0d224?version=1.1&t=1668593995571&download=true,MCIHLIP21139V012021_2020-2021.pdf,2026-08-20T14:23:13.912425+00:00
MCIHLIP21128V022021,Non-Archived,2020-2021,Manipal Cigna Health Insurance Company Limited,ManipalCigna Critical Illness Add On Cover,29-07-2020,Revision,https://irdai.gov.in/documents/37343/931203/MCIHLIP21128V022021_2020-2021.pdf/30f9a06f-6353-e2d5-062d-c75f2b9c5102?version=1.1&t=1668593892145&download=true,MCIHLIP21128V022021_2020-2021.pdf,2026-08-20T14:23:13.912425+00:00
MCIHLGP21247V032021,Non-Archived,2020-2021,Manipal Cigna Health Insurance Company Limited,ManipalCigna Global Health Group Policy,14-09-2020,Group,https://irdai.gov.in/documents/37343/931203/MCIHLGP21247V032021_2020-2021.pdf/486dead2-8204-f627-7648-dd9577757ad7?version=1.1&t=1668593655680&download=true,MCIHLGP21247V032021_2020-2021.pdf,2026-08-20T14:23:13.912425+00:00
MCIPAIP21123V022021,Non-Archived,2020-2021,Manipal Cigna Health Insurance Company Limited,ManipalCigna Lifestyle Protection - Accident Care,29-07-2020,Revision,https://irdai.gov.in/documents/37343/931203/MCIPAIP21123V022021_2020-2021.pdf/0fe6295c-76ea-0224-af8f-1b4b375284c3?version=1.1&t=1668594188144&download=true,MCIPAIP21123V022021_2020-2021.pdf,2026-08-20T14:23:13.912425+00:00
MCIPAGP21235V032021,Non-Archived,2020-2021,Manipal Cigna Health Insurance Company Limited,ManipalCigna Lifestyle Protection Group Policy,09-10-2020,Revision,https://irdai.gov.in/documents/37343/931203/MCIPAGP21235V032021_2020-2021.pdf/21770310-3173-524a-ac59-7f5d653a8700?version=1.1&t=1668594133014&download=true,MCIPAGP21235V032021_2020-2021.pdf,2026-08-20T14:23:13.912425+00:00
MCIHLIP21125V022021,Non-Archived,2020-2021,Manipal Cigna Health Insurance Company Limited,ManipalCigna Lifestyle Protection – Critical Care,29-07-2020,Revision,https://irdai.gov.in/documents/37343/931203/MCIHLIP21125V022021_2020-2021.pdf/8fbf7ad6-a22a-4629-a883-7fff16cf4a6d?version=1.1&t=1668593820254&download=true,MCIHLIP21125V022021_2020-2021.pdf,2026-08-20T14:23:13.912425+00:00
MCIHLIP21512V032021,Non-Archived,2020-2021,Manipal Cigna Health Insurance Company Limited,ManipalCigna ProHealth Cash,29-09-2020,Revision,https://irdai.gov.in/documents/37343/931203/MCIHLIP21512V032021_2020-2021.pdf/e2c54f30-66dd-0920-5357-d6f0eba9663d?version=1.1&t=1668594083988&download=true,MCIHLIP21512V032021_2020-2021.pdf,2026-08-20T14:23:13.912425+00:00
MCIHLGP21172V032021,Non-Archived,2020-2021,Manipal Cigna Health Insurance Company Limited,ManipalCigna ProHealth Group Insurance Policy,27-08-2020,New,https://irdai.gov.in/documents/37343/931203/MCIHLGP21172V032021_2020-2021.pdf/dedcfb18-709e-9c1d-a41a-ca62c8dfb79f?version=1.1&t=1668593609004&download=true,MCIHLGP21172V032021_2020-2021.pdf,2026-08-20T14:23:13.912425+00:00
MCIHLIP415V042021,Non-Archived,2020-2021,Manipal Cigna Health Insurance Company Limited,ManipalCigna ProHealth Insurance,24-09-2020,Revision,https://irdai.gov.in/documents/37343/931203/MCIHLIP415V042021_2020-2021.pdf/3104907d-d249-68dd-2d1b-6126f9533e31?version=1.1&t=1668593713138&download=true,MCIHLIP415V042021_2020-2021.pdf,2026-08-20T14:23:13.912425+00:00
MCIHLIP21129V022021,Non-Archived,2020-2021,Manipal Cigna Health Insurance Company Limited,ManipalCigna ProHealth Select,29-07-2020,Revision,https://irdai.gov.in/documents/37343/931203/MCIHLIP21129V022021_2020-2021.pdf/4901b47d-a509-ceed-d4dc-3c9081663656?version=1.1&t=1668593944509&download=true,MCIHLIP21129V022021_2020-2021.pdf,2026-08-20T14:23:13.912425+00:00
MCIHLIP21121V022021,Non-Archived,2020-2021,Manipal Cigna Health Insurance Company Limited,ManipalCigna Super Top Up,30-09-2020,Revision,https://irdai.gov.in/documents/37343/931203/MCIHLIP21121V022021_2020-2021.pdf/dab2ab81-3b06-bb23-eadc-7aa5da2b877a?version=1.1&t=1668593763131&download=true,MCIHLIP21121V022021_2020-2021.pdf,2026-08-20T14:23:13.912425+00:00
MCIHLIP22211V062122,Non-Archived,2021-2022,ManipalCigna Health Insurance Co.,ManipalCigna ProHealth Insurance,11-02-2022,Revision,https://irdai.gov.in/documents/37343/931203/MCIHLIP22211V062122.pdf/b3a179da-4a2e-b4f2-27db-11779ec9a3cf?version=1.1&t=1668851771621&download=true,MCIHLIP22211V062122.pdf,2026-08-20T14:23:13.912425+00:00
MCIHLIP22224V012122,Non-Archived,2021-2022,ManipalCigna Health Insurance Co. Ltd.,ManipalCigna ProHealth Prime,09-03-2022,Individual,https://irdai.gov.in/documents/37343/931203/MCIHLIP22224V012122.pdf/6cf0a1af-1bc8-0c09-531a-671e15963135?version=1.1&t=1668851840343&download=true,MCIHLIP22224V012122.pdf,2026-08-20T14:23:13.912425+00:00
MAXHLIP20166V011920,Non-Archived,2019-2020,Max Bupa Health Insurance Co Ltd,"Arogya Sanjeevani, Max Bupa Health Insurance Co. Ltd",30-03-2020,New,https://irdai.gov.in/documents/37343/931203/MAXHLIP20166V011920_2019-2020.pdf/bca7e506-eeb9-ee26-7de2-f0c1fcb0c9e6?version=1.1&t=1668575222327&download=true,MAXHLIP20166V011920_2019-2020.pdf,2026-08-20T14:23:13.912425+00:00
MAXHLIP21072V012021,Non-Archived,2020-2021,Max Bupa Health Insurance Co Ltd,"Corona Kavach Policy, Max Bupa Health Insurance Co. Ltd",07-09-2020,New,https://irdai.gov.in/documents/37343/931203/MAXHLIP21072V012021_2020-2021.pdf/ac183b42-1b8d-2e76-76d3-1c27b11d90e2?version=1.1&t=1668153230694&download=true,MAXHLIP21072V012021_2020-2021.pdf,2026-08-20T14:23:13.912425+00:00
IRDAI/HLT/MBHI/P-H(G)/V.I/53/2016-17,Non-Archived,2016-2017,Max Bupa Health Insurance Co Ltd,Group Criti Care,18-01-2017,Group,https://irdai.gov.in/documents/37343/931203/MBHI-GroupCriticare_2016-2017.pdf/0f7cf931-4fa7-4d6e-6b27-ca5747ddb513?version=1.1&t=1668419367474&download=true,MBHI-GroupCriticare_2016-2017.pdf,2026-08-20T14:23:13.912425+00:00
IRDAI/HLT/MBHI/P-H/V.II/175/2016-17,Non-Archived,2016-2017,Max Bupa Health Insurance Co Ltd,Health Assurance,30-03-2017,Retail,https://irdai.gov.in/documents/37343/931203/MBHI-HealthAssurance_2016-2017.pdf/57fb5594-9e82-d013-e007-40b229620cc4?version=1.1&t=1668419035175&download=true,MBHI-HealthAssurance_2016-2017.pdf,2026-08-20T14:23:13.912425+00:00
IRDAI/HLT/MBHI/P-H/V.III/2/2017-18,Non-Archived,2017-2018,Max Bupa Health Insurance Co Ltd,Health Companion,27-04-2017,,https://irdai.gov.in/documents/37343/931203/MBHI-HealthCompanion_2017-2018.pdf/80a0505a-8146-ee71-c401-689eea88aea6?version=1.1&t=1668425859597&download=true,MBHI-HealthCompanion_2017-2018.pdf,2026-08-20T14:23:13.912425+00:00
IRDA/NL-HLT/MBHI/P-H/V.III/19/16-17,Non-Archived,2016-2017,Max Bupa Health Insurance Co Ltd,Heart Beat,28-10-2016,Retail,https://irdai.gov.in/documents/37343/931203/MBHI-HeartbeatV4_2016-2017.pdf/e7de1ded-833c-967e-a791-1fd08c3cf5b6?version=1.1&t=1668419090397&download=true,MBHI-HeartbeatV4_2016-2017.pdf,2026-08-20T14:23:13.912425+00:00
MAXHLIP18109V011718,Non-Archived,2017-2018,Max Bupa Health Insurance Co ltd,Go Active,24-01-2018,,https://irdai.gov.in/documents/37343/931203/Max_+Goactive_2017-2018.pdf/a8647f6d-c81f-5607-87bd-31a01bdc24d9?version=1.1&t=1668425892528&download=true,Max_ Goactive_2017-2018.pdf,2026-08-20T14:23:13.912425+00:00
IRDAI/HLT/MBHI/P-H(G)/V.I/42/2016-17,Non-Archived,2016-2017,Max Bupa Health Insurance Co ltd,Group Health Secure,30-12-2016,Group,https://irdai.gov.in/documents/37343/931203/MBHI-GroupHealthSecure_2016-2017.pdf/97a60a3b-9468-615c-b59d-1fb4e39e905a?version=1.1&t=1668419330350&download=true,MBHI-GroupHealthSecure_2016-2017.pdf,2026-08-20T14:23:13.912425+00:00
MAXHLIP18129V011718,Non-Archived,2017-2018,Max Bupa Health Insurance Co ltd,Max Bupa Health Recharge,28-03-2018,,https://irdai.gov.in/documents/37343/931203/Max_2017-2018.pdf/b4adcbd2-dacf-191f-7e4f-a4cab81f996b?version=1.1&t=1668425936235&download=true,Max_2017-2018.pdf,2026-08-20T14:23:13.912425+00:00
MAXHLGP18130V011718,Non-Archived,2017-2018,Max Bupa Health Insurance Co ltd,Max Health Plus,28-03-2018,,https://irdai.gov.in/documents/37343/931203/Max_MaxHealthPlus+-_2017-2018.pdf/f1e88726-72f3-1e62-7b0d-11b600330285?version=1.1&t=1668425987312&download=true,Max_MaxHealthPlus -_2017-2018.pdf,2026-08-20T14:23:13.912425+00:00
MAXHLIP21173V022021,Non-Archived,2020-2021,Max Bupa Health Insurance Co. Ltd,GoActive,28-08-2020,Revision,https://irdai.gov.in/documents/37343/931203/MAXHLIP21173V022021_2020-2021.pdf/92f043da-fafa-0be9-5a2f-37cb38da6dd1?version=1.1&t=1668594770478&download=true,MAXHLIP21173V022021_2020-2021.pdf,2026-08-20T14:23:13.912425+00:00
MAXHLGP21135V012021,Non-Archived,2020-2021,Max Bupa Health Insurance Co. Ltd,"Group Corona Kavach Policy, Max Bupa Health Insurance co. Ltd",31-07-2020,Group,https://irdai.gov.in/documents/37343/931203/MAXHLGP21135V012021_2020-2021.pdf/f6992c32-d0c6-d2b5-87be-c79a7464bac9?version=1.1&t=1668594532544&download=true,MAXHLGP21135V012021_2020-2021.pdf,2026-08-20T14:23:13.912425+00:00
MAXHLIP21509V042021,Non-Archived,2020-2021,Max Bupa Health Insurance Co. Ltd,Health Companion,29-09-2020,Revision,https://irdai.gov.in/documents/37343/931203/MAXHLIP21509V042021_2020-2021.pdf/7dbe99f7-4ac6-9a80-325e-cec605186127?version=1.1&t=1668595734878&download=true,MAXHLIP21509V042021_2020-2021.pdf,2026-08-20T14:23:13.912425+00:00
MAXHLGP21002V012021,Non-Archived,2020-2021,Max Bupa Health Insurance Co. Ltd,Health Multiplier,07-04-2020,Group,https://irdai.gov.in/documents/37343/931203/MAXHLGP21002V012021.pdf/d29e188e-b0d8-04f8-3d9e-592d5f08dfb4?version=1.0&t=1671208631702&download=true,MAXHLGP21002V012021.pdf,2026-08-20T14:23:13.912425+00:00
MAXHLIP21176V022021,Non-Archived,2020-2021,Max Bupa Health Insurance Co. Ltd,Health Premia,28-08-2020,Revision,https://irdai.gov.in/documents/37343/931203/MAXHLIP21176V022021_2020-2021.pdf/4fd40964-5417-b5cd-e501-7d720ef4feb6?version=1.1&t=1668595083364&download=true,MAXHLIP21176V022021_2020-2021.pdf,2026-08-20T14:23:13.912425+00:00
MAXHLIP21175V062021,Non-Archived,2020-2021,Max Bupa Health Insurance Co. Ltd,Heart Beat,28-08-2020,Revision,https://irdai.gov.in/documents/37343/931203/MAXHLIP21175V062021_2020-2021.pdf/dbabb278-6540-d86a-6532-be75a0b8f7c1?version=1.1&t=1668594989926&download=true,MAXHLIP21175V062021_2020-2021.pdf,2026-08-20T14:23:13.912425+00:00
MAXHLIP21174V022021,Non-Archived,2020-2021,Max Bupa Health Insurance Co. Ltd,Max Bupa Health Pulse,28-08-2020,Revision,https://irdai.gov.in/documents/37343/931203/MAXHLIP21174V022021_2020-2021.pdf/647518fe-4444-af89-db7e-9dee5559021c?version=1.1&t=1668594855930&download=true,MAXHLIP21174V022021_2020-2021.pdf,2026-08-20T14:23:13.912425+00:00
MAXHLIP21408V02202,Non-Archived,2020-2021,Max Bupa Health Insurance Co. Ltd,Max Health Plus,23-09-2020,Revision,https://irdai.gov.in/documents/37343/931203/MAXHLIP21408V02202_2020-2021.pdf/1fa52a81-37bd-ff34-7d1a-201fdbf741cc?version=1.1&t=1668595552880&download=true,MAXHLIP21408V02202_2020-2021.pdf,2026-08-20T14:23:13.912425+00:00
MAXPAIP21585V012021,Non-Archived,2020-2021,Max Bupa Health Insurance Co. Ltd,Personal Accident Plan,01-12-2021,New,https://irdai.gov.in/documents/37343/931203/MAXPAIP21585V012021_2020-2021.pdf/8efb2c97-4b5b-fa6f-bbb6-07415a1b4c13?version=1.1&t=1668594418564&download=true,MAXPAIP21585V012021_2020-2021.pdf,2026-08-20T14:23:13.912425+00:00
MAXHLIA21576V012021,Non-Archived,2020-2021,Max Bupa Health Insurance Co. Ltd,Safeguard (Rider),01-11-2021,New,https://irdai.gov.in/documents/37343/931203/MAXHLIA21576V012021_2020-2021.pdf/83bb940e-e593-8e84-2917-347428b2f580?version=1.1&t=1668594244707&download=true,MAXHLIA21576V012021_2020-2021.pdf,2026-08-20T14:23:13.912425+00:00
MAXPAIP21611V012021,Non-Archived,2020-2021,Max Bupa Health Insurance Co. Ltd,"Saral Suraksha Bima, Max Bupa Health Insurance Co. Ltd",31-03-2021,New,https://irdai.gov.in/documents/37343/931203/MAXPAIP21611V012021_2020-2021.pdf/c6e45630-2e0a-066a-92a8-b1b3d1f01ae6?version=1.1&t=1668594470650&download=true,MAXPAIP21611V012021_2020-2021.pdf,2026-08-20T14:23:13.912425+00:00
MAXHLIP21575V012021,Non-Archived,2020-2021,Max Bupa Health Insurance Co. Ltd,Senior First,26-03-2021,New,https://irdai.gov.in/documents/37343/931203/MAXHLIP21575V012021_2020-2021.pdf/af129288-9d01-c04b-8c1f-85806a50aeab?version=1.1&t=1668594368083&download=true,MAXHLIP21575V012021_2020-2021.pdf,2026-08-20T14:23:13.912425+00:00
MAXHLGP21223V01202,Non-Archived,2020-2021,Max Bupa Health Insurance Co. Ltd,Smart Health,09-04-2020,Retail,https://irdai.gov.in/documents/37343/931203/MAXHLGP21223V01202_2020-2021.pdf/969774ae-9e95-bf04-a033-bf2dc8f4b178?version=1.1&t=1668594590651&download=true,MAXHLGP21223V01202_2020-2021.pdf,2026-08-20T14:23:13.912425+00:00
MAXHLGP21228V012021,Non-Archived,2020-2021,Max Bupa Health Insurance Co. Ltd,Xpress Health,09-07-2020,Group,https://irdai.gov.in/documents/37343/931203/MAXHLGP21228V012021_2020-2021.pdf/8bd35969-fb7e-992f-1413-f94245036312?version=1.1&t=1668594667905&download=true,MAXHLGP21228V012021_2020-2021.pdf,2026-08-20T14:23:13.912425+00:00
IRDA/NL-HLT/MBHI/P-H/V.II/2/14-15,Non-Archived,2014-2015,Max Bupa Health Insurance Co. Ltd.,Health Companion Health Insurance Plan,12-04-2014,,https://irdai.gov.in/documents/37343/931203/Health+Companion+Health+Insurance+Plan_2014-2015.pdf/562a1171-6386-7f76-002f-cccd12824ea4?version=1.1&t=1668239813771&download=true,Health Companion Health Insurance Plan_2014-2015.pdf,2026-08-20T14:23:13.912425+00:00
MAXHLGP22046V012122,Non-Archived,2021-2022,Max Bupa Health Insurance Co. Ltd.,Quick Health,10-06-2021,Group,https://irdai.gov.in/documents/37343/931203/MAXHLGP22046V012122_HEALTH2028.pdf/bec97f96-6abe-f735-96af-df2e437b2e3d?version=1.1&t=1668849604116&download=true,MAXHLGP22046V012122_HEALTH2028.pdf,2026-08-20T14:23:13.912425+00:00
IRDA/NL-HLT/MBHI/P-H/V.I/14/14-15,Non-Archived,2014-2015,Max Bupa Health Insurance Co. Ltd.,Swasth Pariwar Health insurance Product,20-06-2014,,https://irdai.gov.in/documents/37343/931203/Swasth+Parivar+Health+Insurance+Product_2014-2015.pdf/cde4be0f-6357-f33d-59ae-df71e6bf7aed?version=1.1&t=1668239722413&download=true,Swasth Parivar Health Insurance Product_2014-2015.pdf,2026-08-20T14:23:13.912425+00:00
IRDA/NL-HLT/MBHIO/P-H/V.I/16/add-on(CF) 13-14,Non-Archived,2013-2014,Max Bupa Health Insurance Company Limited,Coporate Floater,10-02-2014,,https://irdai.gov.in/documents/37343/931203/Corporate+Floater_2013-2014.pdf/14fa3ad5-77da-d5bb-52d2-931cdbc4c0c3?version=1.1&t=1668237624768&download=true,Corporate Floater_2013-2014.pdf,2026-08-20T14:23:13.912425+00:00
IRDA/NL-HLT/MBHIO/P-H/V.I/16/add-on(DH) 13-14,Non-Archived,2013-2014,Max Bupa Health Insurance Company Limited,Domiciliary Hospitalisation,10-02-2014,,https://irdai.gov.in/documents/37343/931203/Domiciliary+Hospitalization_2013-2014.pdf/7747c7ab-f679-8a9b-79cd-0dbfc9e338d3?version=1.1&t=1668237543557&download=true,Domiciliary Hospitalization_2013-2014.pdf,2026-08-20T14:23:13.912425+00:00
IRDA/NL-HLT/MBHI/P-H/V.I/38/13-14,Non-Archived,2013-2014,Max Bupa Health Insurance Company Limited,Empolyee First Health Insurance Plan,27-05-2013,,https://irdai.gov.in/documents/37343/931203/Empolyee+First+Health+Insurance+Plan_2013-2014.pdf/bb5bdb5c-d1fd-4548-3ffe-b1afb0c85b30?version=1.1&t=1668237333489&download=true,Empolyee First Health Insurance Plan_2013-2014.pdf,2026-08-20T14:23:13.912425+00:00
IRDA/NL-HLT/MBHI/P-H/V.I/16/13-14,Non-Archived,2013-2014,Max Bupa Health Insurance Company Limited,Group Health Insurance,19-11-2013,,https://irdai.gov.in/documents/37343/931203/Group+Health+Insurance_2013-11-19.pdf/6bd06bd1-8c89-a81c-37eb-eba028e59ddb?version=1.1&t=1668237228269&download=true,Group Health Insurance_2013-11-19.pdf,2026-08-20T14:23:13.912425+00:00
IRDA/NL-HLT/MBHI/P-P/V.I/13/13-14,Non-Archived,2013-2014,Max Bupa Health Insurance Company Limited,Group Personal Accident,30-04-2013,,https://irdai.gov.in/documents/37343/931203/Group+Personal+Accident_2013-04-30.pdf/b1164524-bd47-df71-91cc-f2196cbbe369?version=1.1&t=1668237148607&download=true,Group Personal Accident_2013-04-30.pdf,2026-08-20T14:23:13.912425+00:00
IRDA/NL-HLT/MBHI/P-H/V.I/175/13-14,Non-Archived,2013-2014,Max Bupa Health Insurance Company Limited,Health Assurance,14-08-2013,,https://irdai.gov.in/documents/37343/931203/Health+Assurance_2013-2014.pdf/89fd8eb1-db4d-3618-f216-e24cbd823289?version=1.1&t=1668237460892&download=true,Health Assurance_2013-2014.pdf,2026-08-20T14:23:13.912425+00:00
IRDA/NL-HLT/MBHI/P-H/V.I/127/13-14,Non-Archived,2013-2014,Max Bupa Health Insurance Company Limited,Health Companion Health Insurance Plan,16-08-2013,,https://irdai.gov.in/documents/37343/931203/Health+Companion+Health+Insurance+Plan_2013-2014.pdf/013cdd27-26a5-d2c5-fd77-5a6ecfd2d210?version=1.1&t=1668237412013&download=true,Health Companion Health Insurance Plan_2013-2014.pdf,2026-08-20T14:23:13.912425+00:00
IRDA/NL-HLT/MBHI/P-H/V.II/19/13-14,Non-Archived,2013-2014,Max Bupa Health Insurance Company Limited,Heartbeat Health Insurance Plan,07-03-2014,,https://irdai.gov.in/documents/37343/931203/Heartbeat+Health+Insurance+Plan_2013-2014.pdf/3f38cf1f-1f38-3954-1028-b2b6f189b4d3?version=1.1&t=1668237275147&download=true,Heartbeat Health Insurance Plan_2013-2014.pdf,2026-08-20T14:23:13.912425+00:00
IRDA/NL-HLT/MBHIO/P-H/V.I/16/add-on(MB) 13-14,Non-Archived,2013-2014,Max Bupa Health Insurance Company Limited,Maternity Benefit,10-02-2014,,https://irdai.gov.in/documents/37343/931203/Maternity+Benefit_2013-2014.pdf/03dfe23d-38ff-5549-599c-70ffaf052b9d?version=1.1&t=1668237672358&download=true,Maternity Benefit_2013-2014.pdf,2026-08-20T14:23:13.912425+00:00
IRDA/NL-HLT/MBHI/P-H/V.I/60/13-14,Non-Archived,2013-2014,Max Bupa Health Insurance Company Limited,Swasthya Pratham Micro Insurance,25-06-2013,,https://irdai.gov.in/documents/37343/931203/Swasthya+Pratham+Micro+Insurance_2013-2014.pdf/da6c80d2-79e7-ba78-fd3b-3ff5d659e75f?version=1.1&t=1668237369397&download=true,Swasthya Pratham Micro Insurance_2013-2014.pdf,2026-08-20T14:23:13.912425+00:00
MAXHLIO21060V012021,Non-Archived,2020-2021,Max Bupa Health InsuranceCo.Ltd,ReAssure,26-06-2020,Revision,https://irdai.gov.in/documents/37343/931203/MAXHLIO21060V012021_2020-2021.pdf/b68411bc-9b93-d6f1-6011-1d5f08024e2e?version=1.1&t=1668597170003&download=true,MAXHLIO21060V012021_2020-2021.pdf,2026-08-20T14:23:13.912425+00:00
MAXHLIP20017V011920,Non-Archived,2019-2020,Max Bupa Health insurancE Co.Ltd,Max Bupa Health Pulse,30-04-2019,New,https://irdai.gov.in/documents/37343/931203/MAXHLIP20017V011920_2019-2020.pdf/0c96cfd9-c82f-2488-5434-3f26270f4453?version=1.1&t=1668575376499&download=true,MAXHLIP20017V011920_2019-2020.pdf,2026-08-20T14:23:13.912425+00:00
MAXHLIP20056V011920,Non-Archived,2019-2020,Max Bupa Health insurance Co. Ltd,Health Premia,09-09-2019,New,https://irdai.gov.in/documents/37343/931203/MAXHLIP20056V011920_2019-2020.pdf/fd1dd535-c812-1d59-2fae-bbcb4cab0a75?version=1.1&t=1668575425545&download=true,MAXHLIP20056V011920_2019-2020.pdf,2026-08-20T14:23:13.912425+00:00
MAXHLIP20065V051920,Non-Archived,2019-2020,Max Bupa Health insurance Co. Ltd,Heart Beat,30-09-2019,Revision,https://irdai.gov.in/documents/37343/931203/MAXHLIP20065V051920_2019-2020.pdf/eceb7317-a410-cdd7-57cf-a1d4e1bd904f?version=1.1&t=1668575479180&download=true,MAXHLIP20065V051920_2019-2020.pdf,2026-08-20T14:23:13.912425+00:00
NICHLIP19010V011920,Non-Archived,2019-2020,National Insurance Co,National Senior Citizen Mediclaim Policy,16-04-2019,New,https://irdai.gov.in/documents/37343/931203/NICHLIP19010V011920_2019-2020.pdf/54a3f195-9079-d022-fe31-6fb2037ddff5?version=1.1&t=1668575523152&download=true,NICHLIP19010V011920_2019-2020.pdf,2026-08-20T14:23:13.912425+00:00
NICHLIP19032V011819,Non-Archived,2018-2019,National Insurance Co,National Super Topup Mediclaim Policy,01-04-2021,Retail,https://irdai.gov.in/documents/37343/931203/NICHLIP19032V011819_2018-2019.pdf/f33f305d-a45f-5bf3-4559-2a851ec48745?version=1.1&t=1668507727665&download=true,NICHLIP19032V011819_2018-2019.pdf,2026-08-20T14:23:13.912425+00:00
NICPAIP20094V021920,Non-Archived,2019-2020,National Insurance Co Ltd,National Hero Accident Suraksha Policy,17-12-2019,Revision,https://irdai.gov.in/documents/37343/931203/NICPAIP20094V021920_2019-2020.pdf/cf190fed-211b-45a8-ca47-03928642febe?version=1.1&t=1668575609478&download=true,NICPAIP20094V021920_2019-2020.pdf,2026-08-20T14:23:13.912425+00:00
NICHLIP19042V021920,Non-Archived,2019-2020,National Insurance Co Ltd,National Super Top Up Mediclaim Policy,30-07-2019,New,https://irdai.gov.in/documents/37343/931203/NICHLIP19042V021920_2019-2020.pdf/4f7bfa7d-f03e-2eff-9eca-809813e47c5f?version=1.1&t=1668575568214&download=true,NICHLIP19042V021920_2019-2020.pdf,2026-08-20T14:23:13.912425+00:00
NlCHLIP18086V011718,Non-Archived,2017-2018,National Insurance Co ltd,National Critical Illness Policy,30-11-2017,,https://irdai.gov.in/documents/37343/931203/NIC_NationalCriticalIllnessPolicy_2017-2018.pdf/ea59fad8-3e4d-f02c-b364-41bd503a25de?version=1.1&t=1668426072422&download=true,NIC_NationalCriticalIllnessPolicy_2017-2018.pdf,2026-08-20T14:23:13.912425+00:00
70/ IRDAI/HLT/NIA/SSS-GOVT SCHEME/V.I/16.17,Non-Archived,2016-2017,National Insurance Co ltd,Swasthya Sathi (Health lnsurance Scheme by Government of West Bengal),21-03-2017,Group,https://irdai.gov.in/documents/37343/931203/NIC_SwasthyaSathi%28HealthInsuranceSchemebyGovtofWB%29_2016-2017.pdf/7181c1b1-1e18-1419-6965-23f9c83bd32c?version=1.1&t=1668419414269&download=true,NIC_SwasthyaSathi(HealthInsuranceSchemebyGovtofWB)_2016-2017.pdf,2026-08-20T14:23:13.912425+00:00
NICHLIP20174V011920,Non-Archived,2019-2020,National Insurance Co. Ltd,"Arogya Sanjeevani Policy, National",31-03-2020,New,https://irdai.gov.in/documents/37343/931203/NICHLIP20174V011920_2019-2020.pdf/1d69bb6f-292b-c785-fa7a-f4f01784e002?version=1.1&t=1668575655702&download=true,NICHLIP20174V011920_2019-2020.pdf,2026-08-20T14:23:13.912425+00:00
NICHLIP21091V012021,Non-Archived,2020-2021,National Insurance Co. Ltd,"Corona Kavach Policy, National",07-05-2020,New,https://irdai.gov.in/documents/37343/931203/NICHLIP21091V012021_2020-2021.pdf/8bc6aec7-6026-6037-5996-5b0d23c2af59?version=1.1&t=1668153107312&download=true,NICHLIP21091V012021_2020-2021.pdf,2026-08-20T14:23:13.912425+00:00
NICPAGP21637V012021,Non-Archived,2020-2021,National Insurance Co. Ltd,Group Saral Sureksha Bima - National,24-02-2021,New,https://irdai.gov.in/documents/37343/931203/NICPAGP21637V012021_2020-2021.pdf/62258d82-b2ef-b976-31cc-4f410f860f60?version=1.3&t=1668663064324&download=true,NICPAGP21637V012021_2020-2021.pdf,2026-08-20T14:23:13.912425+00:00
NICHLIP21049V032021,Non-Archived,2020-2021,National Insurance Co. Ltd,National Mediclaim Policy,06-05-2020,Revision,https://irdai.gov.in/documents/37343/931203/NICHLIP21049V032021_2020-2021.pdf/e25e5c70-844d-c6b7-088d-e1ce3261de34?version=1.1&t=1668662960253&download=true,NICHLIP21049V032021_2020-2021.pdf,2026-08-20T14:23:13.912425+00:00
NICPAIP21636V012021,Non-Archived,2020-2021,National Insurance Co. Ltd,Saral Sureksha Bima – National,31-03-2021,New,https://irdai.gov.in/documents/37343/931203/NICPAIP21636V012021_2020-2021.pdf/d4bbd93c-5e7d-2046-c355-06d659ba6e09?version=1.3&t=1668663096132&download=true,NICPAIP21636V012021_2020-2021.pdf,2026-08-20T14:23:13.912425+00:00
NICHLIP21593V042021,Non-Archived,2020-2021,National Insurance Co. Ltd,Universal Health Insurance Policy,31-03-2021,Revision,https://irdai.gov.in/documents/37343/931203/NICHLIP21593V042021_2020-2021.pdf/c05db3f1-14f9-b2db-c890-cf7f6afd7fe2?version=1.3&t=1668663023994&download=true,NICHLIP21593V042021_2020-2021.pdf,2026-08-20T14:23:13.912425+00:00
NICHLIP22045V012122,Non-Archived,2021-2022,National Insurance Co. Ltd.,BoB National Health Policy,09-06-2021,New,https://irdai.gov.in/documents/37343/931203/NICHLIP22045V012122_HEALTH2043.pdf/b289760a-267a-2aeb-02b6-71e1d1468e3f?version=1.1&t=1668768608587&download=true,NICHLIP22045V012122_HEALTH2043.pdf,2026-08-20T14:23:13.912425+00:00
NICHLGP21141V012021,Non-Archived,2020-2021,National Insurance Co. Ltd.,Group Corona Kavach Policy-National,08-11-2020,New,https://irdai.gov.in/documents/37343/931203/NICHLGP21141V012021_2020-2021.pdf/eaddad88-712b-cdf1-a76e-ea3a4dd15d5b?version=1.3&t=1668663132130&download=true,NICHLGP21141V012021_2020-2021.pdf,2026-08-20T14:23:13.912425+00:00
NICHLGP21171V042021,Non-Archived,2020-2021,National Insurance Co. Ltd.,National Group Mediclaim Policy,26-08-2020,Group,https://irdai.gov.in/documents/37343/931203/NICHLGP21171V042021_2020-2021.pdf/6385d3b5-6a88-a5d4-39e7-0340eb27b0f8?version=1.3&t=1668663221077&download=true,NICHLGP21171V042021_2020-2021.pdf,2026-08-20T14:23:13.912425+00:00
NICHLIA22233V012122,Non-Archived,2021-2022,National Insurance Co. Ltd.,National Home care treatment add-on,29-03-2022,Add On,https://irdai.gov.in/documents/37343/931203/NICHLIA22233V012122.pdf/e7e885a3-d639-d271-e674-e0d9a4e15de6?version=1.1&t=1668851897007&download=true,NICHLIA22233V012122.pdf,2026-08-20T14:23:13.912425+00:00
NICHLIP21150V022021,Non-Archived,2020-2021,National Insurance Co. Ltd.,National Mediclaim Plus Policy,30-09-2020,Revision,https://irdai.gov.in/documents/37343/931203/NICHLIP21150V022021_2020-2021.pdf/dd933acb-2bd9-a547-4cb6-221e8441e401?version=1.2&t=1668663602119&download=true,NICHLIP21150V022021_2020-2021.pdf,2026-08-20T14:23:13.912425+00:00
IRDA/NL-HLT/NI/P-H/V.I/463/13-14,Non-Archived,2014-2015,National Insurance Co. Ltd.,National Mediclaim Plus Policy,24-07-2014,,https://irdai.gov.in/documents/37343/931203/National+Mediclaim+PLus+Policy_2014-2015.pdf/b4ae2e0d-7944-793a-d296-a11c4f35d176?version=1.1&t=1668239664151&download=true,National Mediclaim PLus Policy_2014-2015.pdf,2026-08-20T14:23:13.912425+00:00
NICHLIP21166V042021,Non-Archived,2020-2021,National Insurance Co. Ltd.,National Mediclaim Policy,24-06-2020,Revision,https://irdai.gov.in/documents/37343/931203/NICHLIP21166V042021_2020-2021.pdf/11efffcc-a037-8819-2d2a-dc210ddac550?version=1.1&t=1668663754897&download=true,NICHLIP21166V042021_2020-2021.pdf,2026-08-20T14:23:13.912425+00:00
NICHLIP21151V022021,Non-Archived,2020-2021,National Insurance Co. Ltd.,National Parivar Mediclaim Plus Policy,18-06-2020,Revision,https://irdai.gov.in/documents/37343/931203/NICHLIP21151V022021_2020-2021.pdf/094d6d0e-14d7-a433-fb27-7531dfdf30fe?version=1.2&t=1668663673221&download=true,NICHLIP21151V022021_2020-2021.pdf,2026-08-20T14:23:13.912425+00:00
NICHLIP21219V022021,Non-Archived,2020-2021,National Insurance Co. Ltd.,National Parivar Mediclaim Policy,09-03-2020,Revision,https://irdai.gov.in/documents/37343/931203/NICHLIP21219V022021_2020-2021.pdf/d3e6993e-ca90-adc0-5697-7511d657d723?version=1.1&t=1668663924531&download=true,NICHLIP21219V022021_2020-2021.pdf,2026-08-20T14:23:13.912425+00:00
NICHLIP21083V022021,Non-Archived,2020-2021,National Insurance Co. Ltd.,National Senior Citizen Mediclaim Policy,07-09-2020,Revision,https://irdai.gov.in/documents/37343/931203/NICHLIP21083V022021_2020-2021.pdf/5b930ff3-569a-b0e4-327b-e8b8af8d0469?version=1.3&t=1668663346319&download=true,NICHLIP21083V022021_2020-2021.pdf,2026-08-20T14:23:13.912425+00:00
NICHLIP21086V022021,Non-Archived,2020-2021,National Insurance Co. Ltd.,National Super Top Up Mediclaim Policy,07-09-2020,Revision,https://irdai.gov.in/documents/37343/931203/NICHLIP21086V022021_2020-2021.pdf/fe879669-c6d0-7362-993e-1c750acc9acf?version=1.3&t=1668663470733&download=true,NICHLIP21086V022021_2020-2021.pdf,2026-08-20T14:23:13.912425+00:00
NICHLIP21167V032021,Non-Archived,2020-2021,National Insurance Co. Ltd.,National Super Top Up Mediclaim Policy,24-06-2020,Revision,https://irdai.gov.in/documents/37343/931203/NICHLIP21167V032021_2020-2021.pdf/c8ab63ab-0f5b-de22-97cb-3ba81eda8e4e?version=1.1&t=1668663842936&download=true,NICHLIP21167V032021_2020-2021.pdf,2026-08-20T14:23:13.912425+00:00
NICHLIP21528V032021,Non-Archived,2020-2021,National Insurance Co. Ltd.,Universal Health Insurance Policy,30-09-2020,Revision,https://irdai.gov.in/documents/37343/931203/NICHLIP21528V032021_2020-2021.pdf/6340f51d-98a7-375b-9b24-1a0b07896a3b?version=1.1&t=1668664030957&download=true,NICHLIP21528V032021_2020-2021.pdf,2026-08-20T14:23:13.912425+00:00
NICHLIP21113V032021,Non-Archived,2020-2021,National Insurance Co. Ltd.,Vidyarthi Mediclaim for Students,13-07-2020,Revision,https://irdai.gov.in/documents/37343/931203/NICHLIP21113V032021i_2020-2021.pdf/753e6426-f0b8-bb40-0ac1-2728168ad0b5?version=1.2&t=1668663545858&download=true,NICHLIP21113V032021i_2020-2021.pdf,2026-08-20T14:23:13.912425+00:00
IRDA/NL-HLT/NI/P-H/V.1/372/13-14,Non-Archived,2013-2014,National Insurance Company Limited,Amartya Siksha Yojana Insurance Policy,30-01-2014,,https://irdai.gov.in/documents/37343/931203/Amartya+Siksha+Yojana+Insurance+Policy_2013-2014.pdf/13bd28d8-d511-3199-afc0-6038f86afa6e?version=1.1&t=1668238913379&download=true,Amartya Siksha Yojana Insurance Policy_2013-2014.pdf,2026-08-20T14:23:13.912425+00:00
IRDA/NL-HLT/NI/P-P/V.II/432/13-14,Non-Archived,2013-2014,National Insurance Company Limited,Aviation Personal Accident(Crew Members) Policy - Group,30-01-2014,,https://irdai.gov.in/documents/37343/931203/Aviation+Personal+Accident+%28Crew+Members%29+Policy+-+Group_2013-2014.pdf/07e2a63b-a456-267a-2ec0-7cd276bd5234?version=1.1&t=1668315634639&download=true,Aviation Personal Accident (Crew Members) Policy - Group_2013-2014.pdf,2026-08-20T14:23:13.912425+00:00
IRDA/NL-HLT/NI/P-P/V.II/431/13-14,Non-Archived,2013-2014,National Insurance Company Limited,Aviation Personal Accident(Crew Members) Policy - Individual,30-01-2014,,https://irdai.gov.in/documents/37343/931203/Aviation+Personal+Accident+%28Crew+Members%29+Policy-+Individual_2013-2014.pdf/a0d80d79-c978-5045-44c3-0bf7a8fe697f?version=1.1&t=1668315579202&download=true,Aviation Personal Accident (Crew Members) Policy- Individual_2013-2014.pdf,2026-08-20T14:23:13.912425+00:00
IRDA/NL-HLT/NI/P-H/V.I/298/13-14,Non-Archived,2013-2014,National Insurance Company Limited,BOI National Swasthya Bima Policy,30-09-2013,,https://irdai.gov.in/documents/37343/931203/BOI+National+Swasthya+Bima+Policy_2013-2014.pdf/3b017b6d-96c3-6b9c-5558-2b241e269763?version=1.1&t=1668238614655&download=true,BOI National Swasthya Bima Policy_2013-2014.pdf,2026-08-20T14:23:13.912425+00:00
IRDA/NL-HLT/NI/P-H/V.I/297/13-14,Non-Archived,2013-2014,National Insurance Company Limited,Baroda Health Policy,30-09-2013,,https://irdai.gov.in/documents/37343/931203/Baroda+Health+Policy+_2013-2014.pdf/dffde801-da1b-ea5b-42a6-c88501e670dd?version=1.1&t=1668238572665&download=true,Baroda Health Policy _2013-2014.pdf,2026-08-20T14:23:13.912425+00:00
IRDA/NL-HLT/NI/P-H/V.II/428/13-14,Non-Archived,2013-2014,National Insurance Company Limited,Bhagyashree Child Welfare Policy,30-01-2014,,https://irdai.gov.in/documents/37343/931203/Bhagyashree+Child+Welfare+Policy_2013-2014.pdf/9b8debe1-18b3-c665-9da6-9e193921ee23?version=1.1&t=1668315432887&download=true,Bhagyashree Child Welfare Policy_2013-2014.pdf,2026-08-20T14:23:13.912425+00:00
IRDA/NL-HLT/NI/P-H(C)/V.I/296/13-14,Non-Archived,2013-2014,National Insurance Company Limited,Critical Illness Insurance Policy,30-09-2013,,https://irdai.gov.in/documents/37343/931203/Critical+Illness+Insurance+Policy_2013-2014.pdf/0a1c5e4c-dc40-2954-87a2-554e44a92529?version=1.1&t=1668237909094&download=true,Critical Illness Insurance Policy_2013-2014.pdf,2026-08-20T14:23:13.912425+00:00
IRDA/NL-HLT/NI/P-H/V.I/425/13-14,Non-Archived,2013-2014,National Insurance Company Limited,Group Mediclaim Insurnace Policy,08-01-2014,,https://irdai.gov.in/documents/37343/931203/Group+Mediclaim+Insurance+Policy_2014-01-08.pdf/fae0629a-289e-1680-4cec-ccb1c91d9983?version=1.1&t=1668315764342&download=true,Group Mediclaim Insurance Policy_2014-01-08.pdf,2026-08-20T14:23:13.912425+00:00
IRDA/NL-HLT/NI/P-P/V.II/430/13-14,Non-Archived,2013-2014,National Insurance Company Limited,Janata Personal Accident Policy,30-01-2014,,https://irdai.gov.in/documents/37343/931203/Janata+Personal+Accident+Policy_2014-01-30.pdf/825fc793-2307-d970-6fe5-a383a4a5e0db?version=1.1&t=1668315525994&download=true,Janata Personal Accident Policy_2014-01-30.pdf,2026-08-20T14:23:13.912425+00:00
IRDA/NL-HLT/NI/P-P/V.II/429/13-14,Non-Archived,2013-2014,National Insurance Company Limited,NRI Accident Insurance Policy,30-01-2014,,https://irdai.gov.in/documents/37343/931203/NRI+Accident+Insurance+Policy_2013-2014.pdf/4cb7369c-55be-b90d-8093-b84cf9c122a1?version=1.1&t=1668315482123&download=true,NRI Accident Insurance Policy_2013-2014.pdf,2026-08-20T14:23:13.912425+00:00
IRDA/NL-HLT/NI/P-H/V.I/476/13-14,Non-Archived,2013-2014,National Insurance Company Limited,Naini National Health Mediclaim Insurance Policy,11-03-2014,,https://irdai.gov.in/documents/37343/931203/Naini+National+Health+Mediclaim+Policy_2013-2014.pdf/f2891c04-af8f-5660-8015-19d7686ced99?version=1.1&t=1668315814299&download=true,Naini National Health Mediclaim Policy_2013-2014.pdf,2026-08-20T14:23:13.912425+00:00
IRDA/NL-HLT/NI/P-H/V.I/17/13-14,Non-Archived,2013-2014,National Insurance Company Limited,National Mediclaim Policy,30-04-2013,,https://irdai.gov.in/documents/37343/931203/National+Mediclaim+Policy_2013-2014.pdf/53a0309b-fdbe-951e-d54a-a8e8cf95afcc?version=1.1&t=1668237708657&download=true,National Mediclaim Policy_2013-2014.pdf,2026-08-20T14:23:13.912425+00:00
IRDA/NL-HLT/NI/P-H/V.I/417/13-14,Non-Archived,2013-2014,National Insurance Company Limited,Overseas Mediclaim Insurance Policy (Business& Holiday),26-02-2014,,https://irdai.gov.in/documents/37343/931203/Overseas+Mediclaim+Insurance+Policy+%28BH%29_2013-2014.pdf/6cb76ed3-a412-fb63-d3ef-ab519923e8b6?version=1.1&t=1668315975944&download=true,Overseas Mediclaim Insurance Policy (BH)_2013-2014.pdf,2026-08-20T14:23:13.912425+00:00
IRDA/NL-HLT/NI/P-H/V.I/293/13-14,Non-Archived,2013-2014,National Insurance Company Limited,Parivar Mediclaim for Family,30-09-2013,,https://irdai.gov.in/documents/37343/931203/Parivar+Mediclaim+for+Family_2013-2014.pdf/f2656d53-6372-4fff-eb37-dd89afeca823?version=1.1&t=1668237759119&download=true,Parivar Mediclaim for Family_2013-2014.pdf,2026-08-20T14:23:13.912425+00:00
IRDA/NL-HLT/NI/P-P/V.1/367/13-14,Non-Archived,2013-2014,National Insurance Company Limited,Personal Accident Insurance (Group) Policy,30-01-2014,,https://irdai.gov.in/documents/37343/931203/Personal+Accident+Insurance+%28Group%29+Policy_2013-2014.pdf/9747822d-5866-47bf-b0dd-be7fce36813f?version=1.1&t=1668238877678&download=true,Personal Accident Insurance (Group) Policy_2013-2014.pdf,2026-08-20T14:23:13.912425+00:00
IRDA/NL-HLT/NI/P-P/V.1/366/13-14,Non-Archived,2013-2014,National Insurance Company Limited,Personal Accident Insurance (individual) Policy,30-01-2014,,https://irdai.gov.in/documents/37343/931203/Personal+Accident+Insurance+%28Individual%29+Policy_2013-2014.pdf/651e2997-e767-c15c-bb43-6eb3d613cad4?version=1.1&t=1668238803535&download=true,Personal Accident Insurance (Individual) Policy_2013-2014.pdf,2026-08-20T14:23:13.912425+00:00
IRDA/NL-HLT/NI/P-P/V.II/433/13-14,Non-Archived,2013-2014,National Insurance Company Limited,Personal Accident Policy (for School Children),30-01-2014,,https://irdai.gov.in/documents/37343/931203/Personal+Accident+Policy+%28for+School+Children%29_2013-2014.pdf/83a261f7-d6f1-8627-b0a0-862eb20d9985?version=1.1&t=1668315703304&download=true,Personal Accident Policy (for School Children)_2013-2014.pdf,2026-08-20T14:23:13.912425+00:00
IRDA/NL-HLT/NI/P-H/V.I/418/13-14,Non-Archived,2013-2014,National Insurance Company Limited,Pravasi Bhartiya Bima Yojana Policy,16-12-2013,,https://irdai.gov.in/documents/37343/931203/Pravasi+Bhartiya+Bima+Yojana+Policy_2013-2014.pdf/a0bd16ba-b280-1555-f708-cd98f6e3a24b?version=1.1&t=1668238731476&download=true,Pravasi Bhartiya Bima Yojana Policy_2013-2014.pdf,2026-08-20T14:23:13.912425+00:00
IRDA/NL-HLT/NI/P-H/V.II/427/13-14,Non-Archived,2013-2014,National Insurance Company Limited,Rajrajeshwari Mahila Kalyan Bima Yojana,30-01-2014,,https://irdai.gov.in/documents/37343/931203/Rajrajeshwari+Mahila+Kalyan+Bima+Yojana+Policy_2013-2014.pdf/70f63a84-19c6-43f7-59ba-edaa1eefa23a?version=1.1&t=1668315386494&download=true,Rajrajeshwari Mahila Kalyan Bima Yojana Policy_2013-2014.pdf,2026-08-20T14:23:13.912425+00:00
IRDA/NL-HLT/NI/P-H/V.1/364/13-14,Non-Archived,2013-2014,National Insurance Company Limited,Rashtriya Swasthya Bima Yojana,26-02-2014,,https://irdai.gov.in/documents/37343/931203/Rashtriya+Swasthya+Bima+Yojana_2014-02-26.pdf/46c56bb9-24e5-58de-6b2b-744310f3e9db?version=1.1&t=1668238763554&download=true,Rashtriya Swasthya Bima Yojana_2014-02-26.pdf,2026-08-20T14:23:13.912425+00:00
IRDA/NL-HLT/NI/P-P/V.II/426/13-14,Non-Archived,2013-2014,National Insurance Company Limited,Students Accident (Welfare) Policy,26-02-2014,,https://irdai.gov.in/documents/37343/931203/Student+Accident+%28Welfare%29+Policy_2013-2014.pdf/c5eafe43-6b0c-2c29-9a45-ae4c2a66c80c?version=1.1&t=1668315353710&download=true,Student Accident (Welfare) Policy_2013-2014.pdf,2026-08-20T14:23:13.912425+00:00
IRDA/NL-HLT/NI/P-T/V.1/373/13-14,Non-Archived,2013-2014,National Insurance Company Limited,Suhana Safar ( Domestic Travellers Insurance) Policy,30-01-2014,,https://irdai.gov.in/documents/37343/931203/Suhana+Safar+%28Domestic+Travellers+Insurance%29+Policy_2013-2014.pdf/f0cc5b28-f5c9-2483-eb0d-6aed241ec536?version=1.1&t=1668315200879&download=true,Suhana Safar (Domestic Travellers Insurance) Policy_2013-2014.pdf,2026-08-20T14:23:13.912425+00:00
IRDA/NL-HLT/NI/P-P/V.1/375/13-14,Non-Archived,2013-2014,National Insurance Company Limited,Traffic Accident Policy,30-01-2014,,https://irdai.gov.in/documents/37343/931203/Traffic+Accident+Policy_2013-2014.pdf/b21f5a59-ba8d-40d8-af0b-41d7f02a71a3?version=1.1&t=1668315232183&download=true,Traffic Accident Policy_2013-2014.pdf,2026-08-20T14:23:13.912425+00:00
IRDA/NL-HLT/NI/P-H/V.I/416/13-14,Non-Archived,2013-2014,National Insurance Company Limited,Universal Health Insurance Policy,12-12-2013,,https://irdai.gov.in/documents/37343/931203/Universal+Health+Insurance+Policy_2013-2014.pdf/aaa43a65-81dd-80fa-d3d8-c49035ebd5f5?version=1.1&t=1668238698862&download=true,Universal Health Insurance Policy_2013-2014.pdf,2026-08-20T14:23:13.912425+00:00
IRDA/NL-HLT/NI/P-H/V.I/294/13-14,Non-Archived,2013-2014,National Insurance Company Limited,Varistha Mediclaim for Senior Citizens,30-09-2013,,https://irdai.gov.in/documents/37343/931203/VARISTHA+Mediclaim+for+Senior+Citizens+Policy_2013-2014.pdf/f2c6b93d-edd1-bda4-7a9f-ab0d34bbdc9b?version=1.1&t=1668237796169&download=true,VARISTHA Mediclaim for Senior Citizens Policy_2013-2014.pdf,2026-08-20T14:23:13.912425+00:00
IRDA/NL-HLT/NI/P-H/V.I/295/13-14,Non-Archived,2013-2014,National Insurance Company Limited,Vidyarthi Mediclaim for Student,30-09-2013,,https://irdai.gov.in/documents/37343/931203/Vidyarthi+Mediclaim+for+Student_2013-2014.pdf/263a44ec-9444-9155-8fc7-66ac0fab4bfb?version=1.1&t=1668237860215&download=true,Vidyarthi Mediclaim for Student_2013-2014.pdf,2026-08-20T14:23:13.912425+00:00
IRDA/NL-HLT/NI/P-P/V.1/376/13-14,Non-Archived,2013-2014,National Insurance Company Limited,Workers ( Accident) welfare Policy,30-01-2014,,https://irdai.gov.in/documents/37343/931203/Workers+%28Accident%29+Welfare+Policy_2013-2014.pdf/80d6dc8b-9502-2ba4-e83c-38fef26775cc?version=1.1&t=1668315279399&download=true,Workers (Accident) Welfare Policy_2013-2014.pdf,2026-08-20T14:23:13.912425+00:00
IRDAI/NL HLT/NI/P-P/V.I/78/14-15,Non-Archived,2015-2016,National Insurance Company Ltd,National Hero Accident Suraksha policy,24-06-2015,,https://irdai.gov.in/documents/37343/931203/NATONAL+INSURANCE+_National+Hero+Accident+Suraksha+Policy_2015-2016.pdf/cc87914c-c9d0-d1d5-73e7-45a23dde1d32?version=1.1&t=1668409165630&download=true,NATONAL INSURANCE _National Hero Accident Suraksha Policy_2015-2016.pdf,2026-08-20T14:23:13.912425+00:00
IRDAI/NL HLT/NI/P-H/V.I/62/14-15,Non-Archived,2015-2016,National Insurance Company Ltd,National Parivar Mediclaim Plus policy,24-06-2015,,https://irdai.gov.in/documents/37343/931203/NATIONAL+INSURANCE+_+National+Parivar+Mediclaim+Plus+Policy_2015-2016.pdf/61fb521f-ac52-817d-f577-a7b41c6ee65e?version=1.1&t=1668409121097&download=true,NATIONAL INSURANCE _ National Parivar Mediclaim Plus Policy_2015-2016.pdf,2026-08-20T14:23:13.912425+00:00
IRDAI/NL HLT/NI/P-H/V.I/61/14-15,Non-Archived,2015-2016,National Insurance Company Ltd,National Parivar Mediclaim policy,24-06-2015,,https://irdai.gov.in/documents/37343/931203/NATIONAL+INSURANCE+_+National+Parivar+Mediclaim+Policy_2015-2016.pdf/93b01f6c-93c6-e44e-80db-4e5d96721721?version=1.1&t=1668409067901&download=true,NATIONAL INSURANCE _ National Parivar Mediclaim Policy_2015-2016.pdf,2026-08-20T14:23:13.912425+00:00
NAVHLIP20162V011920,Non-Archived,2019-2020,Navi General Insurance Co. Ltd.,"Arogya Sanjeevani Policy, Navi General Insurance Limited",27-03-2020,New,https://irdai.gov.in/documents/37343/931203/NAVHLIP20162V011920_2019-2020.pdf/6605b273-9ea6-5797-5285-755166ea77c3?version=1.1&t=1668575693226&download=true,NAVHLIP20162V011920_2019-2020.pdf,2026-08-20T14:23:13.912425+00:00
NAVHLIP20037V012021,Non-Archived,2020-2021,Navi General Insurance Co. Ltd.,COCO CritiCare,20-05-2020,New,https://irdai.gov.in/documents/37343/931203/NAVHLIP20037V012021_2020-2021.pdf/fd1be29a-88b3-2d88-0f9c-7ab55c6366ae?version=1.1&t=1668746174006&download=true,NAVHLIP20037V012021_2020-2021.pdf,2026-08-20T14:23:13.912425+00:00
NAVHLIP19038V012021,Non-Archived,2020-2021,Navi General Insurance Co. Ltd.,COCO HospiCash,20-05-2020,New,https://irdai.gov.in/documents/37343/931203/NAVHLIP19038V012021_2020-2021.pdf/4d50bea8-dcd2-0bdf-6268-0b97ee9c4df8?version=1.1&t=1668746419407&download=true,NAVHLIP19038V012021_2020-2021.pdf,2026-08-20T14:23:13.912425+00:00
NAVHLIP20029V012021,Non-Archived,2020-2021,Navi General Insurance Co. Ltd.,COCOCure Super Top up,15-05-2020,New,https://irdai.gov.in/documents/37343/931203/NAVHLIP20029V012021_2020-2021.pdf/27709966-79a7-0114-69aa-8d41da42867c?version=1.1&t=1668746076643&download=true,NAVHLIP20029V012021_2020-2021.pdf,2026-08-20T14:23:13.912425+00:00
NAVHLIP21077V012021,Non-Archived,2020-2021,Navi General Insurance Co. Ltd.,"Corona Kavach Policy, Navi General Insurance Limited",07-10-2020,New,https://irdai.gov.in/documents/37343/931203/NAVHLIP21077V012021_2020-2021.pdf/8a9727bc-1d28-ffbd-faa9-15f5e305f967?version=1.1&t=1668153037739&download=true,NAVHLIP21077V012021_2020-2021.pdf,2026-08-20T14:23:13.912425+00:00
NAVHLIP21361V022021,Non-Archived,2020-2021,Navi General Insurance Limited,COCO CritiCare - Navi General Insurance,21-09-2020,Revision,https://irdai.gov.in/documents/37343/931203/NAVHLIP21361V022021_2020-2021.pdf/5548f63e-1ff9-4c1a-5d70-ea08a3bf1c03?version=1.1&t=1668747763872&download=true,NAVHLIP21361V022021_2020-2021.pdf,2026-08-20T14:23:13.912425+00:00
NAVHLGP21368V022021,Non-Archived,2020-2021,Navi General Insurance Limited,COCO Group Criti - Surgical Protect,21-09-2020,Revision,https://irdai.gov.in/documents/37343/931203/NAVHLGP21368V022021_2020-2021.pdf/8adc93a3-005f-f3fd-465e-8c633711d97d?version=1.1&t=1668747234669&download=true,NAVHLGP21368V022021_2020-2021.pdf,2026-08-20T14:23:13.912425+00:00
NAVHLIP21359V022021,Non-Archived,2020-2021,Navi General Insurance Limited,COCO Hospicash - Navi General Insurance,21-09-2020,Revision,https://irdai.gov.in/documents/37343/931203/NAVHLIP21359V022021_2020-2021.pdf/e6c53e3b-d9e7-4a66-f7c1-3239136968a7?version=1.1&t=1668747616101&download=true,NAVHLIP21359V022021_2020-2021.pdf,2026-08-20T14:23:13.912425+00:00
NAVHLIP21358V022021,Non-Archived,2020-2021,Navi General Insurance Limited,COCO Seasonal Byte,21-09-2020,Revision,https://irdai.gov.in/documents/37343/931203/NAVHLIP21358V022021_2020-2021.pdf/f970140a-a572-0235-c696-302276c72ca7?version=1.1&t=1668747330809&download=true,NAVHLIP21358V022021_2020-2021.pdf,2026-08-20T14:23:13.912425+00:00
NAVHLIP21369V022021,Non-Archived,2020-2021,Navi General Insurance Limited,COCOCure,21-09-2020,Revision,https://irdai.gov.in/documents/37343/931203/NAVHLIP21369V022021_2020-2021.pdf/6df67bab-8dc5-0064-b81f-62d5d564ad8d?version=1.1&t=1668747843612&download=true,NAVHLIP21369V022021_2020-2021.pdf,2026-08-20T14:23:13.912425+00:00
NAVHLIP21360V022021,Non-Archived,2020-2021,Navi General Insurance Limited,COCOCure Super Top Up - NaviGeneral Insurance,21-09-2020,Revision,https://irdai.gov.in/documents/37343/931203/NAVHLIP21360V022021_2020-2021.pdf/99ce347a-2be6-dae7-4873-01b77b99481c?version=1.1&t=1668747694972&download=true,NAVHLIP21360V022021_2020-2021.pdf,2026-08-20T14:23:13.912425+00:00
NAVPAIP21357V022021,Non-Archived,2020-2021,Navi General Insurance Limited,COCOProtect,21-09-2020,Revision,https://irdai.gov.in/documents/37343/931203/NAVPAIP21357V022021_2020-2021.pdf/79196eda-5b90-2f6c-e1e5-4e2ca2538444?version=1.1&t=1668748069955&download=true,NAVPAIP21357V022021_2020-2021.pdf,2026-08-20T14:23:13.912425+00:00
NAVHLGP21363V022021,Non-Archived,2020-2021,Navi General Insurance Limited,Group Critical Illness Insurance Policy,21-09-2020,Revision,https://irdai.gov.in/documents/37343/931203/NAVHLGP21363V022021_2020-2021.pdf/0963950c-e754-adaf-d3c3-c9260db6b32b?version=1.1&t=1668746759585&download=true,NAVHLGP21363V022021_2020-2021.pdf,2026-08-20T14:23:13.912425+00:00
NAVHLGP21362V022021,Non-Archived,2020-2021,Navi General Insurance Limited,Group Health Insurance Policy,21-09-2020,Revision,https://irdai.gov.in/documents/37343/931203/NAVHLGP21362V022021_2020-2021.pdf/1d6cc99d-59be-3ab6-7bce-86d903dd9677?version=1.1&t=1668746710080&download=true,NAVHLGP21362V022021_2020-2021.pdf,2026-08-20T14:23:13.912425+00:00
NAVHLGP21366V022021,Non-Archived,2020-2021,Navi General Insurance Limited,Group Hospicash Policy,21-09-2020,Revision,https://irdai.gov.in/documents/37343/931203/NAVHLGP21366V022021_2020-2021.pdf/8648784f-db6d-c070-d5c7-0901021a1760?version=1.1&t=1668746969658&download=true,NAVHLGP21366V022021_2020-2021.pdf,2026-08-20T14:23:13.912425+00:00
NAVPAGP21364V022021,Non-Archived,2020-2021,Navi General Insurance Limited,Group Personal Accident Insurance Policy,21-09-2020,Revision,https://irdai.gov.in/documents/37343/931203/NAVPAGP21364V022021_2020-2021.pdf/5ea29218-c39f-c122-b12d-6bf883b3d6da?version=1.1&t=1668747943671&download=true,NAVPAGP21364V022021_2020-2021.pdf,2026-08-20T14:23:13.912425+00:00
NAVHLGP21367V022021,Non-Archived,2020-2021,Navi General Insurance Limited,Group Seasonal Byte,21-09-2020,Revision,https://irdai.gov.in/documents/37343/931203/NAVHLGP21367V022021_2020-2021.pdf/af1fe16a-606a-c2b9-98e1-6079feaf625b?version=1.1&t=1668747056671&download=true,NAVHLGP21367V022021_2020-2021.pdf,2026-08-20T14:23:13.912425+00:00
NAVTGBP21365V022021,Non-Archived,2020-2021,Navi General Insurance Limited,Group Travel Insurance Policy,21-09-2020,Revision,https://irdai.gov.in/documents/37343/931203/NAVTGBP21365V022021_2020-2021.pdf/d0131f0b-cdd1-ca3b-44a0-3c5da89024fd?version=1.1&t=1668748138475&download=true,NAVTGBP21365V022021_2020-2021.pdf,2026-08-20T14:23:13.912425+00:00
NAVHLIP21105V012021,Non-Archived,2020-2021,"Navi General Insurance Limited,","Corona Rakshak Policy, Navi General Insurance Limited,",07-10-2020,Individual,https://irdai.gov.in/documents/37343/931203/NAVHLIP21105V012021_2020-2021.pdf/601c176f-4524-7534-07a0-78f3de0e403f?version=1.1&t=1668922775698&download=true,NAVHLIP21105V012021_2020-2021.pdf,2026-08-20T14:23:13.912425+00:00
NAVHLIP22006V042122,Non-Archived,2021-2022,Navi General Insurance Ltd.,Navi Cure,08-04-2021,Revision,https://irdai.gov.in/documents/37343/931203/NAVHLIP22006V042122_HEALTH2034.pdf/1eacd551-eb0a-202f-b06b-d4bdb7491b6b?version=1.1&t=1668849951580&download=true,NAVHLIP22006V042122_HEALTH2034.pdf,2026-08-20T14:23:13.912425+00:00
NAVHLIP22133V012122,Non-Archived,2021-2022,Navi General Insurance Ltd.,Navi Health,28-07-2021,Retail,https://irdai.gov.in/documents/37343/931203/NAVHLIP22133V012122_HEALTH2130.pdf/159064ee-8a78-190f-c16f-b1475dda7c8b?version=1.1&t=1668766291039&download=true,NAVHLIP22133V012122_HEALTH2130.pdf,2026-08-20T14:23:13.912425+00:00
NAVPAIP22058V032122,Non-Archived,2021-2022,Navi General Insurance Ltd.,Navi Health Accident,18-06-2021,Revision,https://irdai.gov.in/documents/37343/931203/NAVPAIP22058V032122_HEALTH2040.pdf/d844c8de-1607-c11b-b9f9-edb8889f7aeb?version=1.1&t=1668768297213&download=true,NAVPAIP22058V032122_HEALTH2040.pdf,2026-08-20T14:23:13.912425+00:00
NAVHLIP22062V032122,Non-Archived,2021-2022,Navi General Insurance Ltd.,Navi Health CritiCare,18-06-2021,Revision,https://irdai.gov.in/documents/37343/931203/NAVHLIP22062V032122_HEALTH2038.pdf/694826b5-464e-24a4-73a7-663887c67c22?version=1.1&t=1668768219536&download=true,NAVHLIP22062V032122_HEALTH2038.pdf,2026-08-20T14:23:13.912425+00:00
NAVHLGP22064V032122,Non-Archived,2021-2022,Navi General Insurance Ltd.,Navi Health Group Critical Illness Insurance,18-06-2021,Revision,https://irdai.gov.in/documents/37343/931203/NAVHLGP22064V032122_HEALTH2030.pdf/090deb95-fc5c-e211-bce5-a8ece418570f?version=1.1&t=1668849724288&download=true,NAVHLGP22064V032122_HEALTH2030.pdf,2026-08-20T14:23:13.912425+00:00
NAVHLGP22069V032122,Non-Archived,2021-2022,Navi General Insurance Ltd.,Navi Health Group Critical Surgery,18-06-2021,Revision,https://irdai.gov.in/documents/37343/931203/NAVHLGP22069V032122_HEALTH2033.pdf/267ee599-8a8f-64f9-1838-ea6da7fa380f?version=1.1&t=1668849893649&download=true,NAVHLGP22069V032122_HEALTH2033.pdf,2026-08-20T14:23:13.912425+00:00
NAVHLGP22067V032122,Non-Archived,2021-2022,Navi General Insurance Ltd.,Navi Health Group HospiCash,18-06-2021,Revision,https://irdai.gov.in/documents/37343/931203/NAVHLGP22067V032122_HEALTH2031.pdf/25fbeffe-f3c5-8080-226f-64e37857a6f6?version=1.1&t=1668849781008&download=true,NAVHLGP22067V032122_HEALTH2031.pdf,2026-08-20T14:23:13.912425+00:00
NAVHLGP22063V032122,Non-Archived,2021-2022,Navi General Insurance Ltd.,Navi Health Group Insurance,18-06-2021,Revision,https://irdai.gov.in/documents/37343/931203/NAVHLGP22063V032122_HEALTH2029.pdf/2f006ce1-7f59-684d-ef79-5fb8d933c2c2?version=1.1&t=1668849669350&download=true,NAVHLGP22063V032122_HEALTH2029.pdf,2026-08-20T14:23:13.912425+00:00
NAVPAGP22065V032122,Non-Archived,2021-2022,Navi General Insurance Ltd.,Navi Health Group Personal Accident Insurance,18-06-2021,Revision,https://irdai.gov.in/documents/37343/931203/NAVPAGP22065V032122_HEALTH2039.pdf/51831da5-4682-8962-a06d-9f2b2a118b83?version=1.1&t=1668768256842&download=true,NAVPAGP22065V032122_HEALTH2039.pdf,2026-08-20T14:23:13.912425+00:00
NAVHLGP22068V032122,Non-Archived,2021-2022,Navi General Insurance Ltd.,Navi Health Group Seasonal Byte,18-06-2021,Revision,https://irdai.gov.in/documents/37343/931203/NAVHLGP22068V032122_HEALTH2032.pdf/3b003177-e8f6-28f4-14f4-91bc4ef188ef?version=1.1&t=1668849838328&download=true,NAVHLGP22068V032122_HEALTH2032.pdf,2026-08-20T14:23:13.912425+00:00
NAVTGBP22066V032122,Non-Archived,2021-2022,Navi General Insurance Ltd.,Navi Health Group Travel Insurance,18-06-2021,Revision,https://irdai.gov.in/documents/37343/931203/NAVTGBP22066V032122_HEALTH2041.pdf/ed38d91c-8284-78c9-da9f-7447015ab752?version=1.1&t=1668768368925&download=true,NAVTGBP22066V032122_HEALTH2041.pdf,2026-08-20T14:23:13.912425+00:00
NAVHLIP22060V032122,Non-Archived,2021-2022,Navi General Insurance Ltd.,Navi Health HospiCash,18-06-2021,Revision,https://irdai.gov.in/documents/37343/931203/NAVHLIP22060V032122_HEALTH2036.pdf/0a7d0a33-1777-5a60-9e16-4dbc43940e25?version=1.1&t=1668767474378&download=true,NAVHLIP22060V032122_HEALTH2036.pdf,2026-08-20T14:23:13.912425+00:00
NAVHLIP22059V032122,Non-Archived,2021-2022,Navi General Insurance Ltd.,Navi Health Seasonal Byte,18-06-2021,Revision,https://irdai.gov.in/documents/37343/931203/NAVHLIP22059V032122_HEALTH2035.pdf/db59fe2a-487e-a53d-2c9c-c8fbcf01289b?version=1.1&t=1668767515143&download=true,NAVHLIP22059V032122_HEALTH2035.pdf,2026-08-20T14:23:13.912425+00:00
NAVHLIP22061V032122,Non-Archived,2021-2022,Navi General Insurance Ltd.,Navi Health Super Top Up,18-06-2021,Revision,https://irdai.gov.in/documents/37343/931203/NAVHLIP22061V032122_HEALTH2037.pdf/841e6f34-451f-51e1-3675-4a710f78510c?version=1.1&t=1668768186850&download=true,NAVHLIP22061V032122_HEALTH2037.pdf,2026-08-20T14:23:13.912425+00:00
NAVHLIP23003V012223,Non-Archived,2022-2023,Navi General Insurance Ltd.,Navi Smart Health,01-04-2022,Individual,https://irdai.gov.in/documents/37343/931203/NAVHLIP23003V012223.pdf/9577514a-6bf3-b51e-5a54-5e7f050e2550?version=1.0&t=1669349979791&download=true,NAVHLIP23003V012223.pdf,2026-08-20T14:23:13.912425+00:00
NAVPAIP21631V012021,Non-Archived,2020-2021,Navi General Insurance Ltd.,"Saral Suraksha Bima, Navi General Insurance",31-03-2021,New,https://irdai.gov.in/documents/37343/931203/NAVPAIP21631V012021_2020-2021.pdf/dd68be3d-4ae4-25e6-ff55-4db4cea84651?version=1.1&t=1668748429606&download=true,NAVPAIP21631V012021_2020-2021.pdf,2026-08-20T14:23:13.912425+00:00
NBHHLIA22175V012122,Non-Archived,2021-2022,Niva Bupa Health Insurance Co. Ltd.,Zero Co-Pay,13-11-2021,Heath,https://irdai.gov.in/documents/37343/931203/Zero+Co-Pay.pdf/aa7e72d2-7c41-07b7-318e-bb5a894d25c9?version=1.1&t=1668754398798&download=true,Zero Co-Pay.pdf,2026-08-20T14:23:13.912425+00:00
NBHHLIP23007V052223,Non-Archived,2022-2023,Niva Bupa Health Insurance Company Limited,Health Companion,05-05-2022,Revision,https://irdai.gov.in/documents/37343/931203/NBHHLIP23007V052223.pdf/106c00c6-3b29-7c1c-afea-770854505528?version=1.0&t=1669350170763&download=true,NBHHLIP23007V052223.pdf,2026-08-20T14:23:13.912425+00:00
NBHTGBP22011V012223,Non-Archived,2022-2023,Niva Bupa Health Insurance Company Limited,Travel Infinity,12-04-2022,Group,https://irdai.gov.in/documents/37343/931203/NBHTGBP22011V012223.pdf/c392bcc1-f6a8-cadd-ab84-495b3273d2c3?version=1.0&t=1669350459879&download=true,NBHTGBP22011V012223.pdf,2026-08-20T14:23:13.912425+00:00
NBHHLIP22151V012122,Non-Archived,2021-2022,Niva Bupa Health Insurance co ltd,"Arogya Sanjeevani, Niva Bupa Health Insurance Co. Ltd.",24-08-2021,Revision,https://irdai.gov.in/documents/37343/931203/NBHHLIP22151V012122_HEALTH2134.pdf/ddc465e4-2012-c8bf-c582-7463e0c75c74?version=1.1&t=1668766621195&download=true,NBHHLIP22151V012122_HEALTH2134.pdf,2026-08-20T14:23:13.912425+00:00
NBHHLIP22152V012122,Non-Archived,2021-2022,Niva Bupa Health Insurance co ltd,"Corona Kavach Policy, Niva Bupa Health Insurance Co. Ltd.",24-08-2021,Revision,https://irdai.gov.in/documents/37343/931203/NBHHLIP22152V012122_HEALTH2135.pdf/3ba2ec6e-e679-02cb-c1c1-07a1f121c163?version=1.1&t=1668766723171&download=true,NBHHLIP22152V012122_HEALTH2135.pdf,2026-08-20T14:23:13.912425+00:00
NBHHLGP22154V012122,Non-Archived,2021-2022,Niva Bupa Health Insurance co ltd,"Group Corona Kavach Policy, Niva Bupa Health Insurance Co. Ltd.",24-08-2021,Revision,https://irdai.gov.in/documents/37343/931203/NBHHLGP22154V012122_HEALTH2132.pdf/a4e9313b-1067-a8ab-7033-a9c4b0f70d67?version=1.1&t=1668766472893&download=true,NBHHLGP22154V012122_HEALTH2132.pdf,2026-08-20T14:23:13.912425+00:00
NBHHLGP22157V032122,Non-Archived,2021-2022,Niva Bupa Health Insurance co ltd,Health Plus,03-09-2021,Revision,https://irdai.gov.in/documents/37343/931203/NBHHLGP22157V032122_HEALTH2133.pdf/d42b6618-5599-a23f-d15b-fba3b8f248cd?version=1.1&t=1668766547385&download=true,NBHHLGP22157V032122_HEALTH2133.pdf,2026-08-20T14:23:13.912425+00:00
NBHHLGP22117V012122,Non-Archived,2021-2022,Niva Bupa Health Insurance co ltd,Swasthya Suraksha,15-07-2021,Group,https://irdai.gov.in/documents/37343/931203/NBHHLGP22117V012122_HEALTH2131.pdf/7bfbb11e-07eb-3ded-3b4d-dacb762be1b0?version=1.1&t=1668766390767&download=true,NBHHLGP22117V012122_HEALTH2131.pdf,2026-08-20T14:23:13.912425+00:00
OICHLIP20181V011920,Non-Archived,2019-2020,Oriental Insurance Co Ltd,"Arogya Sanjeevani Policy, Oriental",04-01-2020,New,https://irdai.gov.in/documents/37343/931203/OICHLIP20181V011920_2019-2020.pdf/dbb0acd5-8e11-52bf-ef60-3971328f28fe?version=1.1&t=1668575732696&download=true,OICHLIP20181V011920_2019-2020.pdf,2026-08-20T14:23:13.912425+00:00
OICHLIP21063V012021,Non-Archived,2020-2021,Oriental Insurance Co Ltd,"Corona Kavach Policy, Oriental",07-10-2020,New,https://irdai.gov.in/documents/37343/931203/OICHLIP21063V012021_2020-2021.pdf/f68b0489-9685-a661-eafc-29a1890113a9?version=1.1&t=1668152975277&download=true,OICHLIP21063V012021_2020-2021.pdf,2026-08-20T14:23:13.912425+00:00
OICHLGP18075V011718,Non-Archived,2018-2019,Oriental Insurance Co ltd,OBC-ORIENTAL MEDICLAIM POLICY- 2017,03-11-2017,Group,https://irdai.gov.in/documents/37343/931203/OICHLGP18075V011718_2018-2019.pdf/68188178-223c-81c6-cafb-5d43d885100d?version=1.1&t=1668507778570&download=true,OICHLGP18075V011718_2018-2019.pdf,2026-08-20T14:23:13.912425+00:00
OICHLIP18067V011819,Non-Archived,2018-2019,Oriental Insurance Co ltd,Oriental Super Health Top-Up!,10-10-2018,Retail,https://irdai.gov.in/documents/37343/931203/OICHLIP18067V011819_2018-2019.pdf/0c18ad9f-97c6-a814-0b51-2ccd3965953f?version=1.1&t=1668508120013&download=true,OICHLIP18067V011819_2018-2019.pdf,2026-08-20T14:23:13.912425+00:00
OICHLGP18074V011718,Non-Archived,2018-2019,Oriental Insurance Co ltd,PNB - ORIENTAL ROYAL MEDICLAIM - 2017,03-11-2017,Group,https://irdai.gov.in/documents/37343/931203/OICHLGP18074V011718_2018-2019.pdf/74d78d01-b2c8-ef69-61a1-6b44529580d7?version=1.1&t=1668508338824&download=true,OICHLGP18074V011718_2018-2019.pdf,2026-08-20T14:23:13.912425+00:00
OICPAIP18042V011718,Non-Archived,2017-2018,Oriental Insurance Co ltd,Pravasi Bharatiya Bima Yojana 2017,26-09-2017,,https://irdai.gov.in/documents/37343/931203/OIC_PravasiBharatiyaBimaYojana2017_2017-2018.pdf/2df7c938-5695-eca4-ad6b-d36b6c2bb4d4?version=1.1&t=1668426115363&download=true,OIC_PravasiBharatiyaBimaYojana2017_2017-2018.pdf,2026-08-20T14:23:13.912425+00:00
OICHLIP21007V012122,Non-Archived,2021-2022,Oriental Insurance Company Limited,Oriental Cancer Protect,08-04-2021,Individual,https://irdai.gov.in/documents/37343/931203/OICHLIP21007V012122.pdf/e90b5088-1efe-8a07-30b8-80c204b0a3d5?version=1.0&t=1669359659339&download=true,OICHLIP21007V012122.pdf,2026-08-20T14:23:13.912425+00:00
RQBHLGP23036V012223,Non-Archived,2022-2023,Raheja QBE General Insurance Co,Group Health Super Top Up,08-06-2022,Group,https://irdai.gov.in/documents/37343/931203/RQBHLGP23036V012223.pdf/21472cd3-a222-9f43-23af-796c7e6b7526?version=1.0&t=1669350662425&download=true,RQBHLGP23036V012223.pdf,2026-08-20T14:23:13.912425+00:00
RQBHLlP20143V011920,Non-Archived,2019-2020,Raheja QBE General Insurance Co Ltd,"Arogya Sanjeevani Policy, Raheja QBE General lnsurance Co Limited",17-03-2020,New,https://irdai.gov.in/documents/37343/931203/RQBHLlP20143V011920_2019-2020.pdf/1d2ea794-3507-ca2c-d72f-691d7aa9d09d?version=1.1&t=1668575782733&download=true,RQBHLlP20143V011920_2019-2020.pdf,2026-08-20T14:23:13.912425+00:00
RQBHLIP21084V012021,Non-Archived,2020-2021,Raheja QBE General Insurance Co Ltd,"Corona Kavach Policy, Raheja QBE General lnsurance Co Limited",07-09-2020,New,https://irdai.gov.in/documents/37343/931203/RQBHLIP21084V012021_2020-2021.pdf/143fbc34-7fb2-2dff-fdc7-55bd6d727840?version=1.1&t=1668152773565&download=true,RQBHLIP21084V012021_2020-2021.pdf,2026-08-20T14:23:13.912425+00:00
RQBHLGP21566V012021,Non-Archived,2020-2021,Raheja QBE General Insurance Co. Ltd,Group Health Insurance Policy,26-03-2021,Group,https://irdai.gov.in/documents/37343/931203/RQBHLGP21566V012021_2020-2021.pdf/bc6b48e7-c87b-ae67-d304-04a2a32b7798?version=1.1&t=1668748506060&download=true,RQBHLGP21566V012021_2020-2021.pdf,2026-08-20T14:23:13.912425+00:00
RQBPAGP21613V012021,Non-Archived,2020-2021,Raheja QBE General Insurance Co. Ltd,Group Premier Personal Accident Insurance,26-03-2021,Group,https://irdai.gov.in/documents/37343/931203/RQBPAGP21613V012021_2020-2021.pdf/4d4c5574-9cec-99c9-6e07-d61e2a605020?version=1.1&t=1668748676985&download=true,RQBPAGP21613V012021_2020-2021.pdf,2026-08-20T14:23:13.912425+00:00
RQBPAIP21614V012021,Non-Archived,2020-2021,Raheja QBE General Insurance Co. Ltd,"Saral Suraksha Bima, Raheja QBE General Insurance Co. Ltd.",30-03-2021,New,https://irdai.gov.in/documents/37343/931203/RQBPAIP21614V012021_2020-2021.pdf/5b37cc65-62dc-3462-3ab3-3c59809a2b60?version=1.1&t=1668748793113&download=true,RQBPAIP21614V012021_2020-2021.pdf,2026-08-20T14:23:13.912425+00:00
RQBHLIP21288V032021,Non-Archived,2020-2021,Raheja QBE General Insurance Co. Ltd.,Cancer Insurance Policy,18-09-2020,Revision,https://irdai.gov.in/documents/37343/931203/RQBHLIP21288V032021_2020-2021.pdf/ec7a04f5-1480-c20a-a0fd-510475740aaf?version=1.1&t=1668748888512&download=true,RQBHLIP21288V032021_2020-2021.pdf,2026-08-20T14:23:13.912425+00:00
RQBHLGP22113V012122,Non-Archived,2021-2022,Raheja QBE General Insurance Co. Ltd.,Group Loan Insurance,14-07-2021,Group,https://irdai.gov.in/documents/37343/931203/RQBHLGP22113V012122_2021-2022.pdf/d5b82593-04f3-8833-ba68-1a65aecffd4f?version=1.3&t=1668767566920&download=true,RQBHLGP22113V012122_2021-2022.pdf,2026-08-20T14:23:13.912425+00:00
RQBPAGP21518V032021,Non-Archived,2020-2021,Raheja QBE General Insurance Co. Ltd.,Group Personal Accident Policy,30-09-2020,Revision,https://irdai.gov.in/documents/37343/931203/RQBPAGP21518V032021_2020-2021.pdf/2770f942-b70c-6ba6-44d3-888d70c22230?version=1.1&t=1668749055476&download=true,RQBPAGP21518V032021_2020-2021.pdf,2026-08-20T14:23:13.912425+00:00
RQBPAIP21517V032021,Non-Archived,2020-2021,Raheja QBE General Insurance Co. Ltd.,Individual Personal Accident Insurance Policy,30-09-2020,Revision,https://irdai.gov.in/documents/37343/931203/RQBPAIP21517V032021_2020-2021.pdf/43b332f3-199c-88bb-4906-8e530f237b78?version=1.1&t=1668749187227&download=true,RQBPAIP21517V032021_2020-2021.pdf,2026-08-20T14:23:13.912425+00:00
IRDA/NL-HLT/RQBEGI/P-H(C)/V.I/18/13-14,Non-Archived,2013-2014,Raheja QBE General Insurance Company Limited,Cancer Insurance Policy,05-04-2013,,https://irdai.gov.in/documents/37343/931203/Cancer+Insurance+Policy_2013-2014.pdf/64b368b6-6069-1bcf-6bff-bab54840a971?version=1.1&t=1668316882107&download=true,Cancer Insurance Policy_2013-2014.pdf,2026-08-20T14:23:13.912425+00:00
IRDA/NL-HLT/RQBEGI/P-P/V.I/394/13-14,Non-Archived,2013-2014,Raheja QBE General Insurance Company Limited,Group Personal Accident Insurance Policy,07-11-2013,,https://irdai.gov.in/documents/37343/931203/Group+Personal+Accident+Insurance+Policy_2013-11-07.pdf/6910c2e3-aecc-6761-3272-3d63149a5f46?version=1.1&t=1668316986556&download=true,Group Personal Accident Insurance Policy_2013-11-07.pdf,2026-08-20T14:23:13.912425+00:00
IRDA/NL-HLT/RQBEGI/P-P/V.I/393/13-14,Non-Archived,2013-2014,Raheja QBE General Insurance Company Limited,Individual Personal Accident Insurance Policy,07-11-2013,,https://irdai.gov.in/documents/37343/931203/Individual+Personal+Accident+Insurance+Policy_2013-2014.pdf/b9f09037-9fdb-4a0a-492f-062e65e32183?version=1.1&t=1668316938133&download=true,Individual Personal Accident Insurance Policy_2013-2014.pdf,2026-08-20T14:23:13.912425+00:00
RQBHLIP18081V021819,Non-Archived,2018-2019,Raheja QBE General Insurance Company Ltd,Health QuBE,26-10-2018,Retail,https://irdai.gov.in/documents/37343/931203/RQBHLIP18081V021819_2018-2019.pdf/4f4131ba-a268-87f3-2846-131452f10cfd?version=1.1&t=1668508414320&download=true,RQBHLIP18081V021819_2018-2019.pdf,2026-08-20T14:23:13.912425+00:00
IRDAI/HLT/RQBEGI/P-H/V.I/35/15-16,Non-Archived,2015-2016,Raheja QBE General Insurance Company Ltd,Health QuBE,31-03-2016,,https://irdai.gov.in/documents/37343/931203/Raheja_Health-QuBE-+PolicyWordings_2015-2016.pdf/038d51cd-0ee0-e6ad-3271-370dd2f594c1?version=1.1&t=1668409203281&download=true,Raheja_Health-QuBE- PolicyWordings_2015-2016.pdf,2026-08-20T14:23:13.912425+00:00
RQBHLIP20009V012021,Non-Archived,2020-2021,Raheja QBE General Insurance Company Ltd,Health QuBE Super Top Up,17-04-2020,New,https://irdai.gov.in/documents/37343/931203/RQBHLIP20009V012021_2020-2021.pdf/19328fc1-54df-8d38-ccdf-3dd63f056b6f?version=1.1&t=1668749276627&download=true,RQBHLIP20009V012021_2020-2021.pdf,2026-08-20T14:23:13.912425+00:00
RELHLIP21001V012021,Non-Archived,2019-2020,Reliance General Insurance Co,"Arogya Sanjeevani Policy, Reliance General",04-03-2020,New,https://irdai.gov.in/documents/37343/931203/RELHLIP21001V012021_2019-2020.pdf/416c6534-eafe-0426-1f91-18a060da9600?version=1.1&t=1668575841183&download=true,RELHLIP21001V012021_2019-2020.pdf,2026-08-20T14:23:13.912425+00:00
RELHLIP21092V012021,Non-Archived,2020-2021,Reliance General Insurance Co,"Corona Kavach Policy, Reliance General",07-01-2020,New,https://irdai.gov.in/documents/37343/931203/RELHLIP21092V012021_2020-2021.pdf/78b055ef-eff7-3672-e772-8123e6c619fb?version=1.1&t=1668152910980&download=true,RELHLIP21092V012021_2020-2021.pdf,2026-08-20T14:23:13.912425+00:00
RELPAGP18103V011718,Non-Archived,2017-2018,Reliance General Insurance Co ltd,Reliance Financial Protection Personal Accident Policy,29-12-2017,,https://irdai.gov.in/documents/37343/931203/RGIC_RelianceFinancialProtectionPersonalAccidentPolicy_2017-2018.pdf/82595443-1e3f-2c1b-2f2f-2cb9e0bca2e7?version=1.1&t=1668426148865&download=true,RGIC_RelianceFinancialProtectionPersonalAccidentPolicy_2017-2018.pdf,2026-08-20T14:23:13.912425+00:00
RELHLIP18124V021718,Non-Archived,2017-2018,Reliance General Insurance Co ltd,Reliance Healthwise policy (1),16-03-2018,,https://irdai.gov.in/documents/37343/931203/REL_HealthWisePolicy%281%29_2017-2018.pdf/6769dbfc-e412-06ca-f466-2beee2b12086?version=1.1&t=1668426192329&download=true,REL_HealthWisePolicy(1)_2017-2018.pdf,2026-08-20T14:23:13.912425+00:00
RELHLIP21051V012021,Non-Archived,2020-2021,Reliance General Insurance Co. Ltd,Reliance Covid-19 Protection Insurance (Retail),11-06-2020,New,https://irdai.gov.in/documents/37343/931203/RELHLIP21051V012021_2020-2021.pdf/4768d285-f5d7-ee01-8115-bc0a55cd4111?version=1.1&t=1668749884805&download=true,RELHLIP21051V012021_2020-2021.pdf,2026-08-20T14:23:13.912425+00:00
RELHLGP21573V012021,Non-Archived,2020-2021,Reliance General Insurance Co. Ltd,Reliance Group Hospi Cash Insurance,16-10-2020,Group,https://irdai.gov.in/documents/37343/931203/RELHLGP21573V012021_2020-2021.pdf/d1792231-7581-f90e-4780-f62f29a2caae?version=1.1&t=1668749356686&download=true,RELHLGP21573V012021_2020-2021.pdf,2026-08-20T14:23:13.912425+00:00
RELHLIP22229V032122,Non-Archived,2021-2022,Reliance General Insurance Co. Ltd,Reliance Health Gain Policy,23-03-2022,Individual,https://irdai.gov.in/documents/37343/931203/RELHLIP22229V032122.pdf/eb32b89f-7f14-d8f6-344b-ab7e7a321a89?version=1.1&t=1668853284993&download=true,RELHLIP22229V032122.pdf,2026-08-20T14:23:13.912425+00:00
RELHLIP20089V021920,Non-Archived,2019-2020,Reliance General Insurance Co. Ltd,Reliance Health Infinity Insurance,12-09-2019,Revision,https://irdai.gov.in/documents/37343/931203/RELHLIP20089V021920_2019-2020.pdf/342b3c38-933e-7adc-c475-f03c0c8d28c6?version=1.1&t=1668576006455&download=true,RELHLIP20089V021920_2019-2020.pdf,2026-08-20T14:23:13.912425+00:00
RELHLIP22185V042122,Non-Archived,2021-2022,Reliance General Insurance Co. Ltd,Reliance HealthWise Policy,26-11-2021,Revision,https://irdai.gov.in/documents/37343/931203/RELHLIP22185V042122.pdf/4eaf3dc3-9a35-87a2-485b-8fee730f69cb?version=1.0&t=1669360692212&download=true,RELHLIP22185V042122.pdf,2026-08-20T14:23:13.912425+00:00
RELHLIP20027V012021,Non-Archived,2020-2021,Reliance General Insurance Co. Ltd,Reliance Hospi Care Insurance,19-05-2020,New,https://irdai.gov.in/documents/37343/931203/RELHLIP20027V012021_2020-2021.pdf/6b5fbf94-5898-ef4e-6cf6-ee0414c189d4?version=1.1&t=1668749994620&download=true,RELHLIP20027V012021_2020-2021.pdf,2026-08-20T14:23:13.912425+00:00
RELHLGP21619V012021,Non-Archived,2020-2021,Reliance General Insurance Co. Ltd,Reliance Mashak Rakshak Group,31-03-2021,New,https://irdai.gov.in/documents/37343/931203/RELHLGP21619V012021_2020-2021.pdf/ad327daa-b485-2094-12f5-46748880f6ef?version=1.1&t=1668749436039&download=true,RELHLGP21619V012021_2020-2021.pdf,2026-08-20T14:23:13.912425+00:00
RELTIOP20030V012021,Non-Archived,2020-2021,Reliance General Insurance Co. Ltd,Reliance Travel Care Policy (Individual and family plan),19-05-2020,New,https://irdai.gov.in/documents/37343/931203/RELTIOP20030V012021_2020-2021.pdf/bc6753ab-320e-6b5d-6c39-606f259d3544?version=1.1&t=1668750237689&download=true,RELTIOP20030V012021_2020-2021.pdf,2026-08-20T14:23:13.912425+00:00
RELPAIP21641V012021,Non-Archived,2020-2021,Reliance General Insurance Co. Ltd,"Saral Suraksha Bima, Reliance General",30-03-2021,New,https://irdai.gov.in/documents/37343/931203/RELPAIP21641V012021_2020-2021.pdf/6772246c-08b5-3421-94f2-7b0f977e6ee9?version=1.1&t=1668749767118&download=true,RELPAIP21641V012021_2020-2021.pdf,2026-08-20T14:23:13.912425+00:00
RELHLIP21617V012021,Non-Archived,2020-2021,Reliance General Insurance Co. Ltd.,Reliance Health Super Top Up,01-04-2021,New,https://irdai.gov.in/documents/37343/931203/RELHLIP21617V012021_2020-2021.pdf/63210ecd-9e70-f11c-836e-52cce265a3eb?version=1.1&t=1668750536288&download=true,RELHLIP21617V012021_2020-2021.pdf,2026-08-20T14:23:13.912425+00:00
RELHLGP21523V022021,Non-Archived,2020-2021,Reliance General Insurance Co.Ltd,Group Mediclaim,30-09-2020,Revision,https://irdai.gov.in/documents/37343/931203/RELHLGP21523V022021_2020-2021.pdf/1bae68d0-d91e-5129-cf66-257f2e4d30d9?version=1.1&t=1668751549909&download=true,RELHLGP21523V022021_2020-2021.pdf,2026-08-20T14:23:13.912425+00:00
RELHLGP21515V022021,Non-Archived,2020-2021,Reliance General Insurance Co.Ltd,RGI-BoI SWASTHYA BIMA,29-09-2020,Revision,https://irdai.gov.in/documents/37343/931203/RELHLGP21515V022021_2020-2021.pdf/b7958418-abac-8fe7-fe5d-97a999854cc2?version=1.1&t=1668751490079&download=true,RELHLGP21515V022021_2020-2021.pdf,2026-08-20T14:23:13.912425+00:00
RELHLGP21524V022021,Non-Archived,2020-2021,Reliance General Insurance Co.Ltd,Reliance - Yes Plus Health Insurance,30-09-2020,Revision,https://irdai.gov.in/documents/37343/931203/RELHLGP21524V022021_2020-2021.pdf/bbd67382-d578-8dcd-4229-42cf4e447218?version=1.1&t=1668751604568&download=true,RELHLGP21524V022021_2020-2021.pdf,2026-08-20T14:23:13.912425+00:00
RELHLIP21521V032021,Non-Archived,2020-2021,Reliance General Insurance Co.Ltd,Reliance Health Infinity Insurance,30-09-2020,Revision,https://irdai.gov.in/documents/37343/931203/RELHLIP21521V032021_2020-2021.pdf/b0c5b70e-ca82-9c2e-89ac-365cb64eb797?version=1.1&t=1668751708629&download=true,RELHLIP21521V032021_2020-2021.pdf,2026-08-20T14:23:13.912425+00:00
RELHLIP21514V022021,Non-Archived,2020-2021,Reliance General Insurance Co.Ltd,Reliance HealthGain,29-09-2020,Revision,https://irdai.gov.in/documents/37343/931203/RELHLIP21514V022021_2020-2021.pdf/6d0ad7f8-d6fe-fe87-882f-1aad552c8ed2?version=1.1&t=1668751655566&download=true,RELHLIP21514V022021_2020-2021.pdf,2026-08-20T14:23:13.912425+00:00
RELHLIP21522V032021,Non-Archived,2020-2021,Reliance General Insurance Co.Ltd,Reliance HealthWise,30-09-2020,Revision,https://irdai.gov.in/documents/37343/931203/RELHLIP21522V032021_2020-2021.pdf/b5c39be5-5bc3-dd02-e5ba-8c5a45b61b22?version=1.1&t=1668751756942&download=true,RELHLIP21522V032021_2020-2021.pdf,2026-08-20T14:23:13.912425+00:00
IRDA/NL-HLT/RGI/P-H/V.I/317/13-14,Non-Archived,2013-2014,Reliance General Insurance Company Limited,Group Mediclaim,30-09-2013,,https://irdai.gov.in/documents/37343/931203/Group+Mediclaim_2013-2014.pdf/79f16ec7-2867-cab4-fb1c-683d3bdda10a?version=1.1&t=1668317113261&download=true,Group Mediclaim_2013-2014.pdf,2026-08-20T14:23:13.912425+00:00
IRDA/NL-HLT/RGI/P-P/V.I/320/13-14,Non-Archived,2013-2014,Reliance General Insurance Company Limited,Group Personal Accident,30-09-2013,,https://irdai.gov.in/documents/37343/931203/Group+Personal+Accident_2013-09-30.pdf/85dde18e-2e2f-6f87-4c32-611345a0bc02?version=1.1&t=1668317247447&download=true,Group Personal Accident_2013-09-30.pdf,2026-08-20T14:23:13.912425+00:00
IRDA/NL-HLT/RGI/P-P/V.I/322/13-14,Non-Archived,2013-2014,Reliance General Insurance Company Limited,Janata Personal Accident,30-09-2013,,https://irdai.gov.in/documents/37343/931203/Janata+Personal+Accident_2013-09-30.pdf/c000c538-25b6-e0b3-f82e-ca71dbe4ef0e?version=1.1&t=1668317361641&download=true,Janata Personal Accident_2013-09-30.pdf,2026-08-20T14:23:13.912425+00:00
IRDA/NL-HLT/RGI/P-P/V.I/323/13-14,Non-Archived,2013-2014,Reliance General Insurance Company Limited,Personal Accident,30-09-2013,,https://irdai.gov.in/documents/37343/931203/Personal+Accident_2013-2014.pdf/561684ef-4d17-3bd1-f88c-09160a6719a8?version=1.1&t=1668317391720&download=true,Personal Accident_2013-2014.pdf,2026-08-20T14:23:13.912425+00:00
IRDA/NL-HLT/RGI/P-H/V.I/319/13-14,Non-Archived,2013-2014,Reliance General Insurance Company Limited,Pravasi Bhartiya Bima Yojana,30-09-2013,,https://irdai.gov.in/documents/37343/931203/Pravasi+Bhartiya+Bima+Yojana_2013-09-30.pdf/606aab4f-7ae8-539a-4382-a6f325f9a3c5?version=1.1&t=1668317201638&download=true,Pravasi Bhartiya Bima Yojana_2013-09-30.pdf,2026-08-20T14:23:13.912425+00:00
IRDA/NL-HLT/RGI/P-H/V.I/327/13-14,Non-Archived,2013-2014,Reliance General Insurance Company Limited,Reliance Autoloan Care Insurance Policy,30-09-2013,,https://irdai.gov.in/documents/37343/931203/Reliance+Autoloan+Care+Insurance+Policy_2013-2014.pdf/33e8e385-3ac9-3d13-a808-22b45eb4ec72?version=1.1&t=1668317594055&download=true,Reliance Autoloan Care Insurance Policy_2013-2014.pdf,2026-08-20T14:23:13.912425+00:00
IRDA/NL-HLT/RGI/P-T/V.I/328/13-14,Non-Archived,2013-2014,Reliance General Insurance Company Limited,Reliance Corporate Flexi Travel Care Insurance Policy,18-11-2013,,https://irdai.gov.in/documents/37343/931203/Reliance+Corporate+Flexi+Travel+Care+Insurance+Policy_2013-2014.pdf/14460536-17c1-63aa-140c-4c3daceb7c82?version=1.1&t=1668317635599&download=true,Reliance Corporate Flexi Travel Care Insurance Policy_2013-2014.pdf,2026-08-20T14:23:13.912425+00:00
IRDA/NL-HLT/RGI/P-H(C)/V.I/324/13-14,Non-Archived,2013-2014,Reliance General Insurance Company Limited,Reliance Critical Illness Policy,30-09-2013,,https://irdai.gov.in/documents/37343/931203/Reliance+Critical+Illness+Policy_2013-2014.pdf/9b97873e-99e8-4d79-224f-6c097874611b?version=1.1&t=1668317436797&download=true,Reliance Critical Illness Policy_2013-2014.pdf,2026-08-20T14:23:13.912425+00:00
IRDA/NL-HLT/RGI/P-H/V.I/318/13-14,Non-Archived,2013-2014,Reliance General Insurance Company Limited,Reliance Health Gain Policy,30-09-2013,,https://irdai.gov.in/documents/37343/931203/Reliance+Health+Gain+Policy_2013-2014.pdf/f00b5971-6006-bfa1-9f8c-16b17ac0a9ad?version=1.1&t=1668317162308&download=true,Reliance Health Gain Policy_2013-2014.pdf,2026-08-20T14:23:13.912425+00:00
IRDA/NL-HLT/RGI/P-H/V.I/315/13-14,Non-Archived,2013-2014,Reliance General Insurance Company Limited,Reliance HealthWise Policy,30-09-2013,,https://irdai.gov.in/documents/37343/931203/Reliance+HealthWise+Policy_2013-2014.pdf/c8dec5e7-b29d-10ba-bca9-0b2c997675ab?version=1.1&t=1668317035993&download=true,Reliance HealthWise Policy_2013-2014.pdf,2026-08-20T14:23:13.912425+00:00
IRDA/NL-HLT/RGI/P-H/V.I/325/13-14,Non-Archived,2013-2014,Reliance General Insurance Company Limited,Reliance Homeloan Protect Policy,30-09-2013,,https://irdai.gov.in/documents/37343/931203/Reliance+Homeloan+Protect+Policy_2013-2014.pdf/281c4cf3-df14-8ea4-072a-39399a72b71b?version=1.1&t=1668317519712&download=true,Reliance Homeloan Protect Policy_2013-2014.pdf,2026-08-20T14:23:13.912425+00:00
IRDA/NL-HLT/RGI/P-T/V.I/316/13-14,Non-Archived,2013-2014,Reliance General Insurance Company Limited,Reliance Inland Travel Care Policy,30-09-2013,,https://irdai.gov.in/documents/37343/931203/Reliance+Inland+Travel+Care+Policy_2013-2014.pdf/190ef609-a45e-0b00-bbfc-d2d5642ceba6?version=1.1&t=1668317075031&download=true,Reliance Inland Travel Care Policy_2013-2014.pdf,2026-08-20T14:23:13.912425+00:00
IRDA/NL-HLT/RGI/P-H/V.I/326/13-14,Non-Archived,2013-2014,Reliance General Insurance Company Limited,Reliance Personal Loan Care Insurance Policy,30-09-2013,,https://irdai.gov.in/documents/37343/931203/Reliance+Personal+Loan+Care+Insurance+Policy_2013-2014.pdf/e8fb9c4a-7b8a-9732-cded-f46175a4ec92?version=1.1&t=1668317550107&download=true,Reliance Personal Loan Care Insurance Policy_2013-2014.pdf,2026-08-20T14:23:13.912425+00:00
IRDA/NL-HLT/RGI/P-T/V.I/321/13-14,Non-Archived,2013-2014,Reliance General Insurance Company Limited,Reliance Travel Care Policy,30-09-2013,,https://irdai.gov.in/documents/37343/931203/Reliance+Travel+Care+Policy_2013-2014.pdf/f61f46e8-f5e2-69b9-3e2a-2eedcdd5791e?version=1.1&t=1668317324070&download=true,Reliance Travel Care Policy_2013-2014.pdf,2026-08-20T14:23:13.912425+00:00
RHLHLIP19002V011920,Non-Archived,2019-2020,Reliance Health Insurance Co,Alpha Critical Illness Insurance,04-03-2019,New,https://irdai.gov.in/documents/37343/931203/RHLHLIP19002V011920_2019-2020.pdf/e56863de-2eff-43b8-7d75-eefede98cda3?version=1.1&t=1668576138500&download=true,RHLHLIP19002V011920_2019-2020.pdf,2026-08-20T14:23:13.912425+00:00
RHLHLIP19016V011920,Non-Archived,2019-2020,Reliance Health Insurance Co,Alpha Surgery Insurance,30-04-2019,New,https://irdai.gov.in/documents/37343/931203/RHLHLIP19016V011920_2019-2020.pdf/c2f69953-3fd4-fd28-70ce-2523d1b963a6?version=1.1&t=1668576077628&download=true,RHLHLIP19016V011920_2019-2020.pdf,2026-08-20T14:23:13.912425+00:00
RHLHLIP19132V011819,Non-Archived,2018-2019,Reliance Health Insurance Co,Even More Insurance,11-03-2019,New,https://irdai.gov.in/documents/37343/931203/RHLHLIP19132V011819_2018-2019.pdf/2d46d7c7-a5f1-d4d6-2690-042a77def069?version=1.1&t=1668508619368&download=true,RHLHLIP19132V011819_2018-2019.pdf,2026-08-20T14:23:13.912425+00:00
RHLHLIP19134V011819,Non-Archived,2018-2019,Reliance Health Insurance Co,Little More Insurance,19-03-2019,New,https://irdai.gov.in/documents/37343/931203/RHLHLIP19134V011819_2018-2019.pdf/5dbbd08d-4cb9-5b04-dce5-618852d3fa9c?version=1.1&t=1668508666440&download=true,RHLHLIP19134V011819_2018-2019.pdf,2026-08-20T14:23:13.912425+00:00
RHIHLIP21017V052021,Non-Archived,2020-2021,Religare,CARE,05-05-2020,Revision,https://irdai.gov.in/documents/37343/931203/RHIHLIP21017V052021_2020-2021.pdf/dfceaab1-d341-e155-ecad-5856954e7196?version=1.1&t=1668751871480&download=true,RHIHLIP21017V052021_2020-2021.pdf,2026-08-20T14:23:13.912425+00:00
RHIHLIP21015V012021,Non-Archived,2020-2021,Religare Health Insurance,Care Advantage,30-04-2020,New,https://irdai.gov.in/documents/37343/931203/RHIHLIP21015V012021_2020-2021.pdf/27b30b33-94cb-47e7-e7d2-b57ebba1d306?version=1.1&t=1668751813541&download=true,RHIHLIP21015V012021_2020-2021.pdf,2026-08-20T14:23:13.912425+00:00
RHIHLIP20154V011920,Non-Archived,2019-2020,Religare Health Insurance Co Ltd,"Arogya Sanjeevani Policy ,Religare Health Insurance",25-03-2020,New,https://irdai.gov.in/documents/37343/931203/RHIHLIP20154V011920_2019-2020.pdf/d9b86578-7343-402d-0e60-7a9b383eca1f?version=1.1&t=1668576180662&download=true,RHIHLIP20154V011920_2019-2020.pdf,2026-08-20T14:23:13.912425+00:00
RHIHLIP21087V012021,Non-Archived,2020-2021,Religare Health Insurance Co Ltd,"Corona Kavach Policy ,Religare Health Insurance",07-09-2020,New,https://irdai.gov.in/documents/37343/931203/RHIHLIP21087V012021_2020-2021.pdf/035cc350-b499-2ecf-8ef1-082fde84dc67?version=1.1&t=1668152848473&download=true,RHIHLIP21087V012021_2020-2021.pdf,2026-08-20T14:23:13.912425+00:00
RHITIOP20134V031920,Non-Archived,2019-2020,Religare Health Insurance Co Ltd,Explore,03-03-2020,Revision,https://irdai.gov.in/documents/37343/931203/RHITIOP20134V031920_2019-2020.pdf/7ac80467-4ea8-8d84-e892-33366264f6b6?version=1.1&t=1668576228723&download=true,RHITIOP20134V031920_2019-2020.pdf,2026-08-20T14:23:13.912425+00:00
RHIHLGP20126V011920,Non-Archived,2019-2020,Religare Health Insurance Co Ltd,Group Care 360,13-02-2020,Group,https://irdai.gov.in/documents/37343/931203/Group+Care+360.pdf/39480f0c-c553-d8ad-5cfa-3d88d9064f52?version=1.1&t=1669362304132&download=true,Group Care 360.pdf,2026-08-20T14:23:13.912425+00:00
RHIHLIP19113V031819,Non-Archived,2018-2019,Religare Health Insurance Co ltd,Care,29-01-2019,Revision,https://irdai.gov.in/documents/37343/931203/RHIHLIP19113V031819_2018-2019.pdf/19d1cf73-3cfe-faf6-90be-cab22fe1eeb6?version=1.1&t=1668508721309&download=true,RHIHLIP19113V031819_2018-2019.pdf,2026-08-20T14:23:13.912425+00:00
RHIHLIP19066V011819,Non-Archived,2018-2019,Religare Health Insurance Co ltd,Care Heart,09-10-2018,New,https://irdai.gov.in/documents/37343/931203/RHIHLIP19066V011819_2018-2019.pdf/86c2aa54-0dfd-f757-0ce8-ba2818b1a250?version=1.1&t=1668509261142&download=true,RHIHLIP19066V011819_2018-2019.pdf,2026-08-20T14:23:13.912425+00:00
RHIHLIP19103V011819,Non-Archived,2018-2019,Religare Health Insurance Co ltd,Domestic Staff Insurance Addon,28-12-2018,New,https://irdai.gov.in/documents/37343/931203/RHIHLIP19103V011819_2018-2019.pdf/0fca76bc-6b13-1bbf-fa1d-ce2feff0e5cc?version=1.1&t=1668509295234&download=true,RHIHLIP19103V011819_2018-2019.pdf,2026-08-20T14:23:13.912425+00:00
RHIHLGP19027V011819,Non-Archived,2018-2019,Religare Health Insurance Co ltd,Group Global Care,12-06-2018,Group,https://irdai.gov.in/documents/37343/931203/RHIHLGP19027V011819_2018-2019.pdf/4dd34d0d-90ff-7204-4510-2326eb131d99?version=1.1&t=1668509332402&download=true,RHIHLGP19027V011819_2018-2019.pdf,2026-08-20T14:23:13.912425+00:00
RHIHLIP18033V011819,Non-Archived,2018-2019,Religare Health Insurance Co ltd,Super Mediclaim,19-07-2018,New,https://irdai.gov.in/documents/37343/931203/RHIHLIP18033V011819_2018-2019.pdf/b4b81ae6-3963-41e0-9742-32310cf95a41?version=1.1&t=1668509374059&download=true,RHIHLIP18033V011819_2018-2019.pdf,2026-08-20T14:23:13.912425+00:00
RHIHMGP18078V011718,Non-Archived,2017-2018,Religare Health Insurance Co. Ltd,Grameen Care - Micro Insurance Product,15-11-2017,,https://irdai.gov.in/documents/37343/931203/RGHI_GrameenCaremicroInsurance_2017-2018.pdf/64e60d42-80d3-5335-bee4-443b29e975b2?version=1.1&t=1668426647726&download=true,RGHI_GrameenCaremicroInsurance_2017-2018.pdf,2026-08-20T14:23:13.912425+00:00
RHIPAIP18048V021718,Non-Archived,2017-2018,Religare Health Insurance Co. Ltd,Secure (revision),20-10-2017,,https://irdai.gov.in/documents/37343/931203/RGHI_Secure+_2017-2018.pdf/3bd069cc-e3cc-d762-ad78-d41640db3191?version=1.1&t=1668426608687&download=true,RGHI_Secure _2017-2018.pdf,2026-08-20T14:23:13.912425+00:00
IRDA/NL-HLT/RHI/P-T/V.II/23/14-15,Non-Archived,2014-2015,Religare Health Insurance Co. Ltd.,Explore,12-02-2014,,https://irdai.gov.in/documents/37343/931203/Explore_2014-2015.pdf/b567be40-b82f-f587-c798-772597774e67?version=1.1&t=1668239583822&download=true,Explore_2014-2015.pdf,2026-08-20T14:23:13.912425+00:00
IRDA/NL-HLT/RHI/P-H/V.I/7/13-14,Non-Archived,2014-2015,Religare Health Insurance Co. Ltd.,Joy,13-06-2014,,https://irdai.gov.in/documents/37343/931203/Joy_2014-2015.pdf/9b5e4bf2-7cc1-eb61-5206-25227904cf6a?version=1.1&t=1668239615868&download=true,Joy_2014-2015.pdf,2026-08-20T14:23:13.912425+00:00
IRDA/NL-HLT/RHI/P-H(C)/V.I/14/13-14,Non-Archived,2013-2014,Religare Health Insurance Company Limited,ASSURE,26-07-2013,,https://irdai.gov.in/documents/37343/931203/Assure_2013-2014.pdf/54eeac27-9359-2d96-216f-92c0ab6c4646?version=1.1&t=1668317669765&download=true,Assure_2013-2014.pdf,2026-08-20T14:23:13.912425+00:00
IRDAI/HLT/RHI/P-H/V.II/253/16-17,Non-Archived,2016-2017,Religare Health Insurance Company Limited,CARE,27-05-2016,Retail,https://irdai.gov.in/documents/37343/931203/Religare_Care_2016-2017.pdf/4951e68c-0a88-2ae0-5475-0222374cad7a?version=1.1&t=1668419494385&download=true,Religare_Care_2016-2017.pdf,2026-08-20T14:23:13.912425+00:00
IRDA/NL-HLT/RHI/P-H/V.I/253/13-14,Non-Archived,2013-2014,Religare Health Insurance Company Limited,Care,26-09-2013,,https://irdai.gov.in/documents/37343/931203/Care_2013-2014.pdf/d198a66f-aec9-68a9-30ff-28bd88892825?version=1.1&t=1668317761822&download=true,Care_2013-2014.pdf,2026-08-20T14:23:13.912425+00:00
IRDA/NL-HLT/RHI/P-H/V.I/305/13-14,Non-Archived,2013-2014,Religare Health Insurance Company Limited,ENHANCE,26-03-2014,,https://irdai.gov.in/documents/37343/931203/Enhance_2013-2014.pdf/e7f75859-b61e-eb6b-7e68-f504c1e54f3e?version=1.1&t=1668317905199&download=true,Enhance_2013-2014.pdf,2026-08-20T14:23:13.912425+00:00
IRDA/NL-HLT/RHI/P-T/V.I/23/13-14,Non-Archived,2013-2014,Religare Health Insurance Company Limited,EXPLORE,20-03-2014,,https://irdai.gov.in/documents/37343/931203/EXPLORE_2013-2014.pdf/9e49502a-f4b2-dc9b-646b-19a21d33c7a0?version=1.1&t=1668317720874&download=true,EXPLORE_2013-2014.pdf,2026-08-20T14:23:13.912425+00:00
IRDA/NL-HLT/RHI/P-H/V.I/254/13-14,Non-Archived,2013-2014,Religare Health Insurance Company Limited,Group Care,26-09-2013,,https://irdai.gov.in/documents/37343/931203/Group+Care+-+Policy+Terms+Conditions_2013-2014.pdf/e523a250-854a-6abd-36f1-0e44d7fa6950?version=1.1&t=1668317975506&download=true,Group Care - Policy Terms Conditions_2013-2014.pdf,2026-08-20T14:23:13.912425+00:00
IRDAI/HLT/RHI/P-H(G)/V.I/3/2017-18,Non-Archived,2017-2018,Religare Health Insurance Company Limited,Group Credit Protection,05-02-2017,,https://irdai.gov.in/documents/37343/931203/Religare_GroupCreditProtection_2017-2018.pdf/7b4306bb-c743-14ff-98fb-0d60ad5a8e88?version=1.1&t=1668426680533&download=true,Religare_GroupCreditProtection_2017-2018.pdf,2026-08-20T14:23:13.912425+00:00
IRDA/NL-HLT/RHI/P-P/V.I/255/13-14,Non-Archived,2013-2014,Religare Health Insurance Company Limited,Group Secure,26-09-2013,,https://irdai.gov.in/documents/37343/931203/Group+Secure_2013-2014.pdf/97048375-a472-de91-b64a-8dac3ca3d6a8?version=1.1&t=1668317795482&download=true,Group Secure_2013-2014.pdf,2026-08-20T14:23:13.912425+00:00
IRDA/NL-HLT/RHI/P-P/V.I/273/13-14,Non-Archived,2013-2014,Religare Health Insurance Company Limited,Secure,20-03-2014,,https://irdai.gov.in/documents/37343/931203/Secure_2013-2014.pdf/a9d725dd-dde9-e26a-8f85-522d0144c145?version=1.1&t=1668317843920&download=true,Secure_2013-2014.pdf,2026-08-20T14:23:13.912425+00:00
IRDA/NL HLT/RHI/P-H/V.I/36/2014-15,Non-Archived,2015-2016,Religare Health Insurance Company Ltd,Care Freedom,07-03-2015,,https://irdai.gov.in/documents/37343/931203/Religare_Care+Freedom_2015-2016.pdf/971da9ab-8e50-1880-b3db-bffee7381c96?version=1.1&t=1668409372614&download=true,Religare_Care Freedom_2015-2016.pdf,2026-08-20T14:23:13.912425+00:00
IRDAI/HLT/RHI/P-H/V.I/27/2015-16,Non-Archived,2015-2016,Religare Health Insurance Company Ltd,Grameen Care-Micro insurance product,21-01-2016,,https://irdai.gov.in/documents/37343/931203/Religare_Grameen+Care+MI+product_2015-2016.pdf/85d5a14a-56f4-8fea-a83c-e496d09ee730?version=1.1&t=1668409449631&download=true,Religare_Grameen Care MI product_2015-2016.pdf,2026-08-20T14:23:13.912425+00:00
IRDA/ HLT/RHI/P-T/V.I/53/2014-15,Non-Archived,2015-2016,Religare Health Insurance Company Ltd,Group Explore Policy,23-11-2015,,https://irdai.gov.in/documents/37343/931203/Religare_Group+Explore_2015-2016.pdf/d153d4c0-e091-85c5-8bff-d336c50568b6?version=1.1&t=1668409409603&download=true,Religare_Group Explore_2015-2016.pdf,2026-08-20T14:23:13.912425+00:00
IRDA/NL HLT/RHI/P-T/V.I/70/2014-15,Non-Archived,2015-2016,Religare Health Insurance Company Ltd,Student Explore,26-06-2015,,https://irdai.gov.in/documents/37343/931203/Religare_Student+Explore_2015-2016.pdf/0b9f92d9-fd7c-e9bc-288a-f5b258c75a65?version=1.1&t=1668409332330&download=true,Religare_Student Explore_2015-2016.pdf,2026-08-20T14:23:13.912425+00:00
IRDA/NL-HLT/RSAI/P-H/V.I/32/14-15,Non-Archived,2014-2015,Royal Sundaram Alliance Insurance Co. Ltd.,Lifeline,12-04-2014,,https://irdai.gov.in/documents/37343/931203/Lifeline_2014-2015.pdf/3a45479c-4e18-a8ca-b33c-ebce563b498a?version=1.1&t=1668239553896&download=true,Lifeline_2014-2015.pdf,2026-08-20T14:23:13.912425+00:00
IRDA/NL-HLT/RSAI/P-P/V.I/193/13-14,Non-Archived,2013-2014,Royal Sundaram Alliance Insurance Company Limited,Accident Protection Plus,19-08-2013,,https://irdai.gov.in/documents/37343/931203/ACCIDENT+PROTECTION+PLUS_2013-2014.pdf/4a47cb91-7bd8-e96f-2cd3-6b895860565a?version=1.1&t=1668320788021&download=true,ACCIDENT PROTECTION PLUS_2013-2014.pdf,2026-08-20T14:23:13.912425+00:00
IRDA/NL-HLT/RSAI/P-P/V.I/192/13-14,Non-Archived,2013-2014,Royal Sundaram Alliance Insurance Company Limited,Accident Shield,19-08-2013,,https://irdai.gov.in/documents/37343/931203/ACCIDENT+SHIELD_2013-2014.pdf/43c6ded0-5aa5-8c46-6a9b-b6014c10930a?version=1.1&t=1668320725178&download=true,ACCIDENT SHIELD_2013-2014.pdf,2026-08-20T14:23:13.912425+00:00
IRDA/NL-HLT/RSAI/P-H/V.I/214/13-14,Non-Archived,2013-2014,Royal Sundaram Alliance Insurance Company Limited,Accident Shield Classic,04-09-2013,,https://irdai.gov.in/documents/37343/931203/ACCIDENT+SHIELD+CLASSIC_2013-2014.pdf/07df4b13-5876-06fa-3c3f-26d9cb827a0f?version=1.1&t=1668321267267&download=true,ACCIDENT SHIELD CLASSIC_2013-2014.pdf,2026-08-20T14:23:13.912425+00:00
IRDA/NL-HLT/RSAI/P-H/V.I/217/13-14,Non-Archived,2013-2014,Royal Sundaram Alliance Insurance Company Limited,Accident Shield Premier,04-09-2013,,https://irdai.gov.in/documents/37343/931203/ACCIDENT+SHIELD+PREMIER_2013-2014.pdf/b39e7fa9-113c-c356-79fb-f426b8f94bc3?version=1.1&t=1668321457664&download=true,ACCIDENT SHIELD PREMIER_2013-2014.pdf,2026-08-20T14:23:13.912425+00:00
IRDA/NL-HLT/RSAI/P-P/V.I/53/13-14,Non-Archived,2013-2014,Royal Sundaram Alliance Insurance Company Limited,Citi PA Plus Insurance Policy,01-07-2013,,https://irdai.gov.in/documents/37343/931203/CITI+PA+PLUS+INSURANCE+POLICY_2013-2014.pdf/944a6ee5-f3e5-6bb8-17fa-b6977005bc7b?version=1.1&t=1668318156069&download=true,CITI PA PLUS INSURANCE POLICY_2013-2014.pdf,2026-08-20T14:23:13.912425+00:00
IRDA/NL-HLT/RSAI/P-H(C)/V.I/267/13-14,Non-Archived,2013-2014,Royal Sundaram Alliance Insurance Company Limited,Critical Illness (Reimbursement) Insurance,27-09-2013,,https://irdai.gov.in/documents/37343/931203/CRITICAL+ILLNESS+%28REIMBURSEMENT%29+INSURANCE_2013-2014.pdf/388b2e80-4612-f6fa-54f8-31c52a54919d?version=1.1&t=1668322007111&download=true,CRITICAL ILLNESS (REIMBURSEMENT) INSURANCE_2013-2014.pdf,2026-08-20T14:23:13.912425+00:00
IRDA/NL-HLT/RSAI/P-H(C)/V.I/191/13-14,Non-Archived,2013-2014,Royal Sundaram Alliance Insurance Company Limited,Critical Illness Lumpsum,19-08-2013,,https://irdai.gov.in/documents/37343/931203/CRITICAL+ILLNESS+LUMPSUM_2013-2014.pdf/76508ab6-5475-30f2-4ac8-a443a1d4ae60?version=1.1&t=1668320666871&download=true,CRITICAL ILLNESS LUMPSUM_2013-2014.pdf,2026-08-20T14:23:13.912425+00:00
IRDA/NL-HLT/RSAI/P-H/V.I/189/13-14,Non-Archived,2013-2014,Royal Sundaram Alliance Insurance Company Limited,Double Protect,19-08-2013,,https://irdai.gov.in/documents/37343/931203/DOUBLE+PROTECT_2013-2014.pdf/2b5af670-f4fd-b24f-05b5-fdd5e9845794?version=1.1&t=1668320509275&download=true,DOUBLE PROTECT_2013-2014.pdf,2026-08-20T14:23:13.912425+00:00
IRDA/NL-HLT/RSAI/P-H/V.I/55/13-14,Non-Archived,2013-2014,Royal Sundaram Alliance Insurance Company Limited,Dr. Cash,01-07-2013,,https://irdai.gov.in/documents/37343/931203/DR.CASH_2013-2014.pdf/734ce735-76ef-27ac-9852-174e59850fa1?version=1.1&t=1668318924128&download=true,DR.CASH_2013-2014.pdf,2026-08-20T14:23:13.912425+00:00
IRDA/NL-HLT/RSAI/P-H/V.I/56/13-14,Non-Archived,2013-2014,Royal Sundaram Alliance Insurance Company Limited,Dr. Cash Plus,01-07-2013,,https://irdai.gov.in/documents/37343/931203/DR.+CASH+PLUS_2013-2014.pdf/66b69619-e515-e8a8-7468-ad7f6756ee64?version=1.1&t=1668319003720&download=true,DR. CASH PLUS_2013-2014.pdf,2026-08-20T14:23:13.912425+00:00
IRDA/NL-HLT/RSAI/P-H/V.I/206/13-14,Non-Archived,2013-2014,Royal Sundaram Alliance Insurance Company Limited,Family Good Health Insurance,04-09-2013,,https://irdai.gov.in/documents/37343/931203/FAMILY+GOOD+HEALTH+INSURANCE_2013-2014.pdf/eb29c0d2-94a6-c581-3199-d4fdd03cdb65?version=1.1&t=1668320867254&download=true,FAMILY GOOD HEALTH INSURANCE_2013-2014.pdf,2026-08-20T14:23:13.912425+00:00
IRDA/NL-HLT/RSAI/P-H/V.I/208/13-14,Non-Archived,2013-2014,Royal Sundaram Alliance Insurance Company Limited,Family Health Floater Policy,04-09-2013,,https://irdai.gov.in/documents/37343/931203/FAMILY+HEALTH+FLOATER+POLICY_2013-2014.pdf/072546be-3be9-faae-7495-885b70c8ae69?version=1.1&t=1668320962502&download=true,FAMILY HEALTH FLOATER POLICY_2013-2014.pdf,2026-08-20T14:23:13.912425+00:00
IRDA/NL-HLT/RSAI/P-H/V.I/207/13-14,Non-Archived,2013-2014,Royal Sundaram Alliance Insurance Company Limited,Family Health Protector Policy,04-09-2013,,https://irdai.gov.in/documents/37343/931203/FAMILY+HEALTH+PROTECTOR+POLICY_2013-2014.pdf/9005ddff-3c0d-3e39-3d70-006ddc383669?version=1.1&t=1668320912119&download=true,FAMILY HEALTH PROTECTOR POLICY_2013-2014.pdf,2026-08-20T14:23:13.912425+00:00
IRDA/NL-HLT/RSAI/P-H/V.I/314/13-14,Non-Archived,2013-2014,Royal Sundaram Alliance Insurance Company Limited,Farmers Package Insurance Policy,09-10-2013,,https://irdai.gov.in/documents/37343/931203/Farmers+Package+Insurance+Policy_2013-2014.pdf/2430cf1e-e378-14e7-bcbe-c3d9c2433799?version=1.1&t=1668328745278&download=true,Farmers Package Insurance Policy_2013-2014.pdf,2026-08-20T14:23:13.912425+00:00
IRDA/NL-HLT/RSAI/P-H/V.I/313/13-14,Non-Archived,2013-2014,Royal Sundaram Alliance Insurance Company Limited,Grameen Suraksha Bima,09-10-2013,,https://irdai.gov.in/documents/37343/931203/Grameen+Suraksha+Bima_2013-2014.pdf/b0291aec-0d22-775d-d7b7-6e2ed3ff8939?version=1.1&t=1668328628871&download=true,Grameen Suraksha Bima_2013-2014.pdf,2026-08-20T14:23:13.912425+00:00
IRDA/NL-HLT/RSAI/P-H/V.I/261/13-14,Non-Archived,2013-2014,Royal Sundaram Alliance Insurance Company Limited,Gramin Arokya Raksha Insurance,27-09-2013,,https://irdai.gov.in/documents/37343/931203/Gramin+Arokya+Raksha+Insurance_2013-2014.pdf/2b6a05a6-6750-fd8e-478c-fbdd9ff3c54a?version=1.1&t=1668321732618&download=true,Gramin Arokya Raksha Insurance_2013-2014.pdf,2026-08-20T14:23:13.912425+00:00
IRDA/NL-HLT/RSAI/P-H/V.I/184/13-14,Non-Archived,2013-2014,Royal Sundaram Alliance Insurance Company Limited,Group Health Policy,19-08-2013,,https://irdai.gov.in/documents/37343/931203/GROUP+HEALTH+POLICY_2013-2014.pdf/364c4e26-ffd7-5b51-5ad4-4fe9db7244d3?version=1.1&t=1668320153007&download=true,GROUP HEALTH POLICY_2013-2014.pdf,2026-08-20T14:23:13.912425+00:00
IRDA/NL-HLT/RSAI/P-P/V.I/185/13-14,Non-Archived,2013-2014,Royal Sundaram Alliance Insurance Company Limited,Group Personal Accident Policy,19-08-2013,,https://irdai.gov.in/documents/37343/931203/GROUP+PERSONAL+ACCIDENT+POLICY_2013-08-19.pdf/73d3aad2-a3b0-986a-b5c9-34a3b886ad43?version=1.1&t=1668320206559&download=true,GROUP PERSONAL ACCIDENT POLICY_2013-08-19.pdf,2026-08-20T14:23:13.912425+00:00
IRDA/NL-HLT/RSAI/P-P/V.I/180/13-14,Non-Archived,2013-2014,Royal Sundaram Alliance Insurance Company Limited,Group Personal Accident Policy (APA 002),19-08-2013,,https://irdai.gov.in/documents/37343/931203/GROUP+PERSONAL+ACCIDENT+POLICY+%28APA+002%29_2013-2014.pdf/cc3c8652-8a5b-d6af-efb6-38817e5c8577?version=1.1&t=1668319743411&download=true,GROUP PERSONAL ACCIDENT POLICY (APA 002)_2013-2014.pdf,2026-08-20T14:23:13.912425+00:00
IRDA/NL-HLT/RSAI/P-H/V.II/211/13-14,Non-Archived,2013-2014,Royal Sundaram Alliance Insurance Company Limited,Health Forever,28-03-2014,,https://irdai.gov.in/documents/37343/931203/HEALTH+FOREVER_2013-2014.pdf/d28ac99d-fe0f-1e06-1e64-efa694732e35?version=1.1&t=1668328830580&download=true,HEALTH FOREVER_2013-2014.pdf,2026-08-20T14:23:13.912425+00:00
IRDA/NL-HLT/RSAI/P-H/V.I/270/13-14,Non-Archived,2013-2014,Royal Sundaram Alliance Insurance Company Limited,Health Shield Extra Policy,27-09-2013,,https://irdai.gov.in/documents/37343/931203/HEALTH+SHIELD+EXTRA+POLICY_2013-2014.pdf/35f3dba6-a9d7-cd51-89cb-5ee56c20cac2?version=1.1&t=1668322145157&download=true,HEALTH SHIELD EXTRA POLICY_2013-2014.pdf,2026-08-20T14:23:13.912425+00:00
IRDA/NL-HLT/RSAI/P-H/V.I/263/13-14,Non-Archived,2013-2014,Royal Sundaram Alliance Insurance Company Limited,Health Shield Gold Insurance,27-09-2013,,https://irdai.gov.in/documents/37343/931203/HEALTH+SHIELD+GOLD+INSURANCE_2013-2014.pdf/995d20e1-aff4-2866-20c1-63cc2f14753d?version=1.1&t=1668321802095&download=true,HEALTH SHIELD GOLD INSURANCE_2013-2014.pdf,2026-08-20T14:23:13.912425+00:00
IRDA/NL-HLT/RSAI/P-H/V.I/264/13-14,Non-Archived,2013-2014,Royal Sundaram Alliance Insurance Company Limited,Health Shield Normal Insurance,27-09-2013,,https://irdai.gov.in/documents/37343/931203/HEALTH+SHIELD+NORMAL+INSURANCE_2013-2014.pdf/37dc2f7f-79ab-94bb-7bd1-67113b452f54?version=1.1&t=1668321853382&download=true,HEALTH SHIELD NORMAL INSURANCE_2013-2014.pdf,2026-08-20T14:23:13.912425+00:00
IRDA/NL-HLT/RSAI/P-H/V.I/268/13-14,Non-Archived,2013-2014,Royal Sundaram Alliance Insurance Company Limited,Health Shield Platinum,09-10-2013,,https://irdai.gov.in/documents/37343/931203/HEALTH+SHIELD+PLATINUM_2013-2014.pdf/64d7893e-96e5-1ed1-5b6c-7e6f22e96599?version=1.1&t=1668322073474&download=true,HEALTH SHIELD PLATINUM_2013-2014.pdf,2026-08-20T14:23:13.912425+00:00
IRDA/NL-HLT/RSAI/P-H/V.I/265/13-14,Non-Archived,2013-2014,Royal Sundaram Alliance Insurance Company Limited,Health Shield Premiere Insurance,27-09-2013,,https://irdai.gov.in/documents/37343/931203/HEALTH+SHIELD+PREMIERE+INSURANCE_2013-2014.pdf/5707f6d8-0988-8830-7648-0b5cb187acd2?version=1.1&t=1668321894007&download=true,HEALTH SHIELD PREMIERE INSURANCE_2013-2014.pdf,2026-08-20T14:23:13.912425+00:00
IRDA/NL-HLT/RSAI/P-H/V.I/210/13-14,Non-Archived,2013-2014,Royal Sundaram Alliance Insurance Company Limited,Health Shield Standard Policy,04-09-2013,,https://irdai.gov.in/documents/37343/931203/HEALTH+SHIELD+STANDARD+POLICY_2013-2014.pdf/ba079653-9e00-8058-f11c-db4d33dcac44?version=1.1&t=1668321049550&download=true,HEALTH SHIELD STANDARD POLICY_2013-2014.pdf,2026-08-20T14:23:13.912425+00:00
IRDA/NL-HLT/RSAI/P-H/V.I/176/13-14,Non-Archived,2013-2014,Royal Sundaram Alliance Insurance Company Limited,Hospital Benefit Plan,19-08-2013,,https://irdai.gov.in/documents/37343/931203/HOSPITAL+BENEFIT+PLAN_2013-2014.pdf/d89b3b24-4db6-696e-91f9-1644b3071c58?version=1.1&t=1668319440321&download=true,HOSPITAL BENEFIT PLAN_2013-2014.pdf,2026-08-20T14:23:13.912425+00:00
IRDA/NL-HLT/RSAI/P-H/V.I/57/13-14,Non-Archived,2013-2014,Royal Sundaram Alliance Insurance Company Limited,Hospital Benefit Plus Insurance,01-07-2013,,https://irdai.gov.in/documents/37343/931203/HOSPITAL+BENEFIT+PLUS+INSURANCE_2013-2014.pdf/02c0dd14-0844-b017-4665-78278ebf3167?version=1.1&t=1668319094627&download=true,HOSPITAL BENEFIT PLUS INSURANCE_2013-2014.pdf,2026-08-20T14:23:13.912425+00:00
IRDA/NL-HLT/RSAI/P-H/V.I/179/13-14,Non-Archived,2013-2014,Royal Sundaram Alliance Insurance Company Limited,Hospital Care Plan,19-08-2013,,https://irdai.gov.in/documents/37343/931203/HOSPITAL+CARE+PLAN_2013-2014.pdf/ec4d8194-9682-8ca4-7689-400459e582cd?version=1.1&t=1668319640497&download=true,HOSPITAL CARE PLAN_2013-2014.pdf,2026-08-20T14:23:13.912425+00:00
IRDA/NL-HLT/RSAI/P-H/V.I/182/13-14,Non-Archived,2013-2014,Royal Sundaram Alliance Insurance Company Limited,Hospital Cash Insurance,19-08-2013,,https://irdai.gov.in/documents/37343/931203/HOSPITAL+CASH+INSURANCE_2013-2014.pdf/9a99074f-9a38-f148-643f-acc49edeec34?version=1.1&t=1668319895899&download=true,HOSPITAL CASH INSURANCE_2013-2014.pdf,2026-08-20T14:23:13.912425+00:00
IRDA/NL-HLT/RSAI/P-H/V.I/178/13-14,Non-Archived,2013-2014,Royal Sundaram Alliance Insurance Company Limited,Hospital Cash Online policy,19-08-2013,,https://irdai.gov.in/documents/37343/931203/HOSPITAL+CASH+ONLINE+POLICY_2013-2014.pdf/4bf34fe3-3892-47d0-4cf9-6bd25b3eb5e0?version=1.1&t=1668319588299&download=true,HOSPITAL CASH ONLINE POLICY_2013-2014.pdf,2026-08-20T14:23:13.912425+00:00
IRDA/NL-HLT/RSAI/P-H/V.I/177/13-14,Non-Archived,2013-2014,Royal Sundaram Alliance Insurance Company Limited,Hospital Cash Plan for Std Chartered Bank Customers,19-08-2013,,https://irdai.gov.in/documents/37343/931203/HOSPITAL+CASH+PLAN+FOR+STANDARD+CHARTERED+BANK+CUSTOMERS_2013-2014.pdf/0637bffc-5c64-a9a2-1922-2082f66ea0e9?version=1.1&t=1668319530939&download=true,HOSPITAL CASH PLAN FOR STANDARD CHARTERED BANK CUSTOMERS_2013-2014.pdf,2026-08-20T14:23:13.912425+00:00
IRDA/NL-HLT/RSAI/P-H/V.I/212/13-14,Non-Archived,2013-2014,Royal Sundaram Alliance Insurance Company Limited,Hospital Plus,04-09-2013,,https://irdai.gov.in/documents/37343/931203/HOSPITAL+PLUS_2013-2014.pdf/c769df1d-1457-83d0-0ea6-8b70536c6a2a?version=1.1&t=1668321097996&download=true,HOSPITAL PLUS_2013-2014.pdf,2026-08-20T14:23:13.912425+00:00
IRDA/NL-HLT/RSAI/P-H/V.I/183/13-14,Non-Archived,2013-2014,Royal Sundaram Alliance Insurance Company Limited,Income Protector Plus Policy,19-08-2013,,https://irdai.gov.in/documents/37343/931203/INCOME+PROTECTOR+PLUS+POLICY_2013-2014.pdf/f00511cb-76cf-c3d4-dcba-a331d7d6f268?version=1.1&t=1668320058834&download=true,INCOME PROTECTOR PLUS POLICY_2013-2014.pdf,2026-08-20T14:23:13.912425+00:00
IRDA/NL-HLT/RSAI/P-H/V.I/215/13-14,Non-Archived,2013-2014,Royal Sundaram Alliance Insurance Company Limited,Individual Personal Accident Policy (Accidental Death & Disablement Only),27-09-2013,,https://irdai.gov.in/documents/37343/931203/INDIVIDUAL+PERSONAL+ACCIDENT+%28ACCIDENTAL+DEATH+%26+DIS2+%281%29_2013-2014.pdf/7d8da94e-4edf-a379-afaf-44a7b013bb82?version=1.1&t=1668321334756&download=true,INDIVIDUAL PERSONAL ACCIDENT (ACCIDENTAL DEATH & DIS2 (1)_2013-2014.pdf,2026-08-20T14:23:13.912425+00:00
IRDA/NL-HLT/RSAI/P-H/V.I/310/13-14,Non-Archived,2013-2014,Royal Sundaram Alliance Insurance Company Limited,Janatha Personal Accident,09-10-2013,,https://irdai.gov.in/documents/37343/931203/Janatha+Personal+Accident_2013-2014.pdf/f34f0900-6b05-84e5-da77-e04f4ee75c8e?version=1.1&t=1668324471444&download=true,Janatha Personal Accident_2013-2014.pdf,2026-08-20T14:23:13.912425+00:00
IRDA/NL-HLT/RSAI/P-H/V.I/213/13-14,Non-Archived,2013-2014,Royal Sundaram Alliance Insurance Company Limited,Master Product,04-09-2013,,https://irdai.gov.in/documents/37343/931203/MASTER+PRODUCT_2013-2014.pdf/86275204-4777-6330-30ee-2a527c5c996a?version=1.1&t=1668321164516&download=true,MASTER PRODUCT_2013-2014.pdf,2026-08-20T14:23:13.912425+00:00
IRDA/NL-HLT/RSAI/P-H/V.I/213/Plan IV/13-14,Non-Archived,2013-2014,Royal Sundaram Alliance Insurance Company Limited,Master Product - Ace Health Advantage,27-09-2013,,https://irdai.gov.in/documents/37343/931203/MASTER+PRODUCT+-+ACE+HEALTH+ADVANTAGE_2013-2014.pdf/549520d8-181a-b375-35aa-d680975385d1?version=1.1&t=1668322524948&download=true,MASTER PRODUCT - ACE HEALTH ADVANTAGE_2013-2014.pdf,2026-08-20T14:23:13.912425+00:00
IRDA/NL-HLT/RSAI/P-H/V.I/213/Plan II/13-14,Non-Archived,2013-2014,Royal Sundaram Alliance Insurance Company Limited,Master Product - Amsure Master Health Plan,27-09-2013,,https://irdai.gov.in/documents/37343/931203/MASTER+PRODUCT+-+AMSURE+MASTER+HEALTH+PLAN_2013-2014.pdf/2857957c-4fd9-3d25-5ee0-2eec384ee7f0?version=1.1&t=1668322355607&download=true,MASTER PRODUCT - AMSURE MASTER HEALTH PLAN_2013-2014.pdf,2026-08-20T14:23:13.912425+00:00
IRDA/NL-HLT/RSAI/P-H/V.I/213/Plan I/13-14,Non-Archived,2013-2014,Royal Sundaram Alliance Insurance Company Limited,Master Product - Total Health Advantage,27-09-2013,,https://irdai.gov.in/documents/37343/931203/MASTER+PRODUCT+-+TOTAL+HEALTH+ADVANTAGE_2013-2014.pdf/f5ada9eb-bd27-64ef-a5fb-5264caa702b7?version=1.1&t=1668322301658&download=true,MASTER PRODUCT - TOTAL HEALTH ADVANTAGE_2013-2014.pdf,2026-08-20T14:23:13.912425+00:00
IRDA/NL-HLT/RSAI/P-H/V.I/213/Plan III/13-14,Non-Archived,2013-2014,Royal Sundaram Alliance Insurance Company Limited,Master Product - Total Health Plus,27-09-2013,,https://irdai.gov.in/documents/37343/931203/MASTER+PRODUCT+-TOTAL+HEALTH+PLUS_2013-2014.pdf/40f680ef-1d59-5bf5-eb16-e899728af0eb?version=1.1&t=1668322431500&download=true,MASTER PRODUCT -TOTAL HEALTH PLUS_2013-2014.pdf,2026-08-20T14:23:13.912425+00:00
IRDA/NL-HLT/RSAI/P-H/V.I/58/13-14,Non-Archived,2013-2014,Royal Sundaram Alliance Insurance Company Limited,Medicash Plan,01-07-2013,,https://irdai.gov.in/documents/37343/931203/MEDICASH+PLAN_2013-2014.pdf/ccd358b7-521f-b820-71a8-82233e65ce62?version=1.1&t=1668319267077&download=true,MEDICASH PLAN_2013-2014.pdf,2026-08-20T14:23:13.912425+00:00
IRDA/NL-HLT/RSAI/P-H/V.I/266/13-14,Non-Archived,2013-2014,Royal Sundaram Alliance Insurance Company Limited,Medisafe Insurance Policy,27-09-2013,,https://irdai.gov.in/documents/37343/931203/MEDISAFE+INSURANCE+POLICY_2013-2014.pdf/0284b038-463c-378f-9cc4-3282488b7463?version=1.1&t=1668321937622&download=true,MEDISAFE INSURANCE POLICY_2013-2014.pdf,2026-08-20T14:23:13.912425+00:00
IRDA/NL-HLT/RSAI/P-H/V.I/269/13-14,Non-Archived,2013-2014,Royal Sundaram Alliance Insurance Company Limited,Medishield,27-09-2013,,https://irdai.gov.in/documents/37343/931203/MEDISHIELD_2013-2014.pdf/565da5ed-bbaa-9246-748a-34f5fb1d60b2?version=1.1&t=1668322110665&download=true,MEDISHIELD_2013-2014.pdf,2026-08-20T14:23:13.912425+00:00
IRDA/NL-HLT/RSAI/P-H/V.I/260/13-14,Non-Archived,2013-2014,Royal Sundaram Alliance Insurance Company Limited,Micro Health Shield,27-09-2013,,https://irdai.gov.in/documents/37343/931203/Micro+Health+Shield_2013-2014.pdf/19c170b3-86c9-857d-ef02-6fcff99e5c59?version=1.1&t=1668321642633&download=true,Micro Health Shield_2013-2014.pdf,2026-08-20T14:23:13.912425+00:00
IRDA/NL-HLT/RSAI/P-P/V.I/188/13-14,Non-Archived,2013-2014,Royal Sundaram Alliance Insurance Company Limited,Personal Accident Care Gold Insurance,19-08-2013,,https://irdai.gov.in/documents/37343/931203/PERSONAL+ACCIDENT+CARE+GOLD+INSURANCE_2013-2014.pdf/e891e6ec-fb0a-d692-82af-fda2b62ed70f?version=1.1&t=1668320449266&download=true,PERSONAL ACCIDENT CARE GOLD INSURANCE_2013-2014.pdf,2026-08-20T14:23:13.912425+00:00
IRDA/NL-HLT/RSAI/P-P/V.I/187/13-14,Non-Archived,2013-2014,Royal Sundaram Alliance Insurance Company Limited,Personal Accident Care Platinum Insurance,19-08-2013,,https://irdai.gov.in/documents/37343/931203/PERSONAL+ACCIDENT+CARE+PLATINUM+INSURANCE_2013-2014.pdf/54edee83-b799-dbc8-7480-069577a88805?version=1.1&t=1668320379634&download=true,PERSONAL ACCIDENT CARE PLATINUM INSURANCE_2013-2014.pdf,2026-08-20T14:23:13.912425+00:00
IRDA/NL-HLT/RSAI/P-H/V.I/309/13-14,Non-Archived,2013-2014,Royal Sundaram Alliance Insurance Company Limited,Rashtriya Swasthya Bima Yojana,09-10-2013,,https://irdai.gov.in/documents/37343/931203/Rashtriya+Swasthya+Bima+Yojana_2013-10-09.pdf/161d677d-d2cb-d00d-ef90-08fa3e9d4eac?version=1.1&t=1668322608464&download=true,Rashtriya Swasthya Bima Yojana_2013-10-09.pdf,2026-08-20T14:23:13.912425+00:00
IRDA/NL-HLT/RSAI/P-P/V.I/262/13-14,Non-Archived,2013-2014,Royal Sundaram Alliance Insurance Company Limited,Rural Accident Insurance Policy,27-09-2013,,https://irdai.gov.in/documents/37343/931203/Rural+Accident+Insurance+Policy_2013-2014.pdf/c5c1e8ca-217c-4413-ebf4-615224b3aebf?version=1.1&t=1668321766393&download=true,Rural Accident Insurance Policy_2013-2014.pdf,2026-08-20T14:23:13.912425+00:00
IRDA/NL-HLT/RSAI/P-H/V.I/311/13-14,Non-Archived,2013-2014,Royal Sundaram Alliance Insurance Company Limited,Rural Hospital Cash (Variance of Dr. Cash Plus),09-10-2013,,https://irdai.gov.in/documents/37343/931203/Rural+Hospital+Cash+%28Variance+of+Dr.Cash+Plus%29_2013-2014.pdf/194b17ff-ef64-1895-7c6b-879026cf52ab?version=1.1&t=1668324646083&download=true,Rural Hospital Cash (Variance of Dr.Cash Plus)_2013-2014.pdf,2026-08-20T14:23:13.912425+00:00
IRDA/NL-HLT/RSAI/P-H/V.I/190/13-14,Non-Archived,2013-2014,Royal Sundaram Alliance Insurance Company Limited,Secure All,19-08-2013,,https://irdai.gov.in/documents/37343/931203/SECURE+ALL_2013-2014.pdf/6c4fc416-e18d-89f9-c5e4-465df42fcd72?version=1.1&t=1668320596184&download=true,SECURE ALL_2013-2014.pdf,2026-08-20T14:23:13.912425+00:00
IRDA/NL-HLT/RSAI/P-H/V.I/312/13-14,Non-Archived,2013-2014,Royal Sundaram Alliance Insurance Company Limited,Shakthi Security Shield,09-10-2013,,https://irdai.gov.in/documents/37343/931203/Shakthi+Security+Shield_2013-2014.pdf/793fb10e-edd2-592a-82f1-3d5241b3e8ea?version=1.1&t=1668328538247&download=true,Shakthi Security Shield_2013-2014.pdf,2026-08-20T14:23:13.912425+00:00
IRDA/NL-HLT/RSAI/P-H/V.I/181/13-14,Non-Archived,2013-2014,Royal Sundaram Alliance Insurance Company Limited,Smart Cash Plan,19-08-2013,,https://irdai.gov.in/documents/37343/931203/SMART+CASH+PLAN_2013-2014.pdf/a91e2dae-ae9d-772b-de74-983931cf1736?version=1.1&t=1668319822837&download=true,SMART CASH PLAN_2013-2014.pdf,2026-08-20T14:23:13.912425+00:00
IRDA/NL-HLT/RSAI/P-H/V.I/59/13-14,Non-Archived,2013-2014,Royal Sundaram Alliance Insurance Company Limited,Super Hospital Cash Plan,01-07-2013,,https://irdai.gov.in/documents/37343/931203/SUPER+HOSPITAL+CASH+PLAN_2013-2014.pdf/fecf33b0-a19f-261c-911e-72df764ff274?version=1.1&t=1668319348446&download=true,SUPER HOSPITAL CASH PLAN_2013-2014.pdf,2026-08-20T14:23:13.912425+00:00
IRDA/NL-HLT/RSAI/P-P/V.I/54/13-14,Non-Archived,2013-2014,Royal Sundaram Alliance Insurance Company Limited,Suraksha Personal Accident Insurance,01-07-2013,,https://irdai.gov.in/documents/37343/931203/SURAKSHA+PERSONAL+ACCIDENT+INSURANCE_2013-2014.pdf/70748033-b95a-fd85-e500-10495d848120?version=1.1&t=1668318845065&download=true,SURAKSHA PERSONAL ACCIDENT INSURANCE_2013-2014.pdf,2026-08-20T14:23:13.912425+00:00
IRDA/NL-HLT/RSAI/P-H/V.I/186/13-14,Non-Archived,2013-2014,Royal Sundaram Alliance Insurance Company Limited,Surgical Shield Insurance Policy,19-08-2013,,https://irdai.gov.in/documents/37343/931203/SURGICAL+SHIELD+INSURANCE+POLICY_2013-2014.pdf/5015b7cd-8095-1924-e1ff-0a77d83c9a98?version=1.1&t=1668320298093&download=true,SURGICAL SHIELD INSURANCE POLICY_2013-2014.pdf,2026-08-20T14:23:13.912425+00:00
IRDA/NL-HLT/RSAI/P-H/V.I/194/13-14,Non-Archived,2013-2014,Royal Sundaram Alliance Insurance Company Limited,Surgicare,19-08-2013,,https://irdai.gov.in/documents/37343/931203/SURGICARE_2013-2014.pdf/e5c91536-37a2-b2ff-4634-d943591930fe?version=1.1&t=1668320830164&download=true,SURGICARE_2013-2014.pdf,2026-08-20T14:23:13.912425+00:00
IRDA/NL-HLT/RSAI/P-H/V.I/271/13-14,Non-Archived,2013-2014,Royal Sundaram Alliance Insurance Company Limited,Tax Saver Health Shield,27-09-2013,,https://irdai.gov.in/documents/37343/931203/TAX+SAVER+HEALTH+SHIELD_2013-2014.pdf/3aeaf68f-d37b-898f-d8c5-32465eb04e30?version=1.1&t=1668322191337&download=true,TAX SAVER HEALTH SHIELD_2013-2014.pdf,2026-08-20T14:23:13.912425+00:00
IRDA/NL-HLT/RSAI/P-H/V.I/209/13-14,Non-Archived,2013-2014,Royal Sundaram Alliance Insurance Company Limited,Top Up Insurance - Health XS and Super Health XS Policy,04-09-2013,,https://irdai.gov.in/documents/37343/931203/TOP+UP+INSURANCE-HEALTH+XS+AND+SUPER+HEALTH+XS+POLICY_2013-2014.pdf/20b50b37-6839-7fe1-fece-d5774abdf7c8?version=1.1&t=1668320995025&download=true,TOP UP INSURANCE-HEALTH XS AND SUPER HEALTH XS POLICY_2013-2014.pdf,2026-08-20T14:23:13.912425+00:00
IRDA/NL-HLT/RSAI/P-H/V.I/219/13-14,Non-Archived,2013-2014,Royal Sundaram Alliance Insurance Company Limited,Travel Safe,04-09-2013,,https://irdai.gov.in/documents/37343/931203/TRAVEL+SAFE_2013-2014.pdf/32e61357-e3c1-bc6a-fdad-4ed4cc7bb459?version=1.1&t=1668321552391&download=true,TRAVEL SAFE_2013-2014.pdf,2026-08-20T14:23:13.912425+00:00
IRDA/NL-HLT/RSAI/P-H/V.I/216/13-14,Non-Archived,2013-2014,Royal Sundaram Alliance Insurance Company Limited,Travel Shield - Single Trip,27-09-2013,,https://irdai.gov.in/documents/37343/931203/TRAVEL+SHIELD-SINGLE+TRIP_2013-2014.pdf/75131269-3e98-2673-f796-917267af8ae1?version=1.1&t=1668321416792&download=true,TRAVEL SHIELD-SINGLE TRIP_2013-2014.pdf,2026-08-20T14:23:13.912425+00:00
IRDA/NL-HLT/RSAI/P-H/V.I/218/13-14,Non-Archived,2013-2014,Royal Sundaram Alliance Insurance Company Limited,Travel Shield Domestic Insurance,04-09-2013,,https://irdai.gov.in/documents/37343/931203/TRAVEL+SHIELD+DOMESTIC+INSURANCE_2013-2014.pdf/f320411b-2287-f001-baf3-5a181d5ce23d?version=1.1&t=1668321502073&download=true,TRAVEL SHIELD DOMESTIC INSURANCE_2013-2014.pdf,2026-08-20T14:23:13.912425+00:00
IRDA/NL-HLT/RSAI/P-H/V.I/272/13-14,Non-Archived,2013-2014,Royal Sundaram Alliance Insurance Company Limited,Travel Shield Plus - Corporate Frequent Traveller,27-09-2013,,https://irdai.gov.in/documents/37343/931203/TRAVEL+SHIELD+PLUS-CORPORATE+FREQUENT+TRAVELLER_2013-2014.pdf/11417e99-757e-3414-caea-10ce4d4d34a8?version=1.1&t=1668322237529&download=true,TRAVEL SHIELD PLUS-CORPORATE FREQUENT TRAVELLER_2013-2014.pdf,2026-08-20T14:23:13.912425+00:00
IRDA/NL-HLT/RSAI/P-H/V.I/220/13-14,Non-Archived,2013-2014,Royal Sundaram Alliance Insurance Company Limited,Travel Shield Plus - Multi Trip,27-09-2013,,https://irdai.gov.in/documents/37343/931203/TRAVEL+SHIELD+PLUS-MULTI+TRIP_2013-2014.pdf/35cc9620-f9dd-3cae-52fe-06869e8a139e?version=1.1&t=1668321598070&download=true,TRAVEL SHIELD PLUS-MULTI TRIP_2013-2014.pdf,2026-08-20T14:23:13.912425+00:00
RSAHLIP23029V012223,Non-Archived,2022-2023,Royal Sundaram Gen Ins Co ltd,Advanced Topup Health Insurance Plan,02-06-2022,Individual,https://irdai.gov.in/documents/37343/931203/RSAHLIP23029V012223.pdf/b7d2c470-905a-a968-ecdc-e46ee886170e?version=1.0&t=1669350891324&download=true,RSAHLIP23029V012223.pdf,2026-08-20T14:23:13.912425+00:00
RSAHLGP19010V011819,Non-Archived,2018-2019,Royal Sundaram General Insurance Co,Suraksha Kavach 1 to 4,18-01-2018,Group,https://irdai.gov.in/documents/37343/931203/RSAHLGP19010V011819_2018-2019.pdf/00824618-0ebb-2963-955a-5e80762d63c5?version=1.1&t=1668509417689&download=true,RSAHLGP19010V011819_2018-2019.pdf,2026-08-20T14:23:13.912425+00:00
RSAHLIP21048V012021,Non-Archived,2020-2021,Royal Sundaram General Insurance Co ltd,COVID Secure,06-03-2020,New,https://irdai.gov.in/documents/37343/931203/RSAHLIP21048V012021_2020-2021.pdf/287a8d9e-42cb-c4d1-78b6-acf1f5e18256?version=1.1&t=1668751934317&download=true,RSAHLIP21048V012021_2020-2021.pdf,2026-08-20T14:23:13.912425+00:00
RSAHLIP18105V011718,Non-Archived,2017-2018,Royal Sundaram General Insurance Co ltd,Family Plus,31-12-2017,,https://irdai.gov.in/documents/37343/931203/RS_FamilyPlus_2017-2018.pdf/8e7b6b89-5481-b9b8-330b-b241d3115a8b?version=1.1&t=1668426880299&download=true,RS_FamilyPlus_2017-2018.pdf,2026-08-20T14:23:13.912425+00:00
RSAHLIP21054V022021,Non-Archived,2020-2021,Royal Sundaram General Insurance Co ltd,Royal Life Line,06-11-2020,Revision,https://irdai.gov.in/documents/37343/931203/RSAHLIP21054V022021_2020-2021.pdf/2039dad1-58dc-cdb5-ab28-9e004a16dbcb?version=1.1&t=1668751988579&download=true,RSAHLIP21054V022021_2020-2021.pdf,2026-08-20T14:23:13.912425+00:00
RSATIOP18116V011718,Non-Archived,2017-2018,Royal Sundaram General Insurance Co ltd,Travel Secure,02-08-2018,,https://irdai.gov.in/documents/37343/931203/RSA_TravelSecure_2017-2018.pdf/75b3c2f3-1afd-d772-215d-cdb9a1368761?version=1.1&t=1668426914138&download=true,RSA_TravelSecure_2017-2018.pdf,2026-08-20T14:23:13.912425+00:00
RSAHLIP20177V011920,Non-Archived,2019-2020,Royal Sundaram General Insurance Co. Ltd,"Arogya Sanjeevani Policy, Royal Sundaram General Insurance Co. Ltd",31-03-2020,New,https://irdai.gov.in/documents/37343/931203/RSAHLIP20177V011920_2019-2020.pdf/be5ba2f0-adf2-60e7-93c7-22f48bc7ab3b?version=1.1&t=1668576301612&download=true,RSAHLIP20177V011920_2019-2020.pdf,2026-08-20T14:23:13.912425+00:00
RSAHLIP21094V012021,Non-Archived,2020-2021,Royal Sundaram General Insurance Co. Ltd,"Corona Kavach Policy, Royal Sundaram General Insurance Co. Ltd",07-10-2020,New,https://irdai.gov.in/documents/37343/931203/RSAHLIP21094V012021_2020-2021.pdf/6e340976-6625-500f-d777-05da9b76ec07?version=1.1&t=1668152690176&download=true,RSAHLIP21094V012021_2020-2021.pdf,2026-08-20T14:23:13.912425+00:00
RSAHLIP22200V032122,Non-Archived,2021-2022,Royal Sundaram General Insurance Co. Ltd,Family Plus,31-01-2022,Revision,https://irdai.gov.in/documents/37343/931203/RSAHLIP22200V032122.pdf/b9943f7e-00af-9ad6-fe3b-452f0c06d86a?version=1.1&t=1668853346816&download=true,RSAHLIP22200V032122.pdf,2026-08-20T14:23:13.912425+00:00
RSAHLIP21403V022021,Non-Archived,2020-2021,Royal Sundaram General Insurance Co. Ltd.,Family Plus,22-09-2020,Revision,https://irdai.gov.in/documents/37343/931203/RSAHLIP21403V022021_2020-2021.pdf/4155c34a-30f5-98e6-2015-3d9ebfea649d?version=1.1&t=1668753237021&download=true,RSAHLIP21403V022021_2020-2021.pdf,2026-08-20T14:23:13.912425+00:00
RSAHLGP21542V012021,Non-Archived,2020-2021,Royal Sundaram General Insurance Co. Ltd.,"Group Arogya Sanjeevani Policy,Royal Sundaram General Insurance Co. Limited",31-03-2021,Group,https://irdai.gov.in/documents/37343/931203/RSAHLGP21542V012021_2020-2021.pdf/cf3b91fa-f7ea-563e-6d3c-21ebb034ae1e?version=1.1&t=1668752049109&download=true,RSAHLGP21542V012021_2020-2021.pdf,2026-08-20T14:23:13.912425+00:00
RSAHLGP21250V012021,Non-Archived,2020-2021,Royal Sundaram General Insurance Co. Ltd.,Group Covid secure,14-09-2020,Group,https://irdai.gov.in/documents/37343/931203/RSAHLGP21250V012021_2020-2021.pdf/20626570-f774-59a2-47ba-388d59e8c634?version=1.1&t=1668752159611&download=true,RSAHLGP21250V012021_2020-2021.pdf,2026-08-20T14:23:13.912425+00:00
RSAHLGP21439V022021,Non-Archived,2020-2021,Royal Sundaram General Insurance Co. Ltd.,Group Health Policy,24-09-2020,Revision,https://irdai.gov.in/documents/37343/931203/RSAHLGP21439V022021_2020-2021.pdf/444bf7c8-7936-9bdd-8146-451d02ed599e?version=1.1&t=1668752289116&download=true,RSAHLGP21439V022021_2020-2021.pdf,2026-08-20T14:23:13.912425+00:00
RSAHLGP21438V022021,Non-Archived,2020-2021,Royal Sundaram General Insurance Co. Ltd.,Group Personal Accident Policy,24-09-2020,Revision,https://irdai.gov.in/documents/37343/931203/RSAHLGP21438V022021_2020-2021.pdf/d5b1ed17-8743-19cb-0a64-aeab93dffc6f?version=1.1&t=1668752211950&download=true,RSAHLGP21438V022021_2020-2021.pdf,2026-08-20T14:23:13.912425+00:00
RSAHLIP21402V032021,Non-Archived,2020-2021,Royal Sundaram General Insurance Co. Ltd.,Lifeline,22-09-2020,Revision,https://irdai.gov.in/documents/37343/931203/RSAHLIP21402V032021_2020-2021.pdf/6531bb94-4f66-cade-4f44-5b214ef00f5a?version=1.1&t=1668752501810&download=true,RSAHLIP21402V032021_2020-2021.pdf,2026-08-20T14:23:13.912425+00:00
RSAHLIP21431V022021,Non-Archived,2020-2021,Royal Sundaram General Insurance Co. Ltd.,Master Product,24-09-2020,Revision,https://irdai.gov.in/documents/37343/931203/RSAHLIP21431V022021_2020-2021.pdf/45377a40-c704-1bed-b93a-d25da9cbb9e4?version=1.1&t=1668753320944&download=true,RSAHLIP21431V022021_2020-2021.pdf,2026-08-20T14:23:13.912425+00:00
RSAHLIP21436V022021,Non-Archived,2020-2021,Royal Sundaram General Insurance Co. Ltd.,Master Product -Ace Health Advantage,24-09-2020,Revision,https://irdai.gov.in/documents/37343/931203/RSAHLIP21436V022021_2020-2021.pdf/d8806bf6-3da4-c458-af37-f207c3593fac?version=1.1&t=1668753620192&download=true,RSAHLIP21436V022021_2020-2021.pdf,2026-08-20T14:23:13.912425+00:00
RSAHLIP21435V022021,Non-Archived,2020-2021,Royal Sundaram General Insurance Co. Ltd.,Master Product -Total Health Plus,24-09-2020,Revision,https://irdai.gov.in/documents/37343/931203/RSAHLIP21435V022021_2020-2021.pdf/664a88aa-5174-afd2-996e-56d4c6141040?version=1.1&t=1668753564504&download=true,RSAHLIP21435V022021_2020-2021.pdf,2026-08-20T14:23:13.912425+00:00
RSAHLIP21434V022021,Non-Archived,2020-2021,Royal Sundaram General Insurance Co. Ltd.,Master Product-Amsure Master Health Plan,24-09-2020,Revision,https://irdai.gov.in/documents/37343/931203/RSAHLIP21434V022021_2020-2021.pdf/2bd74864-8f64-b7b6-9922-058bd63f7183?version=1.1&t=1668753509431&download=true,RSAHLIP21434V022021_2020-2021.pdf,2026-08-20T14:23:13.912425+00:00
RSAHLIP21433V022021,Non-Archived,2020-2021,Royal Sundaram General Insurance Co. Ltd.,Mater Product -Total Health Advantage,24-09-2020,Revision,https://irdai.gov.in/documents/37343/931203/RSAHLIP21433V022021_2020-2021.pdf/d366477b-4ae9-8497-6771-95bf7593af83?version=1.1&t=1668753434189&download=true,RSAHLIP21433V022021_2020-2021.pdf,2026-08-20T14:23:13.912425+00:00
RSAHMIP21440V022021,Non-Archived,2020-2021,Royal Sundaram General Insurance Co. Ltd.,Micro Health Shield,24-09-2020,Revision,https://irdai.gov.in/documents/37343/931203/RSAHMIP21440V022021_2020-2021.pdf/9a89ac99-0571-765f-20b6-e037436c9be5?version=1.1&t=1668754062663&download=true,RSAHMIP21440V022021_2020-2021.pdf,2026-08-20T14:23:13.912425+00:00
RSAHLGP21441V022021,Non-Archived,2020-2021,Royal Sundaram General Insurance Co. Ltd.,Rural Accident Insurance Policy,24-09-2020,Revision,https://irdai.gov.in/documents/37343/931203/RSAHLGP21441V022021_2020-2021.pdf/c581ff2c-beb2-0af7-8057-0902ded8cd9d?version=1.1&t=1668752384787&download=true,RSAHLGP21441V022021_2020-2021.pdf,2026-08-20T14:23:13.912425+00:00
RSAHMGP21443V022021,Non-Archived,2020-2021,Royal Sundaram General Insurance Co. Ltd.,Rural Accident Insurance Policy - Micro Insurance Product (Group),24-09-2020,Revision,https://irdai.gov.in/documents/37343/931203/RSAHMGP21443V022021_2020-2021.pdf/5abbf359-ad0b-f831-59c5-f961eabf3856?version=1.1&t=1668754011257&download=true,RSAHMGP21443V022021_2020-2021.pdf,2026-08-20T14:23:13.912425+00:00
RSAHLGP21442V022021,Non-Archived,2020-2021,Royal Sundaram General Insurance Co. Ltd.,Rural Hospital Cash (Variance of Dr. Cash Plus),24-09-2020,Revision,https://irdai.gov.in/documents/37343/931203/RSAHLGP21442V022021_2020-2021.pdf/1193e768-f434-34cf-20d6-64e70b69effa?version=1.1&t=1668752445934&download=true,RSAHLGP21442V022021_2020-2021.pdf,2026-08-20T14:23:13.912425+00:00
RSAPAIP21632V012021,Non-Archived,2020-2021,Royal Sundaram General Insurance Co. Ltd.,"Saral Suraksha Bima, Royal Sundaram General Insurance Co. Ltd",03-11-2021,New,https://irdai.gov.in/documents/37343/931203/RSAPAIP21632V012021_2020-2021.pdf/538df0c2-ccb2-a0a8-f04b-ca8068ce3615?version=1.1&t=1668752103934&download=true,RSAPAIP21632V012021_2020-2021.pdf,2026-08-20T14:23:13.912425+00:00
RSAHLIP21437V022021,Non-Archived,2020-2021,Royal Sundaram General Insurance Co. Ltd.,Secure All,24-09-2020,Revision,https://irdai.gov.in/documents/37343/931203/RSAHLIP21437V022021_2020-2021.pdf/11ceee65-09f7-0f7c-48c5-2f8a51ba8a52?version=1.1&t=1668753957379&download=true,RSAHLIP21437V022021_2020-2021.pdf,2026-08-20T14:23:13.912425+00:00
RSAHLIP21432V022021,Non-Archived,2020-2021,Royal Sundaram General Insurance Co. Ltd.,Top Up Insurance – Health XS and Super Health XS Policy,24-09-2020,Revision,https://irdai.gov.in/documents/37343/931203/RSAHLIP21432V022021_2020-2021.pdf/7523c921-84dd-29b1-68a7-fd303d6eea5f?version=1.1&t=1668753379709&download=true,RSAHLIP21432V022021_2020-2021.pdf,2026-08-20T14:23:13.912425+00:00
IRDAI/HLT/RSAI/P-H/V.II/32/15-16,Non-Archived,2015-2016,Royal Sundaram General Insurance Company Ltd,Life Line,12-09-2015,,https://irdai.gov.in/documents/37343/931203/RS+GIC+-+Life+Line_2015-2016.pdf/728da57b-b360-0574-a4f6-12224e3043ad?version=1.1&t=1668409291192&download=true,RS GIC - Life Line_2015-2016.pdf,2026-08-20T14:23:13.912425+00:00
IRDAI/HLT/RSAI/P-H/V.II/181/14-15,Non-Archived,2015-2016,Royal Sundaram General Insurance Company Ltd,Smart Cash Plan,12-08-2015,,https://irdai.gov.in/documents/37343/931203/RS+GIC+-+Smart+Cash+Plan_2015-2016.pdf/5018203f-246c-f333-779b-4462a67068e0?version=1.1&t=1668409241407&download=true,RS GIC - Smart Cash Plan_2015-2016.pdf,2026-08-20T14:23:13.912425+00:00
IRDAI/HLT/RSGI/P-T(G)/V.I/44/2016-17,Non-Archived,2016-2017,Royal Sundaram General Insurnace Co ltd,Optional Travel Insurance for e-ticket passengers of IRCTC,04-01-2017,Group,https://irdai.gov.in/documents/37343/931203/RSGIC-IRCTCGPA_2016-2017.pdf/6a9b7534-d090-5566-cf3f-f17551196eac?version=1.1&t=1668419542281&download=true,RSGIC-IRCTCGPA_2016-2017.pdf,2026-08-20T14:23:13.912425+00:00
IRDAI/HLT/RSGI/P-P/V.I/12/16-17,Non-Archived,2016-2017,Royal Sundram General Insurance Co Ltd,Janatha Personal Accident Product - Micro Insurance product ( group),29-07-2016,Micro,https://irdai.gov.in/documents/37343/931203/RSGIC-GroupJPA-Micro_2016-2017.pdf/30108b43-d837-c031-b572-d6b8df5daa55?version=1.1&t=1668419580726&download=true,RSGIC-GroupJPA-Micro_2016-2017.pdf,2026-08-20T14:23:13.912425+00:00
IRDAI/HLT/RSGI/P-P/V.I/14/16-17,Non-Archived,2016-2017,Royal Sundram General Insurance Co Ltd,Rural Accident Insurance Policy Micro Insurance product (group),29-07-2016,Micro,https://irdai.gov.in/documents/37343/931203/RSGIC-GroupRuralAccidentMicro_2016-2017.pdf/8f19fc63-e5e1-0b0d-522a-1d7e72dcc83f?version=1.1&t=1668419669864&download=true,RSGIC-GroupRuralAccidentMicro_2016-2017.pdf,2026-08-20T14:23:13.912425+00:00
IRDAI/HLT/RSGI/P-P/V.I/13/16-17,Non-Archived,2016-2017,Royal Sundram General Insurance Co Ltd,Shakthi Security Shield Micro Insurance Product ( group),29-07-2016,Micro,https://irdai.gov.in/documents/37343/931203/RSGIC-GroupShakthiSecurityShield-Micro_2016-2017.pdf/d0a20241-d48e-51c2-ea9e-1115a937deb0?version=1.1&t=1668419634475&download=true,RSGIC-GroupShakthiSecurityShield-Micro_2016-2017.pdf,2026-08-20T14:23:13.912425+00:00
IRDA/NL-HLT/SBIGI/P-H/V.I/465/13-14,Non-Archived,2014-2015,SBI General Insurance Co. Ltd.,Argya Premier Policy,06-09-2014,,https://irdai.gov.in/documents/37343/931203/Arogya+Premier+Policy_2014-2015.pdf/aabddb92-0022-39c4-28bd-5c01217da0db?version=1.1&t=1668239460970&download=true,Arogya Premier Policy_2014-2015.pdf,2026-08-20T14:23:13.912425+00:00
SBIHLIP21334V022021,Non-Archived,2020-2021,SBI General Insurance Co. Ltd.,Arogya Plus Policy,21-09-2020,Revision,https://irdai.gov.in/documents/37343/931203/SBIHLIP21334V022021_2020-2021.pdf/795f87cc-9379-3147-754f-9e392f6e5ae6?version=1.1&t=1668754931137&download=true,SBIHLIP21334V022021_2020-2021.pdf,2026-08-20T14:23:13.912425+00:00
IRDA/NL-HLT/SBIGI/P-H/V.I/473/13-14,Non-Archived,2014-2015,SBI General Insurance Co. Ltd.,Arogya Plus Policy,06-10-2014,,https://irdai.gov.in/documents/37343/931203/Arogya+Plus+Policy_2014-2015.pdf/398c6faa-9755-1a25-b777-995fba1fc28b?version=1.1&t=1668239512202&download=true,Arogya Plus Policy_2014-2015.pdf,2026-08-20T14:23:13.912425+00:00
SBIHLIP21332V022021,Non-Archived,2020-2021,SBI General Insurance Co. Ltd.,Arogya Premier Policy,24-09-2020,Revision,https://irdai.gov.in/documents/37343/931203/SBIHLIP21332V022021_2020-2021.pdf/df8f1e9a-bed4-eb1f-b36a-3e556aa4d81d?version=1.1&t=1668754825142&download=true,SBIHLIP21332V022021_2020-2021.pdf,2026-08-20T14:23:13.912425+00:00
SBIHLGP21111V012021,Non-Archived,2020-2021,SBI General Insurance Co. Ltd.,"Arogya Sanjeevani Policy, SBI General Insurance Company Limited- Group",07-11-2020,Group,https://irdai.gov.in/documents/37343/931203/SBIHLGP21111V012021_2020-2021.pdf/c5649767-da4f-e835-1798-b1e74f47c24e?version=1.1&t=1668754548669&download=true,SBIHLGP21111V012021_2020-2021.pdf,2026-08-20T14:23:13.912425+00:00
SBIHMIP21598V012021,Non-Archived,2020-2021,SBI General Insurance Co. Ltd.,"Arogya Sanjeevani, SBI General Insurance Co. limited- Micro Insurance Product",26-02-2021,New,https://irdai.gov.in/documents/37343/931203/SBIHMGP21599V012021_2020-2021.pdf/0c079c58-8f2a-eb62-e5f9-e08b359c8fc1?version=1.1&t=1668754217990&download=true,SBIHMGP21599V012021_2020-2021.pdf,2026-08-20T14:23:13.912425+00:00
SBIHMGP21599V012021,Non-Archived,2020-2021,SBI General Insurance Co. Ltd.,"Arogya Sanjeevani,SBI General Insurance Co.limited- Group- Micro Insurance Product",01-01-2021,Group,https://irdai.gov.in/documents/37343/931203/SBIHLGP21605V012021.pdf/651c3322-c5c7-1f55-5a25-58c36b8287d2?version=1.1&t=1668754168171&download=true,SBIHLGP21605V012021.pdf,2026-08-20T14:23:13.912425+00:00
SBIHLIP21043V012122,Non-Archived,2021-2022,SBI General Insurance Co. Ltd.,Arogya Supreme,04-06-2021,Individual,https://irdai.gov.in/documents/37343/931203/SBIHLIP21043V012122_HEALTH2046.pdf/a7ae7064-d08b-718d-e2b0-ed00576693a9?version=1.1&t=1668768148722&download=true,SBIHLIP21043V012122_HEALTH2046.pdf,2026-08-20T14:23:13.912425+00:00
SBIHLIP21333V022021,Non-Archived,2020-2021,SBI General Insurance Co. Ltd.,Arogya Top Up Policy,21-09-2020,Revision,https://irdai.gov.in/documents/37343/931203/SBIHLIP21333V022021_2020-2021.pdf/ab608f40-cc65-e0a8-ce49-220a89897e11?version=1.1&t=1668754879683&download=true,SBIHLIP21333V022021_2020-2021.pdf,2026-08-20T14:23:13.912425+00:00
IRDA/NL-HLT/SBIGI/P-H/V.I/477/13-14,Non-Archived,2014-2015,SBI General Insurance Co. Ltd.,Arogya Top Up Policy,06-10-2014,,https://irdai.gov.in/documents/37343/931203/Arogya+Top+Up+Policy_2014-2015.pdf/7687ba5d-baa3-8a36-7c42-6b561e9d5c9c?version=1.1&t=1668239382182&download=true,Arogya Top Up Policy_2014-2015.pdf,2026-08-20T14:23:13.912425+00:00
SBIHLIP21120V012021,Non-Archived,2020-2021,SBI General Insurance Co. Ltd.,"Corona Rakshak Policy, SBIGeneral Insurance Co. Ltd",23-07-2020,Individual,https://irdai.gov.in/documents/37343/931203/SBIHLIP21120V012021_2020-2021.pdf/b7d46f49-a8a7-4ede-9c02-f9161dfce5ff?version=1.1&t=1668754707868&download=true,SBIHLIP21120V012021_2020-2021.pdf,2026-08-20T14:23:13.912425+00:00
SBIHLGP21330V022021,Non-Archived,2020-2021,SBI General Insurance Co. Ltd.,Group Health Insurance Policy,24-09-2020,Revision,https://irdai.gov.in/documents/37343/931203/SBIHLGP21330V022021_2020-2021.pdf/bbc1ab6e-3a4a-b607-928c-74e58ee4dcf8?version=1.1&t=1668754653146&download=true,SBIHLGP21330V022021_2020-2021.pdf,2026-08-20T14:23:13.912425+00:00
SBIHLIP21331V032021,Non-Archived,2020-2021,SBI General Insurance Co. Ltd.,Health Insurance Policy -Retail,24-09-2020,Revision,https://irdai.gov.in/documents/37343/931203/SBIHLIP21331V032021_2020-2021.pdf/76f3e7e3-4607-578a-a59e-095d455770d2?version=1.1&t=1668754761683&download=true,SBIHLIP21331V032021_2020-2021.pdf,2026-08-20T14:23:13.912425+00:00
SBIPMGP21594V012021,Non-Archived,2020-2021,SBI General Insurance Co. Ltd.,Jan Rakshak Personal Accident Micro Insurance Product,25-02-2021,Group,https://irdai.gov.in/documents/37343/931203/SBIPAIP21639V012021_2020-2021.pdf/6dbad6c4-ca99-7625-9180-a56a568e1dc3?version=1.1&t=1668754344483&download=true,SBIPAIP21639V012021_2020-2021.pdf,2026-08-20T14:23:13.912425+00:00
SBIPAIP20169V012021,Non-Archived,2020-2021,SBI General Insurance Co. Ltd.,Kutumb Swasthya Bima,25-08-2020,Individual,https://irdai.gov.in/documents/37343/931203/SBIPAIP20169V012021_2020-2021.pdf/3743e98e-0031-ce64-aeff-8471ac1d9d1f?version=1.1&t=1668754985510&download=true,SBIPAIP20169V012021_2020-2021.pdf,2026-08-20T14:23:13.912425+00:00
SBIPMIP21595V012021,Non-Archived,2020-2021,SBI General Insurance Co. Ltd.,Kutumb Swasthya Bima Micro Insurance Product,25-02-2021,New,https://irdai.gov.in/documents/37343/931203/SBIPMGP21596V012021_2020-2021.pdf/53254e0e-72d7-80bb-f299-51d81fbfb608?version=1.1&t=1668754448072&download=true,SBIPMGP21596V012021_2020-2021.pdf,2026-08-20T14:23:13.912425+00:00
SBIPMGP21596 V012021,Non-Archived,2020-2021,SBI General Insurance Co. Ltd.,Kutumb Swasthya Bima Micro Insurance Product -Group,25-02-2021,Group,https://irdai.gov.in/documents/37343/931203/SBIPMGP21594V012021_2020-2021.pdf/a73d044d-983b-efb5-59c3-b9995bc0388e?version=1.1&t=1668754394736&download=true,SBIPMGP21594V012021_2020-2021.pdf,2026-08-20T14:23:13.912425+00:00
IRDA/NL-HLT/SBIGI/P-H/V.II/114/13-14,Non-Archived,2014-2015,SBI General Insurance Co. Ltd.,Loan Insurance Policy,22-12-2014,,https://irdai.gov.in/documents/37343/931203/Loan+Insurance+Policy_2014-2015.pdf/9e5e8926-7832-ac9d-d38f-2598fabf7cd4?version=1.1&t=1668239324346&download=true,Loan Insurance Policy_2014-2015.pdf,2026-08-20T14:23:13.912425+00:00
SBIHLGP21605V012021,Non-Archived,2020-2021,SBI General Insurance Co. Ltd.,Sampoorna Arogya-Group,26-02-2021,Group,https://irdai.gov.in/documents/37343/931203/SBIHLGP21605V012021_2020-2021.pdf/a56cff02-97a3-9d55-0b54-86c418b828e3?version=1.1&t=1668754116780&download=true,SBIHLGP21605V012021_2020-2021.pdf,2026-08-20T14:23:13.912425+00:00
SBIPAIP21639V012021,Non-Archived,2020-2021,SBI General Insurance Co. Ltd.,"Saral Suraksha Bima, SBI General Insurance Company Limited",31-03-2021,New,https://irdai.gov.in/documents/37343/931203/SBIHMIP21598V012021_2020-2021.pdf/af6093f6-43ec-a8db-5c4f-d68087f6e0da?version=1.1&t=1668754285826&download=true,SBIHMIP21598V012021_2020-2021.pdf,2026-08-20T14:23:13.912425+00:00
SBIHLGP21122V012021,Non-Archived,2020-2021,SBI General Insurance Co. Ltd.,Vector Borne Disease Cover- Group,28-07-2020,Group,https://irdai.gov.in/documents/37343/931203/SBIHLGP21122V012021_2020-2021.pdf/cba524df-137f-32e1-6158-4f02646d14df?version=1.1&t=1668754601518&download=true,SBIHLGP21122V012021_2020-2021.pdf,2026-08-20T14:23:13.912425+00:00
SBIHLIP20180V011920,Non-Archived,2019-2020,SBI General Insurance Co.Ltd,"Arogya Sanjeevani Policy, SBI General Insurance Company Limited",04-01-2020,New,https://irdai.gov.in/documents/37343/931203/SBIHLIP20180V011920_2019-2020.pdf/2de1fc0b-c744-58c9-289d-4b45fa29113a?version=1.1&t=1668576395137&download=true,SBIHLIP20180V011920_2019-2020.pdf,2026-08-20T14:23:13.912425+00:00
SBIHIGP22227V012122,Non-Archived,2021-2022,SBI General Insurance Co.Ltd,Comprehensive Loan Insurance,16-03-2022,Group,https://irdai.gov.in/documents/37343/931203/SBIHIGP22227V012122.pdf/23cea532-028e-937e-37f4-c7bf001d16d6?version=1.1&t=1668853405201&download=true,SBIHIGP22227V012122.pdf,2026-08-20T14:23:13.912425+00:00
SBIHLIP21090V012021,Non-Archived,2020-2021,SBI General Insurance Co.Ltd,"Corona Kavach Policy, SBI General Insurance Company Limited",07-08-2020,New,https://irdai.gov.in/documents/37343/931203/SBIHLIP21090V012021_2020-2021.pdf/03f6f807-e4cf-be70-89ba-9d9da4f0cb6a?version=1.1&t=1668152626178&download=true,SBIHLIP21090V012021_2020-2021.pdf,2026-08-20T14:23:13.912425+00:00
SBIPAGP22181V012122,Non-Archived,2021-2022,SBI General Insurance Co.Ltd.,Optional Travel Insurance(GPA) for E-ticket Passengers of IRCTC,18-11-2021,Health,https://irdai.gov.in/documents/37343/931203/Optional+Travel+Insurance%28GPA%29+for+E-ticket+Passengers+of+IRCTC.pdf/ebd8c24f-3243-8b6f-d2d9-0a57271e1683?version=1.1&t=1668754445882&download=true,Optional Travel Insurance(GPA) for E-ticket Passengers of IRCTC.pdf,2026-08-20T14:23:13.912425+00:00
IRDAI/HLT/SBIGI/P-T/V.I/10/16-17,Non-Archived,2016-2017,SBI General Insurance Company Limited,Group Domestic Travel Policy,20-07-2016,Group,https://irdai.gov.in/documents/37343/931203/SBIGeneral_GroupDomesticTravelPolicy_2016-2017.pdf/8fe23b24-7f5d-b84d-14a0-8a7378d69be9?version=1.1&t=1668419787138&download=true,SBIGeneral_GroupDomesticTravelPolicy_2016-2017.pdf,2026-08-20T14:23:13.912425+00:00
IRDA/NL-HLT/SBIGI/P-H/V.I/39/13-14,Non-Archived,2013-2014,SBI General Insurance Company Limited,Group Health Insurance Policy,20-06-2013,,https://irdai.gov.in/documents/37343/931203/Group+Health+Insurance+Policy_2013-06-20.pdf/5e05edfc-281a-e95f-c930-ee42b46d5c94?version=1.1&t=1668329004599&download=true,Group Health Insurance Policy_2013-06-20.pdf,2026-08-20T14:23:13.912425+00:00
IRDA/NL-HLT/SBIGI/P-P/V.I/44/13-14,Non-Archived,2013-2014,SBI General Insurance Company Limited,Group Personal Accident,20-06-2013,,https://irdai.gov.in/documents/37343/931203/Group+Personal+Accident_2013-06-20.pdf/6556a955-4ecc-b8cb-4e45-9dc13d413585?version=1.1&t=1668329394645&download=true,Group Personal Accident_2013-06-20.pdf,2026-08-20T14:23:13.912425+00:00
IRDA/NL-HLT/SBIGI/P-H/V.II/40/13-14,Non-Archived,2013-2014,SBI General Insurance Company Limited,Health Insurance Policy - Retail,06-03-2014,,https://irdai.gov.in/documents/37343/931203/Health+Insurance+Policy+-+Retail_2013-2014.pdf/6ef81cd4-7bce-ee40-3042-f2a4525dd02e?version=1.1&t=1668329591887&download=true,Health Insurance Policy - Retail_2013-2014.pdf,2026-08-20T14:23:13.912425+00:00
SBIHLGP23005V012223,Non-Archived,2022-2023,SBI General Insurance Company Limited,HospiCash Loan Insurance,05-04-2022,Group,https://irdai.gov.in/documents/37343/931203/SBIHLGP23005V012223.pdf/1b3cfe22-c762-61a7-414a-29d7c6bb3eec?version=1.0&t=1669351077027&download=true,SBIHLGP23005V012223.pdf,2026-08-20T14:23:13.912425+00:00
IRDA/NL-HLT/SBIGI/P-H/V.I/41/13-14,Non-Archived,2013-2014,SBI General Insurance Company Limited,Hospital Daily Cash Insurance Policy,20-06-2013,,https://irdai.gov.in/documents/37343/931203/Hospital+Daily+Cash+Insurance+Policy_2013-2014.pdf/5880f029-dcb2-0b36-0a9e-69ce21ea4ecb?version=1.1&t=1668329115348&download=true,Hospital Daily Cash Insurance Policy_2013-2014.pdf,2026-08-20T14:23:13.912425+00:00
IRDA/NL-HLT/SBIGI/P-P/V.I/46/13-14,Non-Archived,2013-2014,SBI General Insurance Company Limited,Individual Personal Accident,20-06-2013,,https://irdai.gov.in/documents/37343/931203/Individual+Personal+Accident_2013-2014.pdf/b1ba12b8-4c4b-d8f7-1da4-20c7bce40c0b?version=1.1&t=1668329433656&download=true,Individual Personal Accident_2013-2014.pdf,2026-08-20T14:23:13.912425+00:00
IRDA/NL-HLT/SBIGI/P-H/V.I/43/13-14,Non-Archived,2013-2014,SBI General Insurance Company Limited,Micro Insurance Policy,20-06-2013,,https://irdai.gov.in/documents/37343/931203/Micro+Insurance+Policy_2013-2014.pdf/c4e4f757-55cb-f1d9-90ad-3b583e2b8957?version=1.2&t=1668329308049&download=true,Micro Insurance Policy_2013-2014.pdf,2026-08-20T14:23:13.912425+00:00
SBIHLIP23050V012223,Non-Archived,2022-2023,SBI General Insurance Company Limited,Super Health Insurance,23-06-2022,Individual,https://irdai.gov.in/documents/37343/931203/SBIHLIP23050V012223.pdf/de34fc22-e5b0-d313-41b1-9bcd4243d600?version=1.0&t=1669351245742&download=true,SBIHLIP23050V012223.pdf,2026-08-20T14:23:13.912425+00:00
IRDA/NL-HLT/SBIGI/P-T/V.I/36/13-14,Non-Archived,2013-2014,SBI General Insurance Company Limited,Travel Insurance (Business and Holiday),19-02-2014,,https://irdai.gov.in/documents/37343/931203/Travel+Insurance%28Business+%26+Holiday%29_2013-2014.pdf/fefca797-cb13-5746-952f-6501a1ca1d5c?version=1.1&t=1668328937589&download=true,Travel Insurance(Business & Holiday)_2013-2014.pdf,2026-08-20T14:23:13.912425+00:00
IRDAI/HLT/SBIGI/P-T/V.II/36/16-17,Non-Archived,2016-2017,SBI General Insurance Company Limited,Travel Insurance (Business and Holiday) (Revision),09-06-2016,Retail,https://irdai.gov.in/documents/37343/931203/SBIGeneral_TravelInsurance_2016-2017.pdf/3d13cdb0-658f-7f35-b4a1-cd23ae56e956?version=1.1&t=1668419737400&download=true,SBIGeneral_TravelInsurance_2016-2017.pdf,2026-08-20T14:23:13.912425+00:00
IRDAI/HLT/SBIGI/P-T/V.I/85/14-15,Non-Archived,2015-2016,SBI General Insurance Company Ltd,Group Business Travel (international) insurance,23-11-2015,,https://irdai.gov.in/documents/37343/931203/SBI+GI_Group+Business+Travel%28International%29+Insurance_2015-2016.pdf/5e1723ce-52ec-729b-a0ca-00ff12c10b34?version=1.1&t=1668409477939&download=true,SBI GI_Group Business Travel(International) Insurance_2015-2016.pdf,2026-08-20T14:23:13.912425+00:00
IRDA/NL-HLT/SBIGI/P-H(C)/V.I/42/13-14,Non-Archived,2013-2014,SBI General Insurance company Limited,Critical illness Insurance policy,20-06-2013,,https://irdai.gov.in/documents/37343/931203/Critical+Illness+Insurance+Policy_2013-06-20.pdf/564b6502-5027-b231-141d-8dbc1c7460ce?version=1.3&t=1668918289224&download=true,Critical Illness Insurance Policy_2013-06-20.pdf,2026-08-20T14:23:13.912425+00:00
SGLPAGP21621V012021,Non-Archived,2020-2021,Shriam General Insurance Co. Ltd.,"Saral Suraksha Bima (Group), Shriram General Insurance Co. Ltd.",03-09-2021,Group,https://irdai.gov.in/documents/37343/931203/SGLPAGP21621V012021_2020-2021.pdf/6e32fb34-ebbf-3257-1fb6-22d554cb7fd5?version=1.1&t=1668755103237&download=true,SGLPAGP21621V012021_2020-2021.pdf,2026-08-20T14:23:13.912425+00:00
SGLPAIP21620V012021,Non-Archived,2020-2021,Shriam General Insurance Co. Ltd.,"Saral Suraksha Bima, Shriram General Insurance Co. Ltd.",30-03-2021,New,https://irdai.gov.in/documents/37343/931203/SGLPAIP21620V012021_2020-2021.pdf/9681ac27-4717-9521-31d5-bf4f411c4375?version=1.1&t=1668755170287&download=true,SGLPAIP21620V012021_2020-2021.pdf,2026-08-20T14:23:13.912425+00:00
SGLHLIP21570V012021,Non-Archived,2020-2021,Shriam General Insurance Co. Ltd.,Shri Vector Care Insurance Policy,30-03-2021,New,https://irdai.gov.in/documents/37343/931203/SBIPMIP21595V012021_2020-2021.pdf/f1d6e000-10f9-7a26-fa08-5f77813ee3d5?version=1.1&t=1668755037033&download=true,SBIPMIP21595V012021_2020-2021.pdf,2026-08-20T14:23:13.912425+00:00
SGLHLIP18034V011819,Non-Archived,2018-2019,Shriram General Insurance Co,ShriCriticare,20-07-2018,Retail,https://irdai.gov.in/documents/37343/931203/SGLHLIP18034V011819_2018-2019.pdf/a1826996-56b0-449f-7a44-0ecdc86f8b5a?version=1.1&t=1668509455137&download=true,SGLHLIP18034V011819_2018-2019.pdf,2026-08-20T14:23:13.912425+00:00
IRDAI/HLT/SGI/IRCTC GOVT SCHEME/V.I/17/16-17,Non-Archived,2016-2017,Shriram General Insurance Co ltd,Optional Travel Insurance for E-Ticket Passgers of IRCTC,30-09-2016,Group,https://irdai.gov.in/documents/37343/931203/SGI_OptionalTravelInsuranceforE-TicketpassengersofIRCTC_2016-2017.pdf/16e6c09b-4be3-d287-2f28-282821dc1658?version=1.1&t=1668419834553&download=true,SGI_OptionalTravelInsuranceforE-TicketpassengersofIRCTC_2016-2017.pdf,2026-08-20T14:23:13.912425+00:00
IRDAI/HLT/SGI/P-P(G)/V.I/43/2016-17,Non-Archived,2016-2017,Shriram General Insurance Co ltd,Shri Group Personal Accident Insurance,04-01-2017,Group,https://irdai.gov.in/documents/37343/931203/SGI_ShriGroupPersonalAccidentInsurance_2016-2017.pdf/866a012a-7b2e-b943-5585-35d9849e0e5d?version=1.1&t=1668419884281&download=true,SGI_ShriGroupPersonalAccidentInsurance_2016-2017.pdf,2026-08-20T14:23:13.912425+00:00
SGLPAIP18047V011718,Non-Archived,2017-2018,Shriram General Insurance Co ltd,Shri Individual Personal Accident Insurance,17-10-2017,,https://irdai.gov.in/documents/37343/931203/SGI_ShriIndividualPersonalAccidentInsurance_2017-2018.pdf/8ad76a38-2ef5-29b9-e1bb-fc04ca805ff6?version=1.1&t=1668426975130&download=true,SGI_ShriIndividualPersonalAccidentInsurance_2017-2018.pdf,2026-08-20T14:23:13.912425+00:00
SGLHLIP18032V011718,Non-Archived,2017-2018,Shriram General Insurance Co ltd,Shri Loan Protect Insurance (Individual),31-08-2017,,https://irdai.gov.in/documents/37343/931203/SGI_ShreeLoanProtect_2017-2018.pdf/7892ef0a-fc6e-c39f-494e-3c052b95bc10?version=1.1&t=1668426943777&download=true,SGI_ShreeLoanProtect_2017-2018.pdf,2026-08-20T14:23:13.912425+00:00
SGLPMGP18114V011718,Non-Archived,2017-2018,Shriram General Insurance Co ltd,Shri Micro Group Personal Accident Insurance,31-01-2018,,https://irdai.gov.in/documents/37343/931203/SGL_ShriMicroGroupPersonalAccidentInsurance_2017-2018.pdf/9bf23f52-e3d8-8e5e-cd16-32b19147a053?version=1.1&t=1668427054914&download=true,SGL_ShriMicroGroupPersonalAccidentInsurance_2017-2018.pdf,2026-08-20T14:23:13.912425+00:00
SGLPMIP18113V011718,Non-Archived,2017-2018,Shriram General Insurance Co ltd,Shri Micro Individual Personal Accident Insurance,31-01-2018,,https://irdai.gov.in/documents/37343/931203/SGL_ShriMicroIndividualPersonalAccidentInsurance_2017-2018.pdf/3edf549a-8527-d45d-9301-22533d84bc5b?version=1.1&t=1668427090517&download=true,SGL_ShriMicroIndividualPersonalAccidentInsurance_2017-2018.pdf,2026-08-20T14:23:13.912425+00:00
SGLHLGP23014V012223,Non-Archived,2022-2023,Shriram General Insurance Co. Ltd,Shri Group Hospital Daily Cash Benefit Insurance Policy,13-04-2022,Group,https://irdai.gov.in/documents/37343/931203/SGLHLGP23014V012223.pdf/8f393658-d0ee-3f88-5979-a3b6e7f094b8?version=1.0&t=1669351448776&download=true,SGLHLGP23014V012223.pdf,2026-08-20T14:23:13.912425+00:00
SGLHLIP22230V012122,Non-Archived,2021-2022,Shriram General Insurance Co. Ltd,Shri Hospital Daily Cash Benefit Insurance,28-03-2022,Individual,https://irdai.gov.in/documents/37343/931203/SGLHLIP22230V012122.pdf/e81cde2a-e3b4-9d93-2407-f259affd01a3?version=1.1&t=1668853465799&download=true,SGLHLIP22230V012122.pdf,2026-08-20T14:23:13.912425+00:00
SGLHLIP23019V012223,Non-Archived,2022-2023,Shriram General Insurance Co. Ltd,Shri Sarv -Care Health Benefit Package Policy,26-04-2022,Individual,https://irdai.gov.in/documents/37343/931203/SGLHLIP23019V012223.pdf/513a488f-883e-f853-8faa-df485b623e3a?version=1.0&t=1669351648133&download=true,SGLHLIP23019V012223.pdf,2026-08-20T14:23:13.912425+00:00
SGLHLGP23026V012223,Non-Archived,2022-2023,Shriram General Insurance Co. Ltd,Shri Vector Care Group Insurance Policy,24-05-2022,Group,https://irdai.gov.in/documents/37343/931203/SGLHLGP23026V012223.pdf/00b3f5a1-6d89-9975-18dc-9b3ee5abe61a?version=1.0&t=1669351866287&download=true,SGLHLGP23026V012223.pdf,2026-08-20T14:23:13.912425+00:00
SGLHLIP21483V022021,Non-Archived,2020-2021,Shriram General Insurance Co. Ltd.,Shri Criticare Insurance,28-09-2020,Revision,https://irdai.gov.in/documents/37343/931203/SGLHLIP21483V022021_2020-2021.pdf/8821580e-967e-0052-9f46-3fb3aa2eb5b0?version=1.1&t=1668755334773&download=true,SGLHLIP21483V022021_2020-2021.pdf,2026-08-20T14:23:13.912425+00:00
SGLPAGP21478V022021,Non-Archived,2020-2021,Shriram General Insurance Co. Ltd.,Shri Group Personal Accident Insurance,28-09-2020,Revision,https://irdai.gov.in/documents/37343/931203/SGLPAGP21478V022021_2020-2021.pdf/1a8a7716-4c94-8141-c8aa-7cd3dca3187b?version=1.1&t=1668755380931&download=true,SGLPAGP21478V022021_2020-2021.pdf,2026-08-20T14:23:13.912425+00:00
SGLPAIP21477V022021,Non-Archived,2020-2021,Shriram General Insurance Co. Ltd.,Shri Individual Personal Accident Insurance,28-09-2020,Revision,https://irdai.gov.in/documents/37343/931203/SGLPAIP21477V022021_2020-2021.pdf/6d0a4ce8-287c-c5cf-9b99-d0861b18b0eb?version=1.1&t=1668755425055&download=true,SGLPAIP21477V022021_2020-2021.pdf,2026-08-20T14:23:13.912425+00:00
SGLHLIP21481V022021,Non-Archived,2020-2021,Shriram General Insurance Co. Ltd.,Shri Loan Protect insurance,28-09-2020,Revision,https://irdai.gov.in/documents/37343/931203/SGLHLIP21481V022021_2020-2021.pdf/3a7cea29-ab1e-1a7f-a71b-4e62d0af89d2?version=1.1&t=1668755281768&download=true,SGLHLIP21481V022021_2020-2021.pdf,2026-08-20T14:23:13.912425+00:00
SGLHLGP21482V022021,Non-Archived,2020-2021,Shriram General Insurance Co. Ltd.,Shri Loan Protect insurance (Group),28-09-2020,Revision,https://irdai.gov.in/documents/37343/931203/SGLHLGP21482V022021_2020-2021.pdf/ee68a803-b616-e781-7052-1ae34491d1fc?version=1.1&t=1668755226887&download=true,SGLHLGP21482V022021_2020-2021.pdf,2026-08-20T14:23:13.912425+00:00
SGLPMGP21480V022021,Non-Archived,2020-2021,Shriram General Insurance Co. Ltd.,Shri Micro Group Personal Accident Insurance,28-09-2020,Revision,https://irdai.gov.in/documents/37343/931203/SGLPMGP21480V022021_2020-2021.pdf/7d7b16df-f1c9-98a2-d2b1-d923fcc24ef5?version=1.1&t=1668755468569&download=true,SGLPMGP21480V022021_2020-2021.pdf,2026-08-20T14:23:13.912425+00:00
SGLPMIP21479V022021,Non-Archived,2020-2021,Shriram General Insurance Co. Ltd.,Shri Micro Individual Personal Accident Insurance,28-09-2020,Revision,https://irdai.gov.in/documents/37343/931203/SGLPMIP21479V022021_2020-2021.pdf/9accbd45-62b9-1196-567e-7455b1af4031?version=1.1&t=1668755514363&download=true,SGLPMIP21479V022021_2020-2021.pdf,2026-08-20T14:23:13.912425+00:00
IRDA/NL-HLT/SHGI/P-P/V.I/402/13-14,Non-Archived,2013-2014,Shriram General Insurance Company Limited,Janta Personal Accident Insurance (Group),01-11-2013,,https://irdai.gov.in/documents/37343/931203/Janta+Personal+Accident+Insurance+%28Group%29_2013-2014.pdf/48a43e63-4994-2dde-1228-0bebaf3512a0?version=1.1&t=1668329689114&download=true,Janta Personal Accident Insurance (Group)_2013-2014.pdf,2026-08-20T14:23:13.912425+00:00
IRDA/NL-HLT/SHGI/P-T/V.I/403/13-14,Non-Archived,2013-2014,Shriram General Insurance Company Limited,Overseas Travel Insurance,01-11-2013,,https://irdai.gov.in/documents/37343/931203/Overseas+Travel+Insurance_2013-2014.pdf/155bd625-e6bf-f6fa-ccc4-6988584f2bf4?version=1.1&t=1668329725990&download=true,Overseas Travel Insurance_2013-2014.pdf,2026-08-20T14:23:13.912425+00:00
IRDA/NL-HLT/SHGI/P-P/V.I/401/13-14,Non-Archived,2013-2014,Shriram General Insurance Company Limited,Personal Accident Insurance,01-11-2013,,https://irdai.gov.in/documents/37343/931203/Personal+Accident+Insurance_2013-11-01.pdf/d3be62f4-c35b-405a-0def-d16bed466f0a?version=1.1&t=1668329635574&download=true,Personal Accident Insurance_2013-11-01.pdf,2026-08-20T14:23:13.912425+00:00
SGLHLGP18080V011718,Non-Archived,2018-2019,Shriram General insurance Co. Ltd.,Shri Loan Protect Insurance (Group),16-11-2017,Group,https://irdai.gov.in/documents/37343/931203/SGLHLGP18080V011718_2018-2019.pdf/12a27374-0ad3-cd00-117e-db57e0c22bfd?version=1.1&t=1668509494955&download=true,SGLHLGP18080V011718_2018-2019.pdf,2026-08-20T14:23:13.912425+00:00
SHAHLIP22199V062122,Non-Archived,2021-2022,Star Health & Allied Insurance Co. Ltd,Senior Citizens Red Carpet Health Insurance Policy,27-01-2022,Revision,https://irdai.gov.in/documents/37343/931203/SHAHLIP22199V062122.pdf/e5830765-7541-0484-9119-330738250254?version=1.1&t=1668853579702&download=true,SHAHLIP22199V062122.pdf,2026-08-20T14:23:13.912425+00:00
SHAHLGP22213V012122,Non-Archived,2021-2022,Star Health & Allied Insurance Co. Ltd,Star Group Health Insurance Benefit Plus,28-02-2022,New,https://irdai.gov.in/documents/37343/931203/SHAHLGP22213V012122.pdf/aec16ac5-c166-39c1-9726-6ef02511c088?version=1.1&t=1668853524564&download=true,SHAHLGP22213V012122.pdf,2026-08-20T14:23:13.912425+00:00
SHAHLIP22226V012122,Non-Archived,2021-2022,Star Health & Allied Insurance Co. Ltd,Star Health Premier Insurance Policy,11-03-2022,Individual,https://irdai.gov.in/documents/37343/931203/SHAHLIP22226V012122.pdf/c6613fb9-5c51-db3b-f328-e310e35794ec?version=1.1&t=1668853701979&download=true,SHAHLIP22226V012122.pdf,2026-08-20T14:23:13.912425+00:00
SHAHLIP22231V012122,Non-Archived,2021-2022,Star Health & Allied Insurance Co. Ltd,Star Health and Allied Insurance Co. Ltd,29-03-2022,Revision,https://irdai.gov.in/documents/37343/931203/SHAHLIP22231V012122.pdf/6426137b-e339-610f-8bf2-c468a583f18f?version=1.1&t=1668853759058&download=true,SHAHLIP22231V012122.pdf,2026-08-20T14:23:13.912425+00:00
SHAHLIP22217V012122,Non-Archived,2021-2022,Star Health & Allied Insurance Co. Ltd,Star Women Care Insurance Policy,03-03-2022,New,https://irdai.gov.in/documents/37343/931203/SHAHLIP22217V012122.pdf/7afda123-c55e-7519-79fe-2eba9780c301?version=1.1&t=1668853646284&download=true,SHAHLIP22217V012122.pdf,2026-08-20T14:23:13.912425+00:00
SHAHLIP22027V032122,Non-Archived,2021-2022,Star Health & Allied Insurance Co. Ltd.,"Arogya Sanjeevani Policy, Star Health and Allied Insurance Co Ltd.”",31-05-2021,Revision,https://irdai.gov.in/documents/37343/931203/SHAHLIP22027V032122_HEALTH2049.pdf/f4d863fa-cd41-e55d-d747-d2ff2d88d060?version=1.1&t=1668769933635&download=true,SHAHLIP22027V032122_HEALTH2049.pdf,2026-08-20T14:23:13.912425+00:00
SHAHLIP22029V072122,Non-Archived,2021-2022,Star Health & Allied Insurance Co. Ltd.,Diabetes Safe Insurance Policy,31-05-2021,Revision,https://irdai.gov.in/documents/37343/931203/SHAHLIP22029V072122_HEALTH2051.pdf/45925d7a-2a00-121a-8f46-77ace2a9dbdb?version=1.1&t=1668770003870&download=true,SHAHLIP22029V072122_HEALTH2051.pdf,2026-08-20T14:23:13.912425+00:00
SHAHLIP21011V052122,Non-Archived,2021-2022,Star Health & Allied Insurance Co. Ltd.,Family Health Optima,20-04-2021,Revision,https://irdai.gov.in/documents/37343/931203/SHAHLIP21011V052122_HEALTH2048.pdf/0908d10e-0e74-d775-1951-b1ada54d999a?version=1.1&t=1668769888118&download=true,SHAHLIP21011V052122_HEALTH2048.pdf,2026-08-20T14:23:13.912425+00:00
SHAHLIP22030V062122,Non-Archived,2021-2022,Star Health & Allied Insurance Co. Ltd.,Family Health Optima Insurance Plan,31-05-2021,Revision,https://irdai.gov.in/documents/37343/931203/SHAHLIP22030V062122_HEALTH2052.pdf/1656a56f-10ec-f930-2175-146470c26773?version=1.1&t=1668770129657&download=true,SHAHLIP22030V062122_HEALTH2052.pdf,2026-08-20T14:23:13.912425+00:00
SHAHLGP22041V022122,Non-Archived,2021-2022,Star Health & Allied Insurance Co. Ltd.,Group Arogya Sanjeevani Policy - Star Health and Allied Insurance Co Ltd,03-06-2021,Group,https://irdai.gov.in/documents/37343/931203/SHAHLGP22041V022122_HEALTH2047.pdf/29355bef-167a-67ed-a590-99dd08cea2e6?version=1.1&t=1668769848121&download=true,SHAHLGP22041V022122_HEALTH2047.pdf,2026-08-20T14:23:13.912425+00:00
SHAHLIP22037V062122,Non-Archived,2021-2022,Star Health & Allied Insurance Co. Ltd.,Medi classic Insurance Policy (Individual),31-05-2021,Revision,https://irdai.gov.in/documents/37343/931203/SHAHLIP22037V062122_HEALTH2059.pdf/84822312-a2d1-d529-e565-57220ba65d83?version=1.1&t=1668770652811&download=true,SHAHLIP22037V062122_HEALTH2059.pdf,2026-08-20T14:23:13.912425+00:00
SHAPAIP22039V022122,Non-Archived,2021-2022,Star Health & Allied Insurance Co. Ltd.,"Saral Suraksha Bima, Star Health and Allied Insurance Co Ltd",31-05-2021,Revision,https://irdai.gov.in/documents/37343/931203/SHAPAIP22039V022122_HEALTH2062.pdf/dac9f66a-7968-247b-2d8b-6faa463d609a?version=1.1&t=1668770765263&download=true,SHAPAIP22039V022122_HEALTH2062.pdf,2026-08-20T14:23:13.912425+00:00
SHAHLIP22040V052122,Non-Archived,2021-2022,Star Health & Allied Insurance Co. Ltd.,Senior Citizens Red Carpet Health Insurance Policy,31-05-2021,Revision,https://irdai.gov.in/documents/37343/931203/SHAHLIP22040V052122_HEALTH2060.pdf/90e8300f-8f3c-8994-2598-cc59a52be20d?version=1.1&t=1668770691979&download=true,SHAHLIP22040V052122_HEALTH2060.pdf,2026-08-20T14:23:13.912425+00:00
SHAHLIP22031V022122,Non-Archived,2021-2022,Star Health & Allied Insurance Co. Ltd.,Star Cancer Care Platinum Insurance Policy,31-05-2021,Revision,https://irdai.gov.in/documents/37343/931203/SHAHLIP22031V022122_HEALTH2053.pdf/adc132de-870d-3692-b5c7-531b735b53ed?version=1.1&t=1668770165785&download=true,SHAHLIP22031V022122_HEALTH2053.pdf,2026-08-20T14:23:13.912425+00:00
SHAHLIP22032V052122,Non-Archived,2021-2022,Star Health & Allied Insurance Co. Ltd.,Star Cardiac Care Insurance Policy,31-05-2021,Revision,https://irdai.gov.in/documents/37343/931203/SHAHLIP22032V052122_HEALTH2054.pdf/22fda90f-06a6-94ea-b240-4834e31df9e5?version=1.1&t=1668770206380&download=true,SHAHLIP22032V052122_HEALTH2054.pdf,2026-08-20T14:23:13.912425+00:00
SHAHLIP22033V022122,Non-Archived,2021-2022,Star Health & Allied Insurance Co. Ltd.,Star Cardiac Care Insurance Policy- Platinum,31-05-2021,Revision,https://irdai.gov.in/documents/37343/931203/SHAHLIP22033V022122_HEALTH2055.pdf/832951e5-a787-2732-204d-2bdce977cf1a?version=1.1&t=1668770085996&download=true,SHAHLIP22033V022122_HEALTH2055.pdf,2026-08-20T14:23:13.912425+00:00
SHAHLIP22028V072122,Non-Archived,2021-2022,Star Health & Allied Insurance Co. Ltd.,Star Comprehensive Insurance Policy,31-05-2021,Revision,https://irdai.gov.in/documents/37343/931203/SHAHLIP22028V072122_HEALTH2050.pdf/70aade12-d528-1155-a8b7-c03d2cfecd15?version=1.1&t=1668769970678&download=true,SHAHLIP22028V072122_HEALTH2050.pdf,2026-08-20T14:23:13.912425+00:00
SHAHMIP22038V032122,Non-Archived,2021-2022,Star Health & Allied Insurance Co. Ltd.,Star Micro Rural and Farmers Care,31-05-2021,Revision,https://irdai.gov.in/documents/37343/931203/SHAHMIP22038V032122_HEALTH2061.pdf/12cd5773-6537-683e-a93f-52966b0b5715?version=1.1&t=1668770724935&download=true,SHAHMIP22038V032122_HEALTH2061.pdf,2026-08-20T14:23:13.912425+00:00
SHAHLIP22034V062122,Non-Archived,2021-2022,Star Health & Allied Insurance Co. Ltd.,Star Super Surplus (Floater) Insurance Policy,31-05-2021,Revision,https://irdai.gov.in/documents/37343/931203/SHAHLIP22034V062122_HEALTH2056.pdf/0d4d81da-3c15-1e47-4411-2b659b1404c9?version=1.1&t=1668770045948&download=true,SHAHLIP22034V062122_HEALTH2056.pdf,2026-08-20T14:23:13.912425+00:00
SHAHLIP22035V062122,Non-Archived,2021-2022,Star Health & Allied Insurance Co. Ltd.,Star Super Surplus Insurance Policy,31-05-2021,Revision,https://irdai.gov.in/documents/37343/931203/SHAHLIP22035V062122_HEALTH2057.pdf/70b278af-43e6-ebd7-f997-00d5733353ff?version=1.1&t=1668770514097&download=true,SHAHLIP22035V062122_HEALTH2057.pdf,2026-08-20T14:23:13.912425+00:00
SHAHLIP22036V042122,Non-Archived,2021-2022,Star Health & Allied Insurance Co. Ltd.,Young Star Insurance Policy,31-05-2021,Revision,https://irdai.gov.in/documents/37343/931203/SHAHLIP22036V042122_HEALTH2058.pdf/8122e501-b46f-c7a5-6205-df1c6a71acbc?version=1.1&t=1668770615755&download=true,SHAHLIP22036V042122_HEALTH2058.pdf,2026-08-20T14:23:13.912425+00:00
SHAHLGP21239V022021,Non-Archived,2020-2021,Star Health & Allied Insurance Co.Ltd.,Classic Group Health Insurance,13-09-2020,Revision,https://irdai.gov.in/documents/37343/931203/SHAHLGP21239V022021_2020-2021.pdf/2d0bda9d-e058-755d-3a63-26d5975c6cf6?version=1.1&t=1668589022989&download=true,SHAHLGP21239V022021_2020-2021.pdf,2026-08-20T14:23:13.912425+00:00
SHAHLIP21067V012021,Non-Archived,2020-2021,Star Health & Allied Insurance Co.Ltd.,"Corona Rakshak Policy, Star Health and Allied Insurance Co. Ltd",07-05-2020,Individual,https://irdai.gov.in/documents/37343/931203/SHAHLIP21067V012021_2020-2021.pdf/6232a632-d4d0-2395-2926-a49159ecaf53?version=1.1&t=1668589187060&download=true,SHAHLIP21067V012021_2020-2021.pdf,2026-08-20T14:23:13.912425+00:00
SHAHLIP21266V062021,Non-Archived,2020-2021,Star Health & Allied Insurance Co.Ltd.,Diabetes Safe Insurance Policy,17-09-2020,Revision,https://irdai.gov.in/documents/37343/931203/SHAHLIP21266V062021_2020-2021.pdf/3c26fa3a-1f45-0234-aefe-ef1d452307fa?version=1.1&t=1668591206224&download=true,SHAHLIP21266V062021_2020-2021.pdf,2026-08-20T14:23:13.912425+00:00
SHAHLGP21153V012021,Non-Archived,2020-2021,Star Health & Allied Insurance Co.Ltd.,"Group Arogya Sanjeevani Policy, Star Health and Allied Insurance Co. Ltd",18-08-2020,Group,https://irdai.gov.in/documents/37343/931203/SHAHLGP21153V012021_2020-2021.pdf/13f880ee-c798-fca4-e1ec-c2d15b0ed0d8?version=1.2&t=1668600462519&download=true,SHAHLGP21153V012021_2020-2021.pdf,2026-08-20T14:23:13.912425+00:00
SHAHLIP21241V052021,Non-Archived,2020-2021,Star Health & Allied Insurance Co.Ltd.,Mediclassic Accident Care (Individual) Insurance Policy,13-09-2020,Revision,https://irdai.gov.in/documents/37343/931203/SHAHLIP21241V052021_2020-2021.pdf/1735540d-9a97-dc60-f1b5-bc63b8d73bca?version=1.1&t=1668590904977&download=true,SHAHLIP21241V052021_2020-2021.pdf,2026-08-20T14:23:13.912425+00:00
SHAHLIP21215V052021,Non-Archived,2020-2021,Star Health & Allied Insurance Co.Ltd.,Mediclassic Insurance Policy (Individual),09-01-2020,Revision,https://irdai.gov.in/documents/37343/931203/SHAHLIP21215V052021_2020-2021.pdf/877ded08-1bfd-2db1-ce46-20d88873e51e?version=1.1&t=1668590785470&download=true,SHAHLIP21215V052021_2020-2021.pdf,2026-08-20T14:23:13.912425+00:00
SHAHLIP21265V042021,Non-Archived,2020-2021,Star Health & Allied Insurance Co.Ltd.,Senior Citizens Red Carpet Health Insurance Policy,17-09-2020,Revision,https://irdai.gov.in/documents/37343/931203/SHAHLIP21265V042021_2020-2021.pdf/86cdd203-06f9-c272-01ac-c3a8e2fe6299?version=1.1&t=1668591151916&download=true,SHAHLIP21265V042021_2020-2021.pdf,2026-08-20T14:23:13.912425+00:00
SHAHLIP21216V022021,Non-Archived,2020-2021,Star Health & Allied Insurance Co.Ltd.,Star Cancer Care Gold (Pilot Product),09-01-2020,Revision,https://irdai.gov.in/documents/37343/931203/SHAHLIP21216V022021_2020-2021.pdf/625975c9-e110-8f35-46ff-da3d89d80909?version=1.1&t=1668590816400&download=true,SHAHLIP21216V022021_2020-2021.pdf,2026-08-20T14:23:13.912425+00:00
SHAHLIP21264V042021,Non-Archived,2020-2021,Star Health & Allied Insurance Co.Ltd.,Star Cardiac Care Insurance Policy,17-09-2020,Revision,https://irdai.gov.in/documents/37343/931203/SHAHLIP21264V042021_2020-2021.pdf/5f73ae22-70f3-f7ec-a1ad-a232a261de48?version=1.1&t=1668591107736&download=true,SHAHLIP21264V042021_2020-2021.pdf,2026-08-20T14:23:13.912425+00:00
SHAHLIP21180V022021,Non-Archived,2020-2021,Star Health & Allied Insurance Co.Ltd.,Star Care Micro Insurance Policy,28-08-2020,Revision,https://irdai.gov.in/documents/37343/931203/SHAHLIP21180V022021_2020-2021.pdf/2831a9fd-95dc-148a-6d79-396ee3767500?version=1.1&t=1668589361372&download=true,SHAHLIP21180V022021_2020-2021.pdf,2026-08-20T14:23:13.912425+00:00
SHAHLIP21263V062021,Non-Archived,2020-2021,Star Health & Allied Insurance Co.Ltd.,Star Comprehensive Insurance Policy,17-09-2020,Revision,https://irdai.gov.in/documents/37343/931203/SHAHLIP21263V062021_2020-2021.pdf/a3f8e45d-ba9c-56f2-66c9-9ba9d526f528?version=1.1&t=1668591070659&download=true,SHAHLIP21263V062021_2020-2021.pdf,2026-08-20T14:23:13.912425+00:00
SHAHLIP21179V022021,Non-Archived,2020-2021,Star Health & Allied Insurance Co.Ltd.,Star Criticare Plus Insurance Policy,28-08-2020,Revision,https://irdai.gov.in/documents/37343/931203/SHAHLIP21179V022021_2020-2021.pdf/fd3a023e-00e2-1010-7b77-49d018dd8803?version=1.1&t=1668589304744&download=true,SHAHLIP21179V022021_2020-2021.pdf,2026-08-20T14:23:13.912425+00:00
SHAHLIP21178V022021,Non-Archived,2020-2021,Star Health & Allied Insurance Co.Ltd.,Star Family Delite Insurance Policy,28-08-2020,Revision,https://irdai.gov.in/documents/37343/931203/SHAHLIP21178V022021_2020-2021.pdf/0e613ec3-3916-e167-cb08-02a1fe46f044?version=1.1&t=1668589259057&download=true,SHAHLIP21178V022021_2020-2021.pdf,2026-08-20T14:23:13.912425+00:00
SHAHLGP21115V012021,Non-Archived,2020-2021,Star Health & Allied Insurance Co.Ltd.,Star Group COVID Insurance Policy,18-07-2020,Group,https://irdai.gov.in/documents/37343/931203/SHAHLGP21115V012021_2020-2021.pdf/13aceb49-91a1-0a84-8c72-5eece9da79ea?version=1.1&t=1668765572859&download=true,SHAHLGP21115V012021_2020-2021.pdf,2026-08-20T14:23:13.912425+00:00
SHAHLGP21214V022021,Non-Archived,2020-2021,Star Health & Allied Insurance Co.Ltd.,Star Group Health Insurance,09-01-2020,Revision,https://irdai.gov.in/documents/37343/931203/SHAHLGP21214V022021_2020-2021.pdf/b8d60bca-7541-05a4-1ec4-79bc95fad26e?version=1.1&t=1668588921108&download=true,SHAHLGP21214V022021_2020-2021.pdf,2026-08-20T14:23:13.912425+00:00
SHAHLGP21290V022021,Non-Archived,2020-2021,Star Health & Allied Insurance Co.Ltd.,Star Group Health Insurance Policy for Bank Customers,19-09-2020,Revision,https://irdai.gov.in/documents/37343/931203/SHAHLGP21290V022021_2020-2021.pdf/1f93a931-b622-e8a6-5882-ca8a8efc27f9?version=1.1&t=1668589131737&download=true,SHAHLGP21290V022021_2020-2021.pdf,2026-08-20T14:23:13.912425+00:00
SHAHLIP21262V032021,Non-Archived,2020-2021,Star Health & Allied Insurance Co.Ltd.,Star Health Gain Insurance Policy,17-09-2020,Revision,https://irdai.gov.in/documents/37343/931203/SHAHLIP21262V032021_2020-2021.pdf/4cd9b141-a912-c926-b995-a6d04640b0f8?version=1.1&t=1668591023498&download=true,SHAHLIP21262V032021_2020-2021.pdf,2026-08-20T14:23:13.912425+00:00
SHAHMIP21242V022021,Non-Archived,2020-2021,Star Health & Allied Insurance Co.Ltd.,Star Micro Rural and Farmers Care,13-09-2020,Revision,https://irdai.gov.in/documents/37343/931203/SHAHMIP21242V022021_2020-2021.pdf/c8736905-6ffb-006d-6fa9-ce7d8fd0b025?version=1.1&t=1668591245866&download=true,SHAHMIP21242V022021_2020-2021.pdf,2026-08-20T14:23:13.912425+00:00
SHAHLGP21267V022021,Non-Archived,2020-2021,Star Health & Allied Insurance Co.Ltd.,Star Net Plus,17-09-2020,Revision,https://irdai.gov.in/documents/37343/931203/SHAHLGP21267V022021_2020-2021.pdf/1eea619a-5970-6d5d-2646-45651af04db3?version=1.1&t=1668589072778&download=true,SHAHLGP21267V022021_2020-2021.pdf,2026-08-20T14:23:13.912425+00:00
SHAHLIP21261V022021,Non-Archived,2020-2021,Star Health & Allied Insurance Co.Ltd.,Star Out Patient Care Insurance Policy,17-09-2020,Revision,https://irdai.gov.in/documents/37343/931203/SHAHLIP21261V022021_2020-2021.pdf/63801e4e-a4e6-3731-28b0-9d690b27f77d?version=1.1&t=1668590984222&download=true,SHAHLIP21261V022021_2020-2021.pdf,2026-08-20T14:23:13.912425+00:00
SHAHLIP21243V022021,Non-Archived,2020-2021,Star Health & Allied Insurance Co.Ltd.,Star Special Care,13-09-2020,Revision,https://irdai.gov.in/documents/37343/931203/SHAHLIP21243V022021_2020-2021.pdf/d3dc75e5-54d5-ed3e-2299-b094be4cfd1b?version=1.1&t=1668590946195&download=true,SHAHLIP21243V022021_2020-2021.pdf,2026-08-20T14:23:13.912425+00:00
SHAHLIP21213V042021,Non-Archived,2020-2021,Star Health & Allied Insurance Co.Ltd.,Star Super Surplus (Floater) Insurance Policy,09-01-2020,Revision,https://irdai.gov.in/documents/37343/931203/SHAHLIP21213V042021_2020-2021.pdf/faec8e86-3146-1089-d22b-c71707fa6ddb?version=1.1&t=1668589434374&download=true,SHAHLIP21213V042021_2020-2021.pdf,2026-08-20T14:23:13.912425+00:00
SHAHLIP21177V022021,Non-Archived,2020-2021,Star Health & Allied Insurance Co.Ltd.,Star True value Health Insurance Policy,28-08-2020,Revision,https://irdai.gov.in/documents/37343/931203/SHAHLIP21177V022021_2020-2021.pdf/e418ebb4-a644-c215-d3f7-888f341e7c91?version=1.1&t=1668589217433&download=true,SHAHLIP21177V022021_2020-2021.pdf,2026-08-20T14:23:13.912425+00:00
SHAHLIP21212V042021,Non-Archived,2020-2021,Star Health & Allied Insurance Co.Ltd.,Super Surplus Insurance Policy,09-01-2020,Revision,https://irdai.gov.in/documents/37343/931203/SHAHLIP21212V042021_2020-2021.pdf/74551352-f858-4d0c-167c-2e8e752c85bd?version=1.1&t=1668589397581&download=true,SHAHLIP21212V042021_2020-2021.pdf,2026-08-20T14:23:13.912425+00:00
SHAHLIP21217V032021,Non-Archived,2020-2021,Star Health & Allied Insurance Co.Ltd.,Young Star Insurance Policy,09-01-2020,Revision,https://irdai.gov.in/documents/37343/931203/SHAHLIP21217V032021_2020-2021.pdf/4ccfd0bf-d7cb-7d51-63bc-84911351ae54?version=1.1&t=1668590868104&download=true,SHAHLIP21217V032021_2020-2021.pdf,2026-08-20T14:23:13.912425+00:00
SHAHLIP18030V041819,Non-Archived,2018-2019,Star Health And Allied Insurance Co,Diabetes Safe Insurance Policy,28-06-2018,Retail,https://irdai.gov.in/documents/37343/931203/SHAHLIP18030V041819_2018-2019.pdf/a6e4caf0-ba6b-8fb4-c66c-e4f7db081349?version=1.1&t=1668509529529&download=true,SHAHLIP18030V041819_2018-2019.pdf,2026-08-20T14:23:13.912425+00:00
SHAHLIP19101V031819,Non-Archived,2018-2019,Star Health And Allied Insurance Co,Senior Citizen Red Carpet Health Insurance Policy,27-12-2018,Retail,https://irdai.gov.in/documents/37343/931203/SHAHLIP19101V031819_2018-2019.pdf/5664fc0d-ebb8-ebea-2375-65831ee91169?version=1.1&t=1668509571504&download=true,SHAHLIP19101V031819_2018-2019.pdf,2026-08-20T14:23:13.912425+00:00
SHAHLIP18006V021819,Non-Archived,2018-2019,Star Health And Allied Insurance Co,Star Cardiac Care,12-04-2018,Retail,https://irdai.gov.in/documents/37343/931203/SHAHLIP18006V021819_2018-2019.pdf/7d119dac-7dd2-3a74-fce7-92ee6781ed18?version=1.1&t=1668509610292&download=true,SHAHLIP18006V021819_2018-2019.pdf,2026-08-20T14:23:13.912425+00:00
SHAHLGP19048V011819,Non-Archived,2018-2019,Star Health And Allied Insurance Co,Star Group Cirticare Gold,29-08-2018,Group,https://irdai.gov.in/documents/37343/931203/SHAHLGP19048V011819_2018-2019.pdf/a5d884ef-6a67-4638-77ba-facb63b85b4d?version=1.1&t=1668509646159&download=true,SHAHLGP19048V011819_2018-2019.pdf,2026-08-20T14:23:13.912425+00:00
SHAHLGP19049V011819,Non-Archived,2018-2019,Star Health And Allied Insurance Co,Star Group Criticare Platinum,29-08-2018,Group,https://irdai.gov.in/documents/37343/931203/SHAHLGP19049V011819_2018-2019.pdf/4be493ad-6763-e43d-31ea-4fe065474707?version=1.1&t=1668509685991&download=true,SHAHLGP19049V011819_2018-2019.pdf,2026-08-20T14:23:13.912425+00:00
SHATGDP18036V011819,Non-Archived,2018-2019,Star Health And Allied Insurance Co,Star Group Domestic Travel (taxi),24-07-2018,Group,https://irdai.gov.in/documents/37343/931203/SHATGDP18036V011819_2018-2019.pdf/429fd973-99fc-6e43-231b-f0ac787acc8b?version=1.1&t=1668509726115&download=true,SHATGDP18036V011819_2018-2019.pdf,2026-08-20T14:23:13.912425+00:00
SHAHLGP19028V011819,Non-Archived,2018-2019,Star Health And Allied Insurance Co,Star Group Health Insurance,19-06-2018,Group,https://irdai.gov.in/documents/37343/931203/SHAHLGP19028V011819_2018-2019.pdf/515b30b5-20ec-e842-3765-69a064046224?version=1.1&t=1668509768361&download=true,SHAHLGP19028V011819_2018-2019.pdf,2026-08-20T14:23:13.912425+00:00
SHAHLGP19102V011819,Non-Archived,2018-2019,Star Health And Allied Insurance Co,Star Group Health Insurance for Bank Customers,27-12-2018,Group,https://irdai.gov.in/documents/37343/931203/SHAHLGP19102V011819_2018-2019.pdf/773b3371-62c6-7f1e-b1e6-e1782c7e1a4b?version=1.1&t=1668509813398&download=true,SHAHLGP19102V011819_2018-2019.pdf,2026-08-20T14:23:13.912425+00:00
SHAHLIP19042V031819,Non-Archived,2018-2019,Star Health And Allied Insurance Co,Star Super Surplus(floater) Insurance Policy,31-07-2018,Retail,https://irdai.gov.in/documents/37343/931203/SHAHLIP19042V031819_2018-2019.pdf/d96fef98-6900-daf9-f91d-b130ccebe2d4?version=1.1&t=1668509844697&download=true,SHAHLIP19042V031819_2018-2019.pdf,2026-08-20T14:23:13.912425+00:00
IRDAI/HLT/SHAI/P-P/V.III/134/2017-18,Non-Archived,2017-2018,Star Health And Allied Insurance Co ltd,Accident Care Individul Insurance,06-09-2017,,https://irdai.gov.in/documents/37343/931203/Star_+AccidentCareIndividual-InsurancePolicy_2017-2018.pdf/6503d1db-d87c-cc67-3a11-c9f8ac1db6a4?version=1.1&t=1668488154155&download=true,Star_ AccidentCareIndividual-InsurancePolicy_2017-2018.pdf,2026-08-20T14:23:13.912425+00:00
IRDAI/HLT/SHAI/P-P(CSC)/V.I/56/2016-17,Non-Archived,2016-2017,Star Health And Allied Insurance Co ltd,CSC Personal Accident Insurance (Individual),25-01-2017,CSC,https://irdai.gov.in/documents/37343/931203/Star_CSCPersonalAccidentInsurance%28Individual%29_2016-2017.pdf/7fe2d067-8441-49ad-e95d-eff0a59f279b?version=1.1&t=1668420962138&download=true,Star_CSCPersonalAccidentInsurance(Individual)_2016-2017.pdf,2026-08-20T14:23:13.912425+00:00
IRDAI/HLT/SHAI/P-H(G)/V.I/6/2017-18,Non-Archived,2017-2018,Star Health And Allied Insurance Co ltd,Classic Group Health Insurance,20-06-2017,,https://irdai.gov.in/documents/37343/931203/Star_ClassicGroupHealthInsurance_2017-2018.pdf/cb57c0bf-a7fe-9940-33f2-78fe37704b56?version=1.1&t=1668488201031&download=true,Star_ClassicGroupHealthInsurance_2017-2018.pdf,2026-08-20T14:23:13.912425+00:00
IRDAI/HLT/SHAI/P-H(G)/V.I/36/2016-17,Non-Archived,2016-2017,Star Health And Allied Insurance Co ltd,Community Health Insurance Scheme Vijayawda,25-11-2016,Group,https://irdai.gov.in/documents/37343/931203/Star_CommunityHealthInsuranceScheme-Vijayawada_2016-2017.pdf/eeaae61a-3ae1-cfda-948a-b02e03d0566b?version=1.1&t=1668420907838&download=true,Star_CommunityHealthInsuranceScheme-Vijayawada_2016-2017.pdf,2026-08-20T14:23:13.912425+00:00
IRDAI/HLT/SHAI/P-H/V.III/173/2016-17,Non-Archived,2016-2017,Star Health And Allied Insurance Co ltd,Diabetes Safe Insurance Policy,30-06-2016,Retail,https://irdai.gov.in/documents/37343/931203/Star_DiabetesSafeInsurancePolicy_2016-2017.pdf/a83b2737-1d2c-8b9f-4246-bf3782b7be67?version=1.1&t=1668420796908&download=true,Star_DiabetesSafeInsurancePolicy_2016-2017.pdf,2026-08-20T14:23:13.912425+00:00
SHAHLIP18022V031718,Non-Archived,2017-2018,Star Health And Allied Insurance Co ltd,Family Health Optima Accident Care policy,07-08-2017,,https://irdai.gov.in/documents/37343/931203/SHI_FamilyHealthOptimaAccidentCarePolicy_2017-2018.pdf/cfdfccc4-9bd0-f205-479d-425d4fb05418?version=1.1&t=1668427123499&download=true,SHI_FamilyHealthOptimaAccidentCarePolicy_2017-2018.pdf,2026-08-20T14:23:13.912425+00:00
IRDAI/HLT/SHAI/P-H/V.III/129/2017-18,Non-Archived,2017-2018,Star Health And Allied Insurance Co ltd,Family Health Optima Insurance,04-11-2017,,https://irdai.gov.in/documents/37343/931203/Star_FamilyHealthOptimaInsurance_2017-2018.pdf/1aa94268-dea9-96af-a714-912f3329e1f9?version=1.1&t=1668488089747&download=true,Star_FamilyHealthOptimaInsurance_2017-2018.pdf,2026-08-20T14:23:13.912425+00:00
SHAHLGP18123V011718,Non-Archived,2017-2018,Star Health And Allied Insurance Co ltd,Group Accident Insurance Policy,14-03-2018,,https://irdai.gov.in/documents/37343/931203/SHA_GroupAccidentInsurancePolicy_2017-2018.pdf/2fd43b4c-28e0-f5bb-439b-3f156953631f?version=1.1&t=1668488239319&download=true,SHA_GroupAccidentInsurancePolicy_2017-2018.pdf,2026-08-20T14:23:13.912425+00:00
IRDAI/HLT/SHAI/P-H(G)/V.I/67/2016-17,Non-Archived,2016-2017,Star Health And Allied Insurance Co ltd,Jet Privilege Group Health Insurance,14-03-2017,Group,https://irdai.gov.in/documents/37343/931203/Star_JetPrevilege-GroupHealthInsurance_2016-2017.pdf/deedf17c-ed09-4c3d-abcd-f6d6b0cefa6e?version=1.1&t=1668421001862&download=true,Star_JetPrevilege-GroupHealthInsurance_2016-2017.pdf,2026-08-20T14:23:13.912425+00:00
SHAHLIP18029V031718,Non-Archived,2017-2018,Star Health And Allied Insurance Co ltd,Medi Classic Accident Care Individual Insurance Policy,28-08-2017,,https://irdai.gov.in/documents/37343/931203/SHI_MediClassicAccidentCareIndividualInsurancePolicy_2017-2018.pdf/e605df6c-6daa-fdf6-5c63-587c5635cc9e?version=1.1&t=1668427164963&download=true,SHI_MediClassicAccidentCareIndividualInsurancePolicy_2017-2018.pdf,2026-08-20T14:23:13.912425+00:00
SHAHLGP18083V011718,Non-Archived,2017-2018,Star Health And Allied Insurance Co ltd,Privilege Group Health Insurance,27-11-2017,,https://irdai.gov.in/documents/37343/931203/SHI_PrivilegeGroupHealthInsurance_2017-2018.pdf/99056d16-1f9f-c7da-e4a2-8e00cb12cda5?version=1.1&t=1668427439417&download=true,SHI_PrivilegeGroupHealthInsurance_2017-2018.pdf,2026-08-20T14:23:13.912425+00:00
SHAHLIP18041V011718,Non-Archived,2017-2018,Star Health And Allied Insurance Co ltd,Star Cancer Benefit,22-09-2017,,https://irdai.gov.in/documents/37343/931203/SHI_StarCancerBenefit_2017-2018.pdf/508a8c06-a8e9-0df2-aa90-37c3d30b882f?version=1.1&t=1668427199099&download=true,SHI_StarCancerBenefit_2017-2018.pdf,2026-08-20T14:23:13.912425+00:00
SHAHLIP18046V011718,Non-Archived,2017-2018,Star Health And Allied Insurance Co ltd,Star Cancer Care Gold(Pilot Product),17-10-2017,,https://irdai.gov.in/documents/37343/931203/SHI_StarCancerCareGold_Pilot+Product_2017-2018.pdf/87cd838b-4a60-a766-aa08-9ba64e09d5c5?version=1.1&t=1668427486245&download=true,SHI_StarCancerCareGold_Pilot Product_2017-2018.pdf,2026-08-20T14:23:13.912425+00:00
IRDAI/HLT/SHAI/P-H/V.III/397/2016-17,Non-Archived,2016-2017,Star Health And Allied Insurance Co ltd,Star Cardiac Care Insurance Policy,30-06-2016,Retail,https://irdai.gov.in/documents/37343/931203/Star_StarCardiacCareInsurancePolicy_2016-2017.pdf/b50a6242-181e-6f97-e060-f086fca83edb?version=1.1&t=1668420857980&download=true,Star_StarCardiacCareInsurancePolicy_2016-2017.pdf,2026-08-20T14:23:13.912425+00:00
IRDAI/HLT/SHAI/COMBI/V.I/4/2016-17,Non-Archived,2016-2017,Star Health And Allied Insurance Co ltd,Star First Care,13-05-2016,Retail,https://irdai.gov.in/documents/37343/931203/Star_StarFirstCare_2016-2017.pdf/6911ef0e-b81a-5000-da47-2b53cf79c6b4?version=1.1&t=1668420486071&download=true,Star_StarFirstCare_2016-2017.pdf,2026-08-20T14:23:13.912425+00:00
SHAHLIP18030V021718,Non-Archived,2017-2018,Star Health And Allied Insurance Co ltd,Star First Classic,30-08-2017,,https://irdai.gov.in/documents/37343/931203/SHI_StarFirstClassic_2017-2018.pdf/41a52ce4-f1ca-d528-79fc-26a02cdb6760?version=1.1&t=1668427538747&download=true,SHI_StarFirstClassic_2017-2018.pdf,2026-08-20T14:23:13.912425+00:00
IRDAI/HLT/SHAI/COMBI/V.I/5/2016-17,Non-Archived,2016-2017,Star Health And Allied Insurance Co ltd,Star First Classic,13-05-2016,Retail,https://irdai.gov.in/documents/37343/931203/Star_StarFirstClassic_2016-2017.pdf/5de318c6-478b-aa4d-6a01-9179a063cee3?version=1.1&t=1668420744773&download=true,Star_StarFirstClassic_2016-2017.pdf,2026-08-20T14:23:13.912425+00:00
SHAHLIP18036V021718,Non-Archived,2017-2018,Star Health And Allied Insurance Co ltd,Star First Comprehensive,11-09-2017,,https://irdai.gov.in/documents/37343/931203/SHI_StarFirstComprehensive_2017-2018.pdf/130f3178-0fa7-3a55-64ca-12369991b25d?version=1.1&t=1668427576920&download=true,SHI_StarFirstComprehensive_2017-2018.pdf,2026-08-20T14:23:13.912425+00:00
IRDAI/HLT/SHAI/COMBI/V.I/3/2016-17,Non-Archived,2016-2017,Star Health And Allied Insurance Co ltd,Star First Comprehensive,13-05-2016,Retail,https://irdai.gov.in/documents/37343/931203/Star_StarFirstComprehensive_2016-2017.pdf/74acbfd6-586e-d54a-830f-b8e26d0d88a7?version=1.1&t=1668420388023&download=true,Star_StarFirstComprehensive_2016-2017.pdf,2026-08-20T14:23:13.912425+00:00
SHAHLIP18031V021718,Non-Archived,2017-2018,Star Health And Allied Insurance Co ltd,Star First Delite,30-08-2017,,https://irdai.gov.in/documents/37343/931203/SHI_StarFirstDelite_2017-2018.pdf/f22dc3ec-4e46-7048-be09-9a9913e70278?version=1.1&t=1668427652579&download=true,SHI_StarFirstDelite_2017-2018.pdf,2026-08-20T14:23:13.912425+00:00
IRDAI/HLT/SHAI/COMBI/V.I/2/2016-17,Non-Archived,2016-2017,Star Health And Allied Insurance Co ltd,Star First Delite,13-05-2016,Retail,https://irdai.gov.in/documents/37343/931203/Star_StarFirstDelite_2016-2017.pdf/369d5d11-0f70-785d-9099-1d8644e179ee?version=1.1&t=1668420434311&download=true,Star_StarFirstDelite_2016-2017.pdf,2026-08-20T14:23:13.912425+00:00
SHAHLIP18033V021718,Non-Archived,2017-2018,Star Health And Allied Insurance Co ltd,Star First Micro Care,30-08-2017,,https://irdai.gov.in/documents/37343/931203/SHI_StarFirstMicroCare_2017-2018.pdf/8d172c6b-48f1-a263-795c-7e213b273f50?version=1.1&t=1668427685823&download=true,SHI_StarFirstMicroCare_2017-2018.pdf,2026-08-20T14:23:13.912425+00:00
SHAHLIP18039V021718,Non-Archived,2017-2018,Star Health And Allied Insurance Co ltd,Star First Optima,19-09-2017,,https://irdai.gov.in/documents/37343/931203/SHI_StarFirstOptima_2017-2018.pdf/607d9d1e-426a-5ecd-9e77-6d7f04bfcfd6?version=1.1&t=1668427718330&download=true,SHI_StarFirstOptima_2017-2018.pdf,2026-08-20T14:23:13.912425+00:00
IRDAI/HLT/SHAI/COMBI/V.I/1/2016-17,Non-Archived,2016-2017,Star Health And Allied Insurance Co ltd,Star First Optima,13-05-2016,Retail,https://irdai.gov.in/documents/37343/931203/Star_StarFirstOptima_2016-2017.pdf/a9741f3f-5686-9f8a-2390-4db0c8658b8e?version=1.1&t=1668420100897&download=true,Star_StarFirstOptima_2016-2017.pdf,2026-08-20T14:23:13.912425+00:00
SHAHLIP18088V021718,Non-Archived,2017-2018,Star Health And Allied Insurance Co ltd,Star Health Gain Insurance Policy,30-11-2017,,https://irdai.gov.in/documents/37343/931203/SHI_StarHealthGainInsurancePolicy_2017-2018.pdf/b988fb59-bc98-53a3-ad37-fc0f2f2efc0c?version=1.1&t=1668427747553&download=true,SHI_StarHealthGainInsurancePolicy_2017-2018.pdf,2026-08-20T14:23:13.912425+00:00
SHAHLIP18079V011718,Non-Archived,2017-2018,Star Health And Allied Insurance Co ltd,Star Special Care,04-11-2017,,https://irdai.gov.in/documents/37343/931203/SHI_StarSpecialCare_2017-2018.pdf/6c0fc1d0-5841-bc39-0039-2fbe7eb5e04e?version=1.1&t=1668427794072&download=true,SHI_StarSpecialCare_2017-2018.pdf,2026-08-20T14:23:13.912425+00:00
IRDAI/HLT/SHAI/P-H/V.II/164/2016-17,Non-Archived,2016-2017,Star Health And Allied Insurance Co ltd,Super Surplus (Floater) Insurance Policy,19-04-2016,Retail,https://irdai.gov.in/documents/37343/931203/Star_SuperSurplus%28Floater%29InsurancePolicy_2016-2017.pdf/d271cba9-353e-fcdf-bbb1-4f4d8cb979c5?version=1.1&t=1668420045517&download=true,Star_SuperSurplus(Floater)InsurancePolicy_2016-2017.pdf,2026-08-20T14:23:13.912425+00:00
IRDAI/HLT/SHAI/P-H/V.II/170/2016-17,Non-Archived,2016-2017,Star Health And Allied Insurance Co ltd,Super Surplus Insurance Policy,19-04-2016,Retail,https://irdai.gov.in/documents/37343/931203/Star_SuperSuplusInsurancePolicy_2016-2017.pdf/4bca20be-6eb2-d954-5163-acf8689a16b9?version=1.1&t=1668419928414&download=true,Star_SuperSuplusInsurancePolicy_2016-2017.pdf,2026-08-20T14:23:13.912425+00:00
SHAHLGP18082V011718,Non-Archived,2017-2018,Star Health And Allied Insurance Co ltd,SwasthaKutumbam,27-11-2017,,https://irdai.gov.in/documents/37343/931203/SHI_SwasthaKutumbam_2017-2018.pdf/e18a4e9b-ef5a-8009-3874-12ac9b8e6966?version=1.1&t=1668427394743&download=true,SHI_SwasthaKutumbam_2017-2018.pdf,2026-08-20T14:23:13.912425+00:00
SHAHLGP23015V012223,Non-Archived,2022-2023,Star Health And Allied Insurance Co. Ltd,Star Group Health Insurance Policy - Platinum,19-04-2022,Add on,https://irdai.gov.in/documents/37343/931203/SHAHLGP23015V012223.pdf/133105be-a809-7527-0815-b2816e471294?version=1.0&t=1669352459886&download=true,SHAHLGP23015V012223.pdf,2026-08-20T14:23:13.912425+00:00
SHAHLIP23017V012223,Non-Archived,2022-2023,Star Health And Allied Insurance Co. Ltd,Star Health Assure Insurance Policy,22-04-2022,Individual,https://irdai.gov.in/documents/37343/931203/SHAHLIP23017V012223.pdf/f5426aca-4328-7a97-f93a-aba9e739e2bb?version=1.0&t=1669352686338&download=true,SHAHLIP23017V012223.pdf,2026-08-20T14:23:13.912425+00:00
SHAHLIP19128V031819,Non-Archived,2018-2019,Star Health AndAllied Insurance Co,Super Surplus Insurance Policy,25-02-2019,Revision,https://irdai.gov.in/documents/37343/931203/SHAHLIP19128V031819_2018-2019.pdf/b8bfc4c4-f8b2-d255-99e6-854d51ac5da5?version=1.1&t=1668509914367&download=true,SHAHLIP19128V031819_2018-2019.pdf,2026-08-20T14:23:13.912425+00:00
SHAHLIP20121V041920,Non-Archived,2019-2020,Star Health Insurance Co Ltd,Medicalssic Accident Care Individual Insurance Policy,02-04-2020,Revision,https://irdai.gov.in/documents/37343/931203/SHAHLIP20121V041920_2019-2020.pdf/a1d2fb83-17f2-45c2-b134-58d6a0090133?version=1.1&t=1668576927233&download=true,SHAHLIP20121V041920_2019-2020.pdf,2026-08-20T14:23:13.912425+00:00
SHAHLIP20132V011920,Non-Archived,2019-2020,Star Health Insurance Co Ltd,Young Star Insuarnce Policy,28-02-2020,Individual,https://irdai.gov.in/documents/37343/931203/SHAHLIP20132V011920_2019-2020.pdf/2b18703e-41ba-96e7-c269-c0a5d9f7cdc5?version=1.1&t=1668576966150&download=true,SHAHLIP20132V011920_2019-2020.pdf,2026-08-20T14:23:13.912425+00:00
SHAHLIP20182V011920,Non-Archived,2019-2020,Star Health and Allied Insurance Co Ltd,"Arogya Sanjeevani Policy,Star Health and Allied Insurance Co Ltd",04-01-2020,New,https://irdai.gov.in/documents/37343/931203/SHAHLIP20182V011920_2019-2020.pdf/5c22903f-92f4-3541-68ac-386b6cf90b3f?version=1.1&t=1668576649931&download=true,SHAHLIP20182V011920_2019-2020.pdf,2026-08-20T14:23:13.912425+00:00
SHAHLIP21066V012021,Non-Archived,2020-2021,Star Health and Allied Insurance Co Ltd,"Corona Kavach Policy,Star Health and Allied Insurance Co Ltd",07-10-2020,New,https://irdai.gov.in/documents/37343/931203/SHAHLIP21066V012021_2020-2021.pdf/8bf62024-2a9b-5018-b2d8-27b0fa16bccd?version=1.1&t=1668152443655&download=true,SHAHLIP21066V012021_2020-2021.pdf,2026-08-20T14:23:13.912425+00:00
SHAHLIP21022V052021,Non-Archived,2020-2021,Star Health and Allied Insurance Co Ltd,Diabetes Safe Insurance Policy,14-05-2020,Revision,https://irdai.gov.in/documents/37343/931203/SHAHLIP21022V052021_2020-2021.pdf/b758f3e2-8335-1a14-c46c-0582c72e5d72?version=1.1&t=1668591382430&download=true,SHAHLIP21022V052021_2020-2021.pdf,2026-08-20T14:23:13.912425+00:00
SHAHLIP21042V012021,Non-Archived,2020-2021,Star Health and Allied Insurance Co Ltd,Family Accident Care Policy,26-05-2020,New,https://irdai.gov.in/documents/37343/931203/SHAHLIP21042V012021_2020-2021.pdf/5796fc2a-7bca-9062-f9cb-50cc973becf0?version=1.1&t=1668591334884&download=true,SHAHLIP21042V012021_2020-2021.pdf,2026-08-20T14:23:13.912425+00:00
SHAHLIP20063V031920,Non-Archived,2019-2020,Star Health and Allied Insurance Co Ltd,Mediclassic Insurance Policy,30-09-2019,Revision,https://irdai.gov.in/documents/37343/931203/SHAHLIP20063V031920_2019-2020.pdf/f0f8ce36-ac14-83c7-19a0-04b983850319?version=1.1&t=1668576776522&download=true,SHAHLIP20063V031920_2019-2020.pdf,2026-08-20T14:23:13.912425+00:00
SHAHLIP21026V042021,Non-Archived,2020-2021,Star Health and Allied Insurance Co Ltd,Mediclassic Insurance Policy (Individual),14-05-2020,Revision,https://irdai.gov.in/documents/37343/931203/SHAHLIP21026V042021_2020-2021.pdf/9e6d5f30-be20-5182-e174-1e50036e7c86?version=1.1&t=1668591574708&download=true,SHAHLIP21026V042021_2020-2021.pdf,2026-08-20T14:23:13.912425+00:00
SHAHLIP21023V032021,Non-Archived,2020-2021,Star Health and Allied Insurance Co Ltd,Star Cardiac Care Insurance Policy,14-05-2020,Revision,https://irdai.gov.in/documents/37343/931203/SHAHLIP21023V032021_2020-2021.pdf/d7d17596-0a7c-e2d5-4e4f-3aca29acce63?version=1.1&t=1668591437417&download=true,SHAHLIP21023V032021_2020-2021.pdf,2026-08-20T14:23:13.912425+00:00
SHAHLIP21025V052021,Non-Archived,2020-2021,Star Health and Allied Insurance Co Ltd,Star Comprehensive Insurance Policy,14-05-2020,Revision,https://irdai.gov.in/documents/37343/931203/SHAHLIP21025V052021_2020-2021.pdf/9efcf04a-ece6-6379-186c-baa63500b79c?version=1.1&t=1668591527694&download=true,SHAHLIP21025V052021_2020-2021.pdf,2026-08-20T14:23:13.912425+00:00
SHAHLIP2077V041920,Non-Archived,2019-2020,Star Health and Allied Insurance Co Ltd,Star Comprehensive Insurance Policy,11-05-2019,Revision,https://irdai.gov.in/documents/37343/931203/SHAHLIP2077V041920_2019-2020.pdf/9528ec11-92e0-61aa-dab1-d9e06c1ee477?version=1.1&t=1668576689278&download=true,SHAHLIP2077V041920_2019-2020.pdf,2026-08-20T14:23:13.912425+00:00
SHAHLIP20046V011920,Non-Archived,2019-2020,Star Health and Allied Insurance Co Ltd,Star Hospital Cash Insurance Policy,08-09-2019,New,https://irdai.gov.in/documents/37343/931203/SHAHLIP20046V011920_2019-2020.pdf/ee668be6-68ce-27c7-9afd-a3edf9f31208?version=1.1&t=1668576735735&download=true,SHAHLIP20046V011920_2019-2020.pdf,2026-08-20T14:23:13.912425+00:00
SHAHMIP20047V011920,Non-Archived,2019-2020,Star Health and Allied Insurance Co Ltd,Star Micro Rural and Farmers Care,16-08-2019,New,https://irdai.gov.in/documents/37343/931203/SHAHMIP20047V011920_2019-2020.pdf/e0b22309-8aac-fd77-e30e-78d5f0d48643?version=1.1&t=1668576859879&download=true,SHAHMIP20047V011920_2019-2020.pdf,2026-08-20T14:23:13.912425+00:00
SHAHLIP21047V022021,Non-Archived,2020-2021,Star Health and Allied Insurance Co Ltd,Star Novel Corona Virus (n CoV)(COVID-19) Insurance Policy(Pilot Product),06-03-2020,Revision,https://irdai.gov.in/documents/37343/931203/SHAHLIP21047V022021_2020-2021.pdf/f5e654ea-bb47-6329-28d5-746369b6da83?version=1.1&t=1668591285434&download=true,SHAHLIP21047V022021_2020-2021.pdf,2026-08-20T14:23:13.912425+00:00
SHAHLIP20064V011920,Non-Archived,2019-2020,Star Health and Allied Insurance Co Ltd,Star OutPatient Care Insurance Policy,30-09-2019,New,https://irdai.gov.in/documents/37343/931203/SHAHLIP20064V011920_2019-2020.pdf/97fb32d0-114d-8d59-e03b-3fbb537b4d10?version=1.1&t=1668576821270&download=true,SHAHLIP20064V011920_2019-2020.pdf,2026-08-20T14:23:13.912425+00:00
SHAHLIP21024V022021,Non-Archived,2020-2021,Star Health and Allied Insurance Co Ltd,Young Star Insurance Policy,14-05-2020,Revision,https://irdai.gov.in/documents/37343/931203/SHAHLIP21024V022021_2020-2021.pdf/c8fed3fe-5f52-5ffc-b0e6-c3cd65871337?version=1.1&t=1668591479993&download=true,SHAHLIP21024V022021_2020-2021.pdf,2026-08-20T14:23:13.912425+00:00
IRDA/NL-HLT/SHAI/P-H/V.II/129/14-15,Non-Archived,2014-2015,Star Health and Allied Insurance Co. Ltd.,Family Health Optima Insurance Plan,24-10-2014,,https://irdai.gov.in/documents/37343/931203/Family+Health+Optima+Insurance+Plan_2014-2015.pdf/ea3af930-3126-700f-9982-d686d0294a0d?version=1.1&t=1668239170136&download=true,Family Health Optima Insurance Plan_2014-2015.pdf,2026-08-20T14:23:13.912425+00:00
SHAPAIP21607V012021,Non-Archived,2020-2021,Star Health and Allied Insurance Co. Ltd.,"Saral Suraksha Bima, Star Health and Allied Insurance Co. Ltd.",24-03-2021,New,https://irdai.gov.in/documents/37343/931203/SHAPAIP21607V012021_2020-2021.pdf/db783024-96be-aff6-ba30-c7f346867d39?version=1.1&t=1668591921962&download=true,SHAPAIP21607V012021_2020-2021.pdf,2026-08-20T14:23:13.912425+00:00
SHAHLIP21603V012021,Non-Archived,2020-2021,Star Health and Allied Insurance Co. Ltd.,Star Cardiac Care Insurance Policy-Platinum,27-01-2021,New,https://irdai.gov.in/documents/37343/931203/SHAHLIP21603V012021_2020-2021.pdf/4b92708a-c8f0-d40c-b1bd-06d6374219d3?version=1.1&t=1668591715298&download=true,SHAHLIP21603V012021_2020-2021.pdf,2026-08-20T14:23:13.912425+00:00
IRDA/NL-HLT/SHAI/P-H/V.I/10/14-15,Non-Archived,2014-2015,Star Health and Allied Insurance Co. Ltd.,Star Care Insurance Policy,24-06-2014,,https://irdai.gov.in/documents/37343/931203/Star+Care+Insurance+Policy_2014-2015.pdf/6748d17e-edba-3021-74ba-f7cf1fc1adae?version=1.1&t=1668239261222&download=true,Star Care Insurance Policy_2014-2015.pdf,2026-08-20T14:23:13.912425+00:00
SHAHLGP22134V012122,Non-Archived,2021-2022,Star Health and Allied Insurance Co. Ltd.,Star Group Critical Illness Multipay Insurance Policy,29-07-2021,Health,https://irdai.gov.in/documents/37343/931203/Star+Group+Critical+Illness+Multipay+Insurance+Policy.pdf/937f9348-a29a-7662-76ea-5c425cbc9314?version=1.1&t=1668754567064&download=true,Star Group Critical Illness Multipay Insurance Policy.pdf,2026-08-20T14:23:13.912425+00:00
SHAHLGP21058V022021,Non-Archived,2020-2021,Star Health and Allied Insurance Co. Ltd.,Star Group Health Insurance Policy – Gold (For Bank Customers),24-06-2020,Group Health,https://irdai.gov.in/documents/37343/931203/Star+Group+Health+Insurance+Policy+%E2%80%93+Gold+%28For+Bank+Customers%29.pdf/f72ef6a5-dd83-a49a-b878-cd33f807d1e4?version=1.2&t=1668922895205&download=true,Star Group Health Insurance Policy – Gold (For Bank Customers).pdf,2026-08-20T14:23:13.912425+00:00
SHAHMGP21625V012021,Non-Archived,2020-2021,Star Health and Allied Insurance Co. Ltd.,Star Group Micro Rural and Farmers Care,31-03-2021,Group,https://irdai.gov.in/documents/37343/931203/SHAHMGP21625V012021_2020-2021.pdf/2225ba02-d109-770b-04dd-1b44593e7491?version=1.1&t=1668591872270&download=true,SHAHMGP21625V012021_2020-2021.pdf,2026-08-20T14:23:13.912425+00:00
SHAHLIP21579V052021,Non-Archived,2020-2021,Star Health and Allied Insurance Co. Ltd.,Star Super Surplus (Floater) Insurance Policy,27-01-2021,Revision,https://irdai.gov.in/documents/37343/931203/SHAHLIP21579V052021_2020-2021.pdf/8eab3a4a-3019-71e8-57b5-c2304a89e5a8?version=1.1&t=1668591624686&download=true,SHAHLIP21579V052021_2020-2021.pdf,2026-08-20T14:23:13.912425+00:00
SHAHLIP21608V012021,Non-Archived,2020-2021,Star Health and Allied Insurance Co. Ltd.,Star cancer care platinum insurance policy,31-03-2021,New,https://irdai.gov.in/documents/37343/931203/SHAHLIP21608V012021_2020-2021.pdf/d449fc32-0814-a508-716d-bdb63cd10c68?version=1.1&t=1668591751353&download=true,SHAHLIP21608V012021_2020-2021.pdf,2026-08-20T14:23:13.912425+00:00
SHAHLIP21580V052021,Non-Archived,2020-2021,Star Health and Allied Insurance Co. Ltd.,Super Surplus Insurance Policy,24-03-2021,Revision,https://irdai.gov.in/documents/37343/931203/SHAHLIP21580V052021_2020-2021.pdf/5c958698-8b6a-97ee-6e40-ced231001800?version=1.1&t=1668591666966&download=true,SHAHLIP21580V052021_2020-2021.pdf,2026-08-20T14:23:13.912425+00:00
IRDA/NL-HLT/SHAI/P-H/V.I/102/13-14,Non-Archived,2013-2014,Star Health and Allied Insurance Company Limited,Accident Care (Group) Insurance,05-07-2013,,https://irdai.gov.in/documents/37343/931203/Accident+Care+%28Group%29+Insurance_2013-2014.pdf/74b5b9a2-3ae3-6f39-b014-0164511ad99a?version=1.1&t=1668329896624&download=true,Accident Care (Group) Insurance_2013-2014.pdf,2026-08-20T14:23:13.912425+00:00
IRDA/NL-HLT/SHAI/P-P/V.I/134/13-14,Non-Archived,2013-2014,Star Health and Allied Insurance Company Limited,Accident Care Individual Insurance Policy,08-08-2013,,https://irdai.gov.in/documents/37343/931203/Accident+Care+Individual+Insurance+Policy_2013-2014.pdf/be8e4c96-4c52-3743-1f13-22891c279e03?version=1.1&t=1668330934581&download=true,Accident Care Individual Insurance Policy_2013-2014.pdf,2026-08-20T14:23:13.912425+00:00
IRDA/NL-HLT/SHAI/P-H/V.I/104/13-14,Non-Archived,2013-2014,Star Health and Allied Insurance Company Limited,Accident Trauma Care Insurance Policy (Group),05-07-2013,,https://irdai.gov.in/documents/37343/931203/Accident+Trauma+Care+Insurance+Policy+%28Group%29_2013-2014.pdf/f37002e8-1667-89e1-41fc-4eef3a2730c6?version=1.1&t=1668330002135&download=true,Accident Trauma Care Insurance Policy (Group)_2013-2014.pdf,2026-08-20T14:23:13.912425+00:00
IRDA/NL-HLT/SHAI/P-P/V.I/136/13-14,Non-Archived,2013-2014,Star Health and Allied Insurance Company Limited,Accident Trauma Care Insurance Policy (Individual),08-08-2013,,https://irdai.gov.in/documents/37343/931203/Accident+Trauma+Care+Insurance+Policy+%28Individual%29_2013-2014.pdf/f4dcad56-b5af-ba36-e560-d517be4dc10d?version=1.1&t=1668331065298&download=true,Accident Trauma Care Insurance Policy (Individual)_2013-2014.pdf,2026-08-20T14:23:13.912425+00:00
IRDA/NL-HLT/SHAI/P-H/V.I/101/13-14,Non-Archived,2013-2014,Star Health and Allied Insurance Company Limited,College Student Care Insurance,05-07-2013,,https://irdai.gov.in/documents/37343/931203/College+Student+Care+Insurance_2013-2014.pdf/e3aed86e-01d1-6763-ce7c-752ee0daf607?version=1.1&t=1668329833466&download=true,College Student Care Insurance_2013-2014.pdf,2026-08-20T14:23:13.912425+00:00
IRDA/NL-HLT/SHAI/P-H/V.I/173/13-14,Non-Archived,2013-2014,Star Health and Allied Insurance Company Limited,Diabetes Safe Insurance Policy,14-08-2013,,https://irdai.gov.in/documents/37343/931203/Diabetes+Safe+Insurance+Policy_2013-2014.pdf/a189ae37-d278-9aac-65ab-782cd9c41a62?version=1.1&t=1668338126294&download=true,Diabetes Safe Insurance Policy_2013-2014.pdf,2026-08-20T14:23:13.912425+00:00
IRDA/NL-HLT/SHAI/P-P/V.I/166/13-14,Non-Archived,2013-2014,Star Health and Allied Insurance Company Limited,Family Health Optima Accident Care Policy,14-08-2013,,https://irdai.gov.in/documents/37343/931203/Family+Health+Optima+Accident+Care+Policy_2013-2014.pdf/fbb20bdb-2ab8-c542-42ee-27ca074c5cd9?version=1.1&t=1668333663762&download=true,Family Health Optima Accident Care Policy_2013-2014.pdf,2026-08-20T14:23:13.912425+00:00
IRDA/NL-HLT/SHAI/P-H/V.I/129/13-14,Non-Archived,2013-2014,Star Health and Allied Insurance Company Limited,Family Health Optima Insurance Plan,08-08-2013,,https://irdai.gov.in/documents/37343/931203/Family+Health+Optima+Insurance+Plan_2013-2014.pdf/2ade13c0-fc2f-4281-261f-c2f4c4fcdd2c?version=1.1&t=1668330278665&download=true,Family Health Optima Insurance Plan_2013-2014.pdf,2026-08-20T14:23:13.912425+00:00
IRDA/NL-HLT/SHAI/P-H/V.I/168/13-14,Non-Archived,2013-2014,Star Health and Allied Insurance Company Limited,Health All Care Insurance Policy,14-08-2013,,https://irdai.gov.in/documents/37343/931203/Health+All+Care+Insurance+Policy_2013-2014.pdf/be6b4ef6-6070-73db-a11c-ecee3827df07?version=1.1&t=1668333734984&download=true,Health All Care Insurance Policy_2013-2014.pdf,2026-08-20T14:23:13.912425+00:00
IRDA/NL-HLT/SHAI/P-H/V.I/105/13-14,Non-Archived,2013-2014,Star Health and Allied Insurance Company Limited,Janata Personal Accident Insurance Policy (Group),05-07-2013,,https://irdai.gov.in/documents/37343/931203/Janata+Personal+Accident+Insurance+Policy+%28Group%29_2013-2014.pdf/e135f46a-aa36-a91a-e49c-6d71c43d136e?version=1.1&t=1668330111212&download=true,Janata Personal Accident Insurance Policy (Group)_2013-2014.pdf,2026-08-20T14:23:13.912425+00:00
IRDA/NL-HLT/SHAI/P-P/V.I/137/13-14,Non-Archived,2013-2014,Star Health and Allied Insurance Company Limited,Janatha Personal Accident Insurance Policy (Individual),08-08-2013,,https://irdai.gov.in/documents/37343/931203/Janatha+Personal+Accident+Insurance+Policy+%28Individual%29_2013-2014.pdf/d1ff047f-fee3-ad09-ce74-54539517185f?version=1.1&t=1668331102720&download=true,Janatha Personal Accident Insurance Policy (Individual)_2013-2014.pdf,2026-08-20T14:23:13.912425+00:00
IRDA/NL-HLT/SHAI/P-H/V.I/100/13-14,Non-Archived,2013-2014,Star Health and Allied Insurance Company Limited,Medi Classic (Group) Insurance,05-07-2013,,https://irdai.gov.in/documents/37343/931203/Medi+Classic+%28Group%29+Insurance_2013-2014.pdf/9b4255bf-a53a-2e57-5091-3f068a06cb78?version=1.1&t=1668329785465&download=true,Medi Classic (Group) Insurance_2013-2014.pdf,2026-08-20T14:23:13.912425+00:00
IRDA/NL-HLT/SHAI/P-H/V.I/162/13-14,Non-Archived,2013-2014,Star Health and Allied Insurance Company Limited,Medi Classic Accident Care (Individual) Insurance Policy,14-08-2013,,https://irdai.gov.in/documents/37343/931203/Medi+Classic+Accident+Care+%28Individual%29+Insurance+Policy_2013-2014.pdf/eae66acf-2bb8-a3dd-4307-4a8f6bc197f5?version=1.1&t=1668332289617&download=true,Medi Classic Accident Care (Individual) Insurance Policy_2013-2014.pdf,2026-08-20T14:23:13.912425+00:00
IRDA/NL-HLT/SHAI/P-H/V.I/128/13-14,Non-Archived,2013-2014,Star Health and Allied Insurance Company Limited,Medi Classic Insurnace Policy (Individual),08-08-2013,,https://irdai.gov.in/documents/37343/931203/Medi+classic+Insurance+Policy+%28Individual%29_2013-2014.pdf/e06b4278-f860-e673-06a2-2b6e4de93a99?version=1.1&t=1668330211921&download=true,Medi classic Insurance Policy (Individual)_2013-2014.pdf,2026-08-20T14:23:13.912425+00:00
IRDA/NL-HLT/SHAI/P-H/V.I/174/13-14,Non-Archived,2013-2014,Star Health and Allied Insurance Company Limited,Medi-Premier Insurance Policy,14-08-2013,,https://irdai.gov.in/documents/37343/931203/Medi+Premier+Insurance+Policy_2013-2014.pdf/5e4424f9-669f-dcac-1653-ef78c2b4dbcb?version=1.1&t=1668338417965&download=true,Medi Premier Insurance Policy_2013-2014.pdf,2026-08-20T14:23:13.912425+00:00
IRDA/NL-HLT/SHAI/P-H/V.I/103/13-14,Non-Archived,2013-2014,Star Health and Allied Insurance Company Limited,School Student Care Insurance,05-07-2013,,https://irdai.gov.in/documents/37343/931203/School+Student+Care+Insurance_2013-2014.pdf/e5cea1e9-fb34-c0b5-abb1-21488941a27b?version=1.1&t=1668329944765&download=true,School Student Care Insurance_2013-2014.pdf,2026-08-20T14:23:13.912425+00:00
IRDA/NL-HLT/SHAI/P-H/V.I/172/13-14,Non-Archived,2013-2014,Star Health and Allied Insurance Company Limited,Senior Citizens Red Carpet Health Insurance Policy,14-08-2013,,https://irdai.gov.in/documents/37343/931203/Senior+Citizens+Red+Carpet+Health+Insurance+Policy_2013-2014.pdf/d65b4e98-6623-4fba-2684-ebb32acec0a0?version=1.1&t=1668333932840&download=true,Senior Citizens Red Carpet Health Insurance Policy_2013-2014.pdf,2026-08-20T14:23:13.912425+00:00
IRDA/NL-HLT/SHAI/P-H/V.II/397/13-14,Non-Archived,2013-2014,Star Health and Allied Insurance Company Limited,Star Cardiac Care Insurance Policy,21-02-2014,,https://irdai.gov.in/documents/37343/931203/Star+Cardiac+Care+Insurance+Policy_2013-2014.pdf/5a1133d7-a711-a4f5-0d83-d257f9945d48?version=1.1&t=1668338784165&download=true,Star Cardiac Care Insurance Policy_2013-2014.pdf,2026-08-20T14:23:13.912425+00:00
IRDA/NL-HLT/SHAI/P-H/V.II/398/13-14,Non-Archived,2013-2014,Star Health and Allied Insurance Company Limited,Star Comprehensive Insurance Policy,26-02-2014,,https://irdai.gov.in/documents/37343/931203/Star+Comprehensive+Insurance+Policy_2013-2014.pdf/7d9ddf0f-27da-441c-e9af-bcca9f097acf?version=1.1&t=1668330651103&download=true,Star Comprehensive Insurance Policy_2013-2014.pdf,2026-08-20T14:23:13.912425+00:00
IRDA/NL-HLT/SHAI/P-T/V.I/143/13-14,Non-Archived,2013-2014,Star Health and Allied Insurance Company Limited,Star Corporate Travel Protect Insurance Policy,08-08-2013,,https://irdai.gov.in/documents/37343/931203/Star+Corporate+Travel+Protect+Insurance+Policy_2013-2014.pdf/0cdda539-671d-4a29-e822-a1de612a11bf?version=1.1&t=1668331980691&download=true,Star Corporate Travel Protect Insurance Policy_2013-2014.pdf,2026-08-20T14:23:13.912425+00:00
IRDA/NL-HLT/SHAI/P-H(C)/V.I/138/13-14,Non-Archived,2013-2014,Star Health and Allied Insurance Company Limited,Star Criticare Plus Insurance Policy,08-08-2013,,https://irdai.gov.in/documents/37343/931203/Star+Criticare+Plus+Insurance+Policy_2013-2014.pdf/0a897b0c-37d9-5469-b5fe-2b8b29136ca0?version=1.1&t=1668331147520&download=true,Star Criticare Plus Insurance Policy_2013-2014.pdf,2026-08-20T14:23:13.912425+00:00
IRDA/NL-HLT/SHAI/P-H/V.I/139/13-14,Non-Archived,2013-2014,Star Health and Allied Insurance Company Limited,Star Family Delite Insurance Policy,08-08-2013,,https://irdai.gov.in/documents/37343/931203/Star+Family+Delite+Insurance+Policy_2013-2014.pdf/2d29e08f-9871-508d-8420-981036e0ecf9?version=1.1&t=1668331206945&download=true,Star Family Delite Insurance Policy_2013-2014.pdf,2026-08-20T14:23:13.912425+00:00
IRDA/NL-HLT/SHAI/P-T/V.I/141/13-14,Non-Archived,2013-2014,Star Health and Allied Insurance Company Limited,Star Family Travel Protect Insurance Policy,08-08-2013,,https://irdai.gov.in/documents/37343/931203/Star+Family+Travel+Protect+Insurance+Policy_2013-2014.pdf/e017668e-501b-2e70-146c-0602f72f84a7?version=1.1&t=1668331325673&download=true,Star Family Travel Protect Insurance Policy_2013-2014.pdf,2026-08-20T14:23:13.912425+00:00
IRDA/NL-HLT/SHAI/P-H/V.I/167/13-14,Non-Archived,2013-2014,Star Health and Allied Insurance Company Limited,Star Health Gain Insurance Policy,14-08-2013,,https://irdai.gov.in/documents/37343/931203/Star+Health+Gain+Insurance+Policy_2013-2014.pdf/f97e2ec7-3fc5-a012-1ef7-13663658e5fd?version=1.1&t=1668333698164&download=true,Star Health Gain Insurance Policy_2013-2014.pdf,2026-08-20T14:23:13.912425+00:00
IRDA/NL-HLT/SHAI/P-H/V.I/131/13-14,Non-Archived,2013-2014,Star Health and Allied Insurance Company Limited,Star Micro Health Insurance,08-08-2013,,https://irdai.gov.in/documents/37343/931203/Star+Micro+Health+Insurance_2013-2014.pdf/089c32bc-afd7-8658-3e87-4f8ad36af25e?version=1.1&t=1668330323106&download=true,Star Micro Health Insurance_2013-2014.pdf,2026-08-20T14:23:13.912425+00:00
IRDA/NL-HLT/SHAI/P-H/V.I/106/13-14,Non-Archived,2013-2014,Star Health and Allied Insurance Company Limited,Star Net Plus,05-07-2013,,https://irdai.gov.in/documents/37343/931203/Star+Net+Plus_2013-2014.pdf/cb84233f-2b65-e96b-11b8-78758ea08b00?version=1.1&t=1668330156873&download=true,Star Net Plus_2013-2014.pdf,2026-08-20T14:23:13.912425+00:00
IRDA/NL-HLT/SHAI/P-H/V.I/277/13-14,Non-Archived,2013-2014,Star Health and Allied Insurance Company Limited,Star Pravasi Bharatiya Bima Yojana Policy,30-09-2013,,https://irdai.gov.in/documents/37343/931203/Star+Pravasi+Bharatiya+Bima+Yojana+Policy_2013-2014.pdf/ce9b0e2c-a839-f8f1-70c0-899dc5d24e2e?version=1.1&t=1668338650692&download=true,Star Pravasi Bharatiya Bima Yojana Policy_2013-2014.pdf,2026-08-20T14:23:13.912425+00:00
IRDA/NL-HLT/SHAI/P-H/V.I/165/13-14,Non-Archived,2013-2014,Star Health and Allied Insurance Company Limited,Star Shri Family Care Insurance Policy,14-08-2013,,https://irdai.gov.in/documents/37343/931203/Star+Shri+Family+Care+Insurance+Policy_2013-2014.pdf/c865743e-356a-532d-2517-8ad2a67b4fbf?version=1.1&t=1668333622227&download=true,Star Shri Family Care Insurance Policy_2013-2014.pdf,2026-08-20T14:23:13.912425+00:00
IRDA/NL-HLT/SHAI/P-H/V.I/163/13-14,Non-Archived,2013-2014,Star Health and Allied Insurance Company Limited,Star Shri Individual Care Insurance Policy,14-08-2013,,https://irdai.gov.in/documents/37343/931203/Star+Shri+Individual+Care+Insurance+Policy_2013-2014.pdf/4234f1ee-0f88-0595-78f2-a56e5b691869?version=1.1&t=1668333520775&download=true,Star Shri Individual Care Insurance Policy_2013-2014.pdf,2026-08-20T14:23:13.912425+00:00
IRDA/NL-HLT/SHAI/P-T/V.I/142/13-14,Non-Archived,2013-2014,Star Health and Allied Insurance Company Limited,Star Student Travel Protect Insurance Policy,08-08-2013,,https://irdai.gov.in/documents/37343/931203/Star+Student+Travel+Protect+Insurance+Policy_2013-2014.pdf/fc4faa32-292a-f547-5550-d7ad5975418a?version=1.1&t=1668331366784&download=true,Star Student Travel Protect Insurance Policy_2013-2014.pdf,2026-08-20T14:23:13.912425+00:00
IRDA/NL-HLT/SHAI/P-H/V.I/164/13-14,Non-Archived,2013-2014,Star Health and Allied Insurance Company Limited,Star Super Surplus (Floater) Insurance Policy,14-08-2013,,https://irdai.gov.in/documents/37343/931203/Star+Super+Surplus+%28Floater%29+Insurance+Policy_2013-2014.pdf/90e97dc2-9f9a-b3d3-30b7-0adfcbe0974d?version=1.1&t=1668333567660&download=true,Star Super Surplus (Floater) Insurance Policy_2013-2014.pdf,2026-08-20T14:23:13.912425+00:00
IRDA/NL-HLT/SHAI/P-T/V.I/140/13-14,Non-Archived,2013-2014,Star Health and Allied Insurance Company Limited,Star Travel Protect Insurance Policy,08-08-2013,,https://irdai.gov.in/documents/37343/931203/Star+Travel+Protect+Insurance+Policy_2013-2014.pdf/188d46d1-4431-aeae-ffb5-e88357bee491?version=1.1&t=1668331280464&download=true,Star Travel Protect Insurance Policy_2013-2014.pdf,2026-08-20T14:23:13.912425+00:00
IRDA/NL-HLT/SHAI/P-H/V.I/169/13-14,Non-Archived,2013-2014,Star Health and Allied Insurance Company Limited,Star True Value Health Insurance Policy,14-08-2013,,https://irdai.gov.in/documents/37343/931203/Star+True+Value+Health+Insurance+Policy_2013-2014.pdf/08342b1d-b594-0641-d910-be0e5796c13a?version=1.1&t=1668333781464&download=true,Star True Value Health Insurance Policy_2013-2014.pdf,2026-08-20T14:23:13.912425+00:00
IRDA/NL-HLT/SHAI/P-H/V.I/135/13-14,Non-Archived,2013-2014,Star Health and Allied Insurance Company Limited,Star Unique Health Insurance Policy,08-08-2013,,https://irdai.gov.in/documents/37343/931203/Star+Unique+Health+Insurance+Policy_2013-2014.pdf/c301f0fa-7324-0627-6d96-687921a6aa6e?version=1.1&t=1668330980703&download=true,Star Unique Health Insurance Policy_2013-2014.pdf,2026-08-20T14:23:13.912425+00:00
IRDA/NL-HLT/SHAI/P-H/V.I/133/13-14,Non-Archived,2013-2014,Star Health and Allied Insurance Company Limited,Star Wedding Gift Insurance,08-08-2013,,https://irdai.gov.in/documents/37343/931203/Star+Wedding+Gift+Insurance_2013-2014.pdf/4d7bf093-03ee-2eec-4d75-11de0acc28ad?version=1.1&t=1668330698283&download=true,Star Wedding Gift Insurance_2013-2014.pdf,2026-08-20T14:23:13.912425+00:00
IRDA/NL-HLT/SHAI/P-H/V.I/170/13-14,Non-Archived,2013-2014,Star Health and Allied Insurance Company Limited,Super Surplus Insurance Policy,14-08-2013,,https://irdai.gov.in/documents/37343/931203/Super+Surplus+Insurance+Policy_2013-2014.pdf/0351e871-9f96-fdbe-ef1b-90d243c055ff?version=1.1&t=1668333870247&download=true,Super Surplus Insurance Policy_2013-2014.pdf,2026-08-20T14:23:13.912425+00:00
IRDAI/HLT/SHAI/P-H/V.II/102/2015-16,Non-Archived,2015-2016,Star Health and Allied Insurance Company Ltd,Accident Care (group) insurance Revision,29-03-2016,,https://irdai.gov.in/documents/37343/931203/STAR+HEALTH+_+Accident+Care+%28Group%29+Insurance_2015-2016.pdf/acea4139-6e7a-a25d-9806-980943279da9?version=1.1&t=1668410141907&download=true,STAR HEALTH _ Accident Care (Group) Insurance_2015-2016.pdf,2026-08-20T14:23:13.912425+00:00
IRDAI/HLT/SHAI/P-P/V.II/134/15-16,Non-Archived,2015-2016,Star Health and Allied Insurance Company Ltd,Accidental care individual insurance policy,20-08-2015,,https://irdai.gov.in/documents/37343/931203/STAR+HEALTH+_+Accident+Care+Individual+Insurance+Policy_2015-2016.pdf/b79213d5-5b42-8216-b16c-7d33e0b79be7?version=1.1&t=1668409598230&download=true,STAR HEALTH _ Accident Care Individual Insurance Policy_2015-2016.pdf,2026-08-20T14:23:13.912425+00:00
IRDAI/HLT/SHAI/P-P/V.II/166/15-16,Non-Archived,2015-2016,Star Health and Allied Insurance Company Ltd,Family Health Optima Accident Care policy,24-09-2015,,https://irdai.gov.in/documents/37343/931203/STAR+HEALTH+_+Family+Health+Optima+Accident+Care+Policy_2015-2016.pdf/8f5afc72-dc4b-0db9-514e-573e2b2a5212?version=1.1&t=1668409655355&download=true,STAR HEALTH _ Family Health Optima Accident Care Policy_2015-2016.pdf,2026-08-20T14:23:13.912425+00:00
IRDAI/HLT/SHAI/P-H/V.I/32/15-16,Non-Archived,2015-2016,Star Health and Allied Insurance Company Ltd,Group Health Insurance,23-03-2016,,https://irdai.gov.in/documents/37343/931203/STAR+HEALTH+_+Group+Health+Insurance+Policy_2015-2016.pdf/9e8480da-b771-dbdb-e963-fa89747b8647?version=1.1&t=1668409852717&download=true,STAR HEALTH _ Group Health Insurance Policy_2015-2016.pdf,2026-08-20T14:23:13.912425+00:00
IRDAI/HLT/SHAI/P-P/V.II/162/15-16,Non-Archived,2015-2016,Star Health and Allied Insurance Company Ltd,Medi classic Accident Care (individual) insurance policy,24-09-2015,,https://irdai.gov.in/documents/37343/931203/STAR+HEALTH+_+Medi+Classic+Accident+Care+%28Individual%29+Insurance+Policy_2015-2016.pdf/b164b289-7bae-ff14-8877-46479edf120c?version=1.1&t=1668409706514&download=true,STAR HEALTH _ Medi Classic Accident Care (Individual) Insurance Policy_2015-2016.pdf,2026-08-20T14:23:13.912425+00:00
IRDA/NL-HLT/SHAI/P-H/V.II/172/14-15,Non-Archived,2015-2016,Star Health and Allied Insurance Company Ltd,Senior Citizen Red Carpet Health Insurance policy,16-06-2015,,https://irdai.gov.in/documents/37343/931203/STAR+HEALTH+_+Senior+Citizens+Red+Carpet+Health+Insurance+Policy_2015-2016.pdf/7b3a26bc-bd64-e6e1-667a-f7dc7116bf77?version=1.1&t=1668409556000&download=true,STAR HEALTH _ Senior Citizens Red Carpet Health Insurance Policy_2015-2016.pdf,2026-08-20T14:23:13.912425+00:00
IRDA/NL-HLT/SHAI/P-H/V.III/398/14-15,Non-Archived,2015-2016,Star Health and Allied Insurance Company Ltd,Star Comprehensive Insurance Policy,04-07-2015,,https://irdai.gov.in/documents/37343/931203/STAR+HEALTH+_Star+Comprehensive+Insurance+policy_2015-2016.pdf/bc886538-9175-9b4b-000d-aa9e3cee15c5?version=1.1&t=1668919103032&download=true,STAR HEALTH _Star Comprehensive Insurance policy_2015-2016.pdf,2026-08-20T14:23:13.912425+00:00
TATHLIP20169V011920,Non-Archived,2019-2020,TATA AIG General Insurance Co Ltd,"Arogya Sanjeevani Policy, TATA AIG General Insurance Company Limited",31-03-2020,New,https://irdai.gov.in/documents/37343/931203/TATHLIP20169V011920_2019-2020.pdf/781650ee-0724-3cf2-9a4d-2077b0e4ac99?version=1.1&t=1668577106501&download=true,TATHLIP20169V011920_2019-2020.pdf,2026-08-20T14:23:13.912425+00:00
TATHLIP21095V012021,Non-Archived,2020-2021,TATA AIG General Insurance Co Ltd,"Corona Kavach Policy, TATA AIG General Insurance Company Limited",07-10-2020,New,https://irdai.gov.in/documents/37343/931203/TATHLIP21095V012021_2020-2021.pdf/44194f6f-b63e-783e-6fa4-6f0c503aa9b3?version=1.1&t=1668152378226&download=true,TATHLIP21095V012021_2020-2021.pdf,2026-08-20T14:23:13.912425+00:00
TATPMGP20110V011920,Non-Archived,2019-2020,TATA AIG General Insurance Co Ltd,Janata Personal Accident Policy (Group) Micro Insurance product,24-01-2020,Micro Group,https://irdai.gov.in/documents/37343/931203/TATPMGP20110V011920_2019-2020.pdf/026fb191-a12c-1830-3976-45c359ab1499?version=1.1&t=1668577164160&download=true,TATPMGP20110V011920_2019-2020.pdf,2026-08-20T14:23:13.912425+00:00
TATPMIP20111V011920,Non-Archived,2019-2020,TATA AIG General Insurance Co Ltd,Janata Personal Accident Policy (Individual) Micro Insurance product,24-01-2020,Micro Individual,https://irdai.gov.in/documents/37343/931203/TATPMIP20111V011920_2019-2020.pdf/03317b6d-d478-671b-79ff-1fd832148728?version=1.1&t=1668577203584&download=true,TATPMIP20111V011920_2019-2020.pdf,2026-08-20T14:23:13.912425+00:00
TATHMIP20112V011920,Non-Archived,2019-2020,TATA AIG General Insurance Co Ltd,Mediraksha Micro Insurance product,24-01-2020,Micro Individual,https://irdai.gov.in/documents/37343/931203/TATHMIP20112V011920_2019-2020.pdf/10afb948-517c-1314-cbc8-8a9711b48ab6?version=1.1&t=1668577278080&download=true,TATHMIP20112V011920_2019-2020.pdf,2026-08-20T14:23:13.912425+00:00
TATHMGP20113V011920,Non-Archived,2019-2020,TATA AIG General Insurance Co Ltd,Sakhi- TATA AIG Maternal Care Micro Insurance product,24-01-2020,Micro Group,https://irdai.gov.in/documents/37343/931203/TATHMGP20113V011920_2019-2020.pdf/bc237fff-d177-a6e5-6254-00c526ed08b1?version=1.1&t=1668577328589&download=true,TATHMGP20113V011920_2019-2020.pdf,2026-08-20T14:23:13.912425+00:00
TATHMGP20114V011920,Non-Archived,2019-2020,TATA AIG General Insurance Co Ltd,TATA AIG Group Hospital Cash Micro Insurance product,24-01-2020,Micro Group,https://irdai.gov.in/documents/37343/931203/TATHMGP20114V011920_2019-2020.pdf/f80410cf-4a5a-885b-19d3-dea6d2547a3f?version=1.1&t=1668577417657&download=true,TATHMGP20114V011920_2019-2020.pdf,2026-08-20T14:23:13.912425+00:00
TATPAIP18044V011819,Non-Archived,2018-2019,TATA AIG General Insurance Co ltd,TATA AIG Accident Guard Plus,08-08-2018,New,https://irdai.gov.in/documents/37343/931203/TATPAIP18044V011819_2018-2019.pdf/377734f5-6f82-2389-7d02-d1290dc9019c?version=1.1&t=1668509993636&download=true,TATPAIP18044V011819_2018-2019.pdf,2026-08-20T14:23:13.912425+00:00
TATHLGP19052V011819,Non-Archived,2018-2019,TATA AIG General Insurance Co ltd,Tata AIG Group Hospital Cash,07-09-2018,Group,https://irdai.gov.in/documents/37343/931203/TATHLGP19052V011819_2018-2019.pdf/7451183d-f312-a546-9995-a79c0485e92b?version=1.1&t=1668510085633&download=true,TATHLGP19052V011819_2018-2019.pdf,2026-08-20T14:23:13.912425+00:00
TATHLIP22176V012122,Non-Archived,2021-2022,Tata AIG General Insuarance Co Ltd,Tata AIG Criti- Medicare,03-11-2021,Health,https://irdai.gov.in/documents/37343/931203/Tata+AIG+Criti-+Medicare.pdf/58dddaeb-573c-074d-5891-3c809f2556e6?version=1.1&t=1668754767821&download=true,Tata AIG Criti- Medicare.pdf,2026-08-20T14:23:13.912425+00:00
IRDAI/HLT/TAGI/P-P/V.I/11/16-17,Non-Archived,2016-2017,Tata AIG General Insurace company limited,AUTO SHIELD POLICY,20-07-2016,Retail,https://irdai.gov.in/documents/37343/931203/T-AIG-AutoShieldPolicy_2016-2017.pdf/20b63a8e-c334-8858-b8ec-01e977bdbe00?version=1.1&t=1668421070390&download=true,T-AIG-AutoShieldPolicy_2016-2017.pdf,2026-08-20T14:23:13.912425+00:00
TATHLIP19014V011920,Non-Archived,2019-2020,Tata AIG General Insurance Co,Tata AIG Medicare Plus,30-04-2019,New,https://irdai.gov.in/documents/37343/931203/TATHLIP19014V011920_2019-2020.pdf/a738303a-7062-9935-9f1a-8781cf372868?version=1.1&t=1668577016667&download=true,TATHLIP19014V011920_2019-2020.pdf,2026-08-20T14:23:13.912425+00:00
TATHLGP19012V011819,Non-Archived,2018-2019,Tata AIG General Insurance Co ltd,Group Medicare,25-04-2018,Group,https://irdai.gov.in/documents/37343/931203/TATHLGP19012V011819_2018-2019.pdf/f597f132-41ce-d1a8-8c7e-9adf5dbfa0bb?version=1.0&t=1638535724680&download=true,TATHLGP19012V011819_2018-2019.pdf,2026-08-20T14:23:13.912425+00:00
TATHLGP18095V011819,Non-Archived,2018-2019,Tata AIG General Insurance Co ltd,Tata AIG Group Critical Illness,30-11-2018,Group,https://irdai.gov.in/documents/37343/931203/TATHLGP18095V011819.pdf/0fab39ad-58e6-6050-f291-535c05e34ab4?version=1.1&t=1668510054923&download=true,TATHLGP18095V011819.pdf,2026-08-20T14:23:13.912425+00:00
TATHLIP18004V011819,Non-Archived,2018-2019,Tata AIG General Insurance Co ltd,Tata AIG Medicare,04-11-2018,New,https://irdai.gov.in/documents/37343/931203/TATHLIP18004V011819_2018-2019.pdf/1c1c8191-e4bc-06bc-4242-3decc83fc4df?version=1.1&t=1668510120956&download=true,TATHLIP18004V011819_2018-2019.pdf,2026-08-20T14:23:13.912425+00:00
TATHLIP18005V011819,Non-Archived,2018-2019,Tata AIG General Insurance Co ltd,Tata AIG Medicare Premier,04-11-2018,New,https://irdai.gov.in/documents/37343/931203/TATHLIP18005V011819_2018-2019.pdf/2003d209-d374-7c34-1afc-f50b2f7a2be8?version=1.1&t=1668510170858&download=true,TATHLIP18005V011819_2018-2019.pdf,2026-08-20T14:23:13.912425+00:00
TATHLIP18007V011819,Non-Archived,2018-2019,Tata AIG General Insurance Co ltd,Tata AIG Medicare Protect,04-12-2018,New,https://irdai.gov.in/documents/37343/931203/TATHLIP18007V011819_2018-2019.pdf/dbf701f5-b53e-d27b-6558-378dcf8ad49f?version=1.1&t=1668510211032&download=true,TATHLIP18007V011819_2018-2019.pdf,2026-08-20T14:23:13.912425+00:00
TATHLGP18051V011718,Non-Archived,2017-2018,Tata AIG General Insurance Co. Limited,Group Credit Secure Plus,30-10-2017,,https://irdai.gov.in/documents/37343/931203/TAT_GroupCreditSecurePlus_2017-2018.pdf/42c09067-b28f-195c-b8bd-4acf62ae385e?version=1.1&t=1668488334112&download=true,TAT_GroupCreditSecurePlus_2017-2018.pdf,2026-08-20T14:23:13.912425+00:00
TATTGOP18035V011718,Non-Archived,2017-2018,Tata AIG General Insurance Co. Limited,Group Travel Secure,11-09-2017,,https://irdai.gov.in/documents/37343/931203/TAT_Group_Travel_Secure_2017-2018.pdf/e214a017-1459-5fde-c1ac-103090671e33?version=1.1&t=1668488284949&download=true,TAT_Group_Travel_Secure_2017-2018.pdf,2026-08-20T14:23:13.912425+00:00
TATPAIP21187V022021,Non-Archived,2020-2021,Tata AIG General Insurance Co. Ltd.,Accident Guard Plus,31-08-2020,Revision,https://irdai.gov.in/documents/37343/931203/TATPAIP21187V022021_2020-2021.pdf/c485e8b1-1b27-2216-2744-9640f08154d4?version=1.1&t=1668593440640&download=true,TATPAIP21187V022021_2020-2021.pdf,2026-08-20T14:23:13.912425+00:00
TATPAIP21188V022021,Non-Archived,2020-2021,Tata AIG General Insurance Co. Ltd.,Accident Guard Policy,31-08-2020,Revision,https://irdai.gov.in/documents/37343/931203/TATPAIP21188V022021_2020-2021.pdf/dd6b12e0-7ec9-a8e2-41da-55f7c830c62f?version=1.1&t=1668593478807&download=true,TATPAIP21188V022021_2020-2021.pdf,2026-08-20T14:23:13.912425+00:00
TATPAIP21189V022021,Non-Archived,2020-2021,Tata AIG General Insurance Co. Ltd.,Accident Shield Policy,31-08-2020,Revision,https://irdai.gov.in/documents/37343/931203/TATPAIP21189V022021_2020-2021.pdf/d3be39ae-a43f-e9f0-f7ec-321dba260af5?version=1.1&t=1668593518784&download=true,TATPAIP21189V022021_2020-2021.pdf,2026-08-20T14:23:13.912425+00:00
TATTIOP21190V022021,Non-Archived,2020-2021,Tata AIG General Insurance Co. Ltd.,Asia Travel Guard Policy,31-08-2020,Revision,https://irdai.gov.in/documents/37343/931203/TATTIOP21190V022021_2020-2021.pdf/669258a9-2267-0b34-78b5-9b588b21b4f8?version=1.1&t=1668593977542&download=true,TATTIOP21190V022021_2020-2021.pdf,2026-08-20T14:23:13.912425+00:00
TATPAIP21191V022021,Non-Archived,2020-2021,Tata AIG General Insurance Co. Ltd.,Auto Shield Policy,31-08-2020,Revision,https://irdai.gov.in/documents/37343/931203/TATPAIP21191V022021_2020-2021.pdf/85992c4b-dfe0-4c26-a5d9-deee10ac3390?version=1.1&t=1668593560290&download=true,TATPAIP21191V022021_2020-2021.pdf,2026-08-20T14:23:13.912425+00:00
TATTIDP22101V012122,Non-Archived,2021-2022,Tata AIG General Insurance Co. Ltd.,"Bharat Yatra Suraksha, TATA AIG General Insurance Company Limited",06-07-2021,Individual,https://irdai.gov.in/documents/37343/931203/TATTIDP22101V012122.pdf/f843d933-28c8-ae7d-0504-23f4a7c916ce?version=1.0&t=1669361193811&download=true,TATTIDP22101V012122.pdf,2026-08-20T14:23:13.912425+00:00
TATHLIP21292V022021,Non-Archived,2020-2021,Tata AIG General Insurance Co. Ltd.,Critical Illness,20-09-2020,Revision,https://irdai.gov.in/documents/37343/931203/TATHLIP21292V022021_2020-2021.pdf/1c14d81a-8d9f-ca79-5f9b-b6a0ae5e418b?version=1.1&t=1668592970984&download=true,TATHLIP21292V022021_2020-2021.pdf,2026-08-20T14:23:13.912425+00:00
TATTIDP21192V022021,Non-Archived,2020-2021,Tata AIG General Insurance Co. Ltd.,Domestic Travel Guard Policy,31-08-2020,Revision,https://irdai.gov.in/documents/37343/931203/TATTIDP21192V022021_2020-2021.pdf/affd7a6d-85c0-f3bb-9f51-605d77720399?version=1.1&t=1668593893407&download=true,TATTIDP21192V022021_2020-2021.pdf,2026-08-20T14:23:13.912425+00:00
TATTIDP21193V022021,Non-Archived,2020-2021,Tata AIG General Insurance Co. Ltd.,Domestic Travel Protection Policy,31-08-2020,Revision,https://irdai.gov.in/documents/37343/931203/TATTIDP21193V022021_2020-2021.pdf/2d0659fd-45ae-6997-1453-38f88cb74b25?version=1.1&t=1668593941512&download=true,TATTIDP21193V022021_2020-2021.pdf,2026-08-20T14:23:13.912425+00:00
TATHLGP21004V032122,Non-Archived,2021-2022,Tata AIG General Insurance Co. Ltd.,Group Credit Secure Plus,07-04-2021,Health,https://irdai.gov.in/documents/37343/931203/Group+Credit+Secure+Plus.pdf/0bd77424-b8b6-49a5-2eb4-8805f418ec14?version=1.1&t=1668754693119&download=true,Group Credit Secure Plus.pdf,2026-08-20T14:23:13.912425+00:00
TATHMGP21015V022122,Non-Archived,2021-2022,Tata AIG General Insurance Co. Ltd.,"Group Credit Secure Plus, Micro Insurance Product",30-04-2021,Revision,https://irdai.gov.in/documents/37343/931203/TATHMGP21015V022122_HEALTH2064.pdf/73ca7f83-a2db-a107-22b6-80adddefa25a?version=1.1&t=1668770852598&download=true,TATHMGP21015V022122_HEALTH2064.pdf,2026-08-20T14:23:13.912425+00:00
IRDA/NL-HLT/TAGI/P-H/V.I/276/13-14,Non-Archived,2014-2015,Tata AIG General Insurance Co. Ltd.,Group MediPrime,14-07-2014,,https://irdai.gov.in/documents/37343/931203/Group+MediPrime_2014-2015.pdf/fe178b7f-59be-683b-cc74-dd0c9bb06349?version=1.1&t=1668239121532&download=true,Group MediPrime_2014-2015.pdf,2026-08-20T14:23:13.912425+00:00
TATHLGP21248V022021,Non-Archived,2020-2021,Tata AIG General Insurance Co. Ltd.,Group Medicare,14-09-2020,Revision,https://irdai.gov.in/documents/37343/931203/TATHLGP21248V022021_2020-2021.pdf/c58e9d19-2435-7527-8209-40d27704bbfb?version=1.1&t=1668592202293&download=true,TATHLGP21248V022021_2020-2021.pdf,2026-08-20T14:23:13.912425+00:00
TATHLGP22162V012122,Non-Archived,2021-2022,Tata AIG General Insurance Co. Ltd.,Group Medicare 360,29-09-2021,Group,https://irdai.gov.in/documents/37343/931203/TATHLGP22162V012122.pdf/db3463e9-e04f-4e6c-e5be-94bda5382bde?version=1.0&t=1669361386965&download=true,TATHLGP22162V012122.pdf,2026-08-20T14:23:13.912425+00:00
TATHMGP21533V022021,Non-Archived,2020-2021,Tata AIG General Insurance Co. Ltd.,Group Medicare Micro Insurance Product,10-01-2020,Revision,https://irdai.gov.in/documents/37343/931203/TATHMGP21533V022021_2020-2021.pdf/35fa425f-583a-3606-5218-8b82d8a0d1d7?version=1.1&t=1668593105185&download=true,TATHMGP21533V022021_2020-2021.pdf,2026-08-20T14:23:13.912425+00:00
TATHLIP21195V022021,Non-Archived,2020-2021,Tata AIG General Insurance Co. Ltd.,Group Personal Accident And Business Travel Accident Policy,31-08-2020,Group,https://irdai.gov.in/documents/37343/931203/TATHLIP21195V022021_2020-2021.pdf/c0438db6-afa2-6b43-bbb3-32f761db932f?version=1.1&t=1668592313148&download=true,TATHLIP21195V022021_2020-2021.pdf,2026-08-20T14:23:13.912425+00:00
TATPAGP21197V022021,Non-Archived,2020-2021,Tata AIG General Insurance Co. Ltd.,Group Personal Accident – Group Multi Guard,31-08-2020,Revision,https://irdai.gov.in/documents/37343/931203/TATPAGP21197V022021_2020-2021.pdf/4fe796ae-4fdc-182b-560b-5d1f75499c10?version=1.1&t=1668593237882&download=true,TATPAGP21197V022021_2020-2021.pdf,2026-08-20T14:23:13.912425+00:00
TATPAGT21196V022021,Non-Archived,2020-2021,Tata AIG General Insurance Co. Ltd.,Group accident Guard Policy,31-08-2020,Revision,https://irdai.gov.in/documents/37343/931203/TATPAGT21196V022021_2020-2021.pdf/52875294-8e0b-30ad-a429-869a0ef01746?version=1.1&t=1668593397154&download=true,TATPAGT21196V022021_2020-2021.pdf,2026-08-20T14:23:13.912425+00:00
TATHLIP21293V022021,Non-Archived,2020-2021,Tata AIG General Insurance Co. Ltd.,Home Guard Plus Policy,20-09-2020,Revision,https://irdai.gov.in/documents/37343/931203/TATHLIP21293V022021_2020-2021.pdf/9c7bc6cf-a981-c9e8-a73d-1062e64e8cb3?version=1.1&t=1668593057247&download=true,TATHLIP21293V022021_2020-2021.pdf,2026-08-20T14:23:13.912425+00:00
TATPAIP21199V022021,Non-Archived,2020-2021,Tata AIG General Insurance Co. Ltd.,Hospital Care Policy,31-08-2020,Revision,https://irdai.gov.in/documents/37343/931203/TATPAIP21199V022021_2020-2021.pdf/67cfe944-ec80-51f9-4654-6c1c4dfb730f?version=1.1&t=1668593600019&download=true,TATPAIP21199V022021_2020-2021.pdf,2026-08-20T14:23:13.912425+00:00
TATPAIP21200V022021,Non-Archived,2020-2021,Tata AIG General Insurance Co. Ltd.,Income Guard Policy,31-08-2020,Revision,https://irdai.gov.in/documents/37343/931203/TATPAIP21200V022021_2020-2021.pdf/224bd1e1-7903-9336-e479-ef5c2d2727a5?version=1.1&t=1668593653335&download=true,TATPAIP21200V022021_2020-2021.pdf,2026-08-20T14:23:13.912425+00:00
TATHLIP21286V022021,Non-Archived,2020-2021,Tata AIG General Insurance Co. Ltd.,Individual Accident and Sickness Hospital Cash policy,18-09-2020,Revision,https://irdai.gov.in/documents/37343/931203/TATHLIP21286V022021_2020-2021.pdf/fa9ec31f-67e5-fc98-f360-aec1ef032eea?version=1.1&t=1668592935143&download=true,TATHLIP21286V022021_2020-2021.pdf,2026-08-20T14:23:13.912425+00:00
TATPAIP21201V022021,Non-Archived,2020-2021,Tata AIG General Insurance Co. Ltd.,Injury Guard Policy,31-08-2020,Revision,https://irdai.gov.in/documents/37343/931203/TATPAIP21201V022021_2020-2021.pdf/dc83c7aa-36bd-f6b7-3171-3354a5d2e8e5?version=1.1&t=1668593688224&download=true,TATPAIP21201V022021_2020-2021.pdf,2026-08-20T14:23:13.912425+00:00
IRDA/NL-HLT/TAGI/P-P/V.I/29/14-15,Non-Archived,2014-2015,Tata AIG General Insurance Co. Ltd.,Janata Personal Accident Policy (Group),25-09-2014,,https://irdai.gov.in/documents/37343/931203/Janata+Personal+Accident+Policy+%28Group%29_2014-2015.pdf/86a8cb0a-5580-27a9-18c8-ff721b6511ae?version=1.1&t=1668238971622&download=true,Janata Personal Accident Policy (Group)_2014-2015.pdf,2026-08-20T14:23:13.912425+00:00
IRDA/NL-HLT/TAGI/P-P/V.I/3/14-15,Non-Archived,2014-2015,Tata AIG General Insurance Co. Ltd.,Janata Personal Accident Policy (Individual),16-06-2014,,https://irdai.gov.in/documents/37343/931203/Janata+Personal+Accident+Policy+%28Individual%29_2014-2015.pdf/8d10d65f-b647-887e-0857-fb114c257d39?version=1.1&t=1668239044353&download=true,Janata Personal Accident Policy (Individual)_2014-2015.pdf,2026-08-20T14:23:13.912425+00:00
TATPAIP21202V022021,Non-Archived,2020-2021,Tata AIG General Insurance Co. Ltd.,Maharaksha Personal Injury Plan Policy,31-08-2020,Revision,https://irdai.gov.in/documents/37343/931203/TATPAIP21202V022021_2020-2021.pdf/565acbc1-d5b7-9735-0003-4e659c621a65?version=1.1&t=1668593733845&download=true,TATPAIP21202V022021_2020-2021.pdf,2026-08-20T14:23:13.912425+00:00
TATHLIP21259V022021,Non-Archived,2020-2021,Tata AIG General Insurance Co. Ltd.,MediRaksha,17-09-2020,Revision,https://irdai.gov.in/documents/37343/931203/TATHLIP21259V022021_2020-2021.pdf/ab0f0917-3c4c-9d6c-0deb-5d76a047f79d?version=1.1&t=1668592846966&download=true,TATHLIP21259V022021_2020-2021.pdf,2026-08-20T14:23:13.912425+00:00
TATHMIP21534V022021,Non-Archived,2020-2021,Tata AIG General Insurance Co. Ltd.,MediRaksha Micro Insurance Product,10-05-2020,Revision,https://irdai.gov.in/documents/37343/931203/TATHMIP21534V022021_2020-2021.pdf/eec7aa9e-ae14-32da-7429-a233b0a6336d?version=1.1&t=1668593186479&download=true,TATHMIP21534V022021_2020-2021.pdf,2026-08-20T14:23:13.912425+00:00
TATHLIP21260V022021,Non-Archived,2020-2021,Tata AIG General Insurance Co. Ltd.,MediSenior,17-09-2020,Revision,https://irdai.gov.in/documents/37343/931203/TATHLIP21260V022021_2020-2021.pdf/6752451a-96a5-3458-dc46-58b5a13a596b?version=1.1&t=1668592893225&download=true,TATHLIP21260V022021_2020-2021.pdf,2026-08-20T14:23:13.912425+00:00
TATHLIP21258V022021,Non-Archived,2020-2021,Tata AIG General Insurance Co. Ltd.,Mediplus,17-09-2020,Revision,https://irdai.gov.in/documents/37343/931203/TATHLIP21258V022021_2020-2021.pdf/9498f5a7-775a-57c1-f826-4519550b45e4?version=1.1&t=1668592814101&download=true,TATHLIP21258V022021_2020-2021.pdf,2026-08-20T14:23:13.912425+00:00
TATTIOP21202V022021,Non-Archived,2020-2021,Tata AIG General Insurance Co. Ltd.,Overseas Travel Accident - Business Travel Guard Policy,31-08-2020,Revision,https://irdai.gov.in/documents/37343/931203/TATTIOP21202V022021_2020-2021.pdf/5347b3c4-44cd-f3e0-f010-af9906235bb9?version=1.1&t=1668594013845&download=true,TATTIOP21202V022021_2020-2021.pdf,2026-08-20T14:23:13.912425+00:00
TATPAIP21640V012021,Non-Archived,2020-2021,Tata AIG General Insurance Co. Ltd.,"Saral Suraksha Bima, Tata AIG General Insurance Company Limited",31-03-2021,New,https://irdai.gov.in/documents/37343/931203/TATPAIP21640V012021_2020-2021.pdf/3f708e57-76e6-eae4-518f-fe6eba03cc16?version=1.1&t=1668592113034&download=true,TATPAIP21640V012021_2020-2021.pdf,2026-08-20T14:23:13.912425+00:00
TATPMIP22009V012122,Non-Archived,2021-2022,Tata AIG General Insurance Co. Ltd.,"Saral Suraksha Bima, Tata AIG General Insurance Company Limited -Micro Insurance Product",15-04-2021,Micro Individual,https://irdai.gov.in/documents/37343/931203/TATPMIP22009V012122_HEALTH2065.pdf/47389d48-f3bd-efac-be38-c5baf1ebec19?version=1.1&t=1668770928137&download=true,TATPMIP22009V012122_HEALTH2065.pdf,2026-08-20T14:23:13.912425+00:00
TATPAIP21204V022021,Non-Archived,2020-2021,Tata AIG General Insurance Co. Ltd.,Secure Income High Policy,31-08-2020,Revision,https://irdai.gov.in/documents/37343/931203/TATPAIP21204V022021_2020-2021.pdf/1646a442-6c98-09c8-6b38-deb2d6c7e151?version=1.1&t=1668593764958&download=true,TATPAIP21204V022021_2020-2021.pdf,2026-08-20T14:23:13.912425+00:00
TATPAIP21205V022021,Non-Archived,2020-2021,Tata AIG General Insurance Co. Ltd.,Secured Future Plan,31-08-2020,Revision,https://irdai.gov.in/documents/37343/931203/TATPAIP21205V022021_2020-2021.pdf/39783ef3-9780-6946-84c3-3fc673991a26?version=1.1&t=1668593800137&download=true,TATPAIP21205V022021_2020-2021.pdf,2026-08-20T14:23:13.912425+00:00
TATTIOP21206V022021,Non-Archived,2020-2021,Tata AIG General Insurance Co. Ltd.,Student Guard - Overseas Health Insurance Plan,31-08-2020,Revision,https://irdai.gov.in/documents/37343/931203/TATTIOP21206V022021_2020-2021.pdf/333e210d-4505-b9ec-0473-70a365a23af1?version=1.1&t=1668594074945&download=true,TATTIOP21206V022021_2020-2021.pdf,2026-08-20T14:23:13.912425+00:00
TATHLGP21294V022021,Non-Archived,2020-2021,Tata AIG General Insurance Co. Ltd.,Tata AIG Group Critical Illness,20-09-2020,Revision,https://irdai.gov.in/documents/37343/931203/TATHLGP21294V022021_2020-2021.pdf/38fd2df2-9a7f-6f5e-e1d5-1e8ce85e528f?version=1.1&t=1668592279040&download=true,TATHLGP21294V022021_2020-2021.pdf,2026-08-20T14:23:13.912425+00:00
TATHLGP21291V022021,Non-Archived,2020-2021,Tata AIG General Insurance Co. Ltd.,Tata AIG Group Hospital Cash,20-09-2020,Revision,https://irdai.gov.in/documents/37343/931203/TATHLGP21291V022021_2020-2021.pdf/29392464-f477-8bc4-d06c-39d6ab52019c?version=1.1&t=1668592236694&download=true,TATHLGP21291V022021_2020-2021.pdf,2026-08-20T14:23:13.912425+00:00
TATHMGP21535V022021,Non-Archived,2020-2021,Tata AIG General Insurance Co. Ltd.,Tata AIG Group Hospital Cash Micro Insurance Product,10-01-2020,Revision,https://irdai.gov.in/documents/37343/931203/TATHMGP21535V022021_2020-2021.pdf/248e2102-c68c-c0b0-7d84-c3fd33a170af?version=1.1&t=1668593146924&download=true,TATHMGP21535V022021_2020-2021.pdf,2026-08-20T14:23:13.912425+00:00
TATHLIP21224V022021,Non-Archived,2020-2021,Tata AIG General Insurance Co. Ltd.,Tata AIG Medicare,09-07-2020,Revision,https://irdai.gov.in/documents/37343/931203/TATHLIP21224V022021_2020-2021.pdf/66a4f316-8105-807d-d35b-e7d08fc74f74?version=1.1&t=1668592352907&download=true,TATHLIP21224V022021_2020-2021.pdf,2026-08-20T14:23:13.912425+00:00
TATHLIP21253V022021,Non-Archived,2020-2021,Tata AIG General Insurance Co. Ltd.,Tata AIG Medicare Plus,16-09-2020,Revision,https://irdai.gov.in/documents/37343/931203/TATHLIP21253V022021_2020-2021.pdf/4c330fc2-6fe0-8709-30e4-d07032c75f61?version=1.1&t=1668592472802&download=true,TATHLIP21253V022021_2020-2021.pdf,2026-08-20T14:23:13.912425+00:00
TATHLIP21257V022021,Non-Archived,2020-2021,Tata AIG General Insurance Co. Ltd.,Tata AIG Medicare Premier,17-09-2020,Revision,https://irdai.gov.in/documents/37343/931203/TATHLIP21257V022021_2020-2021.pdf/bcb13442-a5ad-afa0-8a1d-5696337e8b13?version=1.1&t=1668592642016&download=true,TATHLIP21257V022021_2020-2021.pdf,2026-08-20T14:23:13.912425+00:00
TATHLIP21225V022021,Non-Archived,2020-2021,Tata AIG General Insurance Co. Ltd.,Tata AIG Medicare protect,09-07-2020,Revision,https://irdai.gov.in/documents/37343/931203/TATHLIP21225V022021_2020-2021.pdf/63626023-5d4a-32f7-2f30-0d58882c191c?version=1.1&t=1668592401314&download=true,TATHLIP21225V022021_2020-2021.pdf,2026-08-20T14:23:13.912425+00:00
TATPAGP21287V022021,Non-Archived,2020-2021,Tata AIG General Insurance Co. Ltd.,Tata AIG Personal Accident and Loss of Job,18-09-2020,Revision,https://irdai.gov.in/documents/37343/931203/TATPAGP21287V022021_2020-2021.pdf/9578f3df-f739-8412-f84f-cef370f1ec5d?version=1.1&t=1668593346524&download=true,TATPAGP21287V022021_2020-2021.pdf,2026-08-20T14:23:13.912425+00:00
IRDA/NL-HLT/TAGI/P-T/V.I/447/13-14,Non-Archived,2014-2015,Tata AIG General Insurance Co. Ltd.,Travel Assure,05-07-2014,,https://irdai.gov.in/documents/37343/931203/Travel+Assure_2014-2015.pdf/65808be1-1d02-c6ef-c5cf-7a926df88f3a?version=1.1&t=1668239078372&download=true,Travel Assure_2014-2015.pdf,2026-08-20T14:23:13.912425+00:00
IRDA/NL-HLT/TAGI/P-T/V.III/32/14-15,Non-Archived,2014-2015,Tata AIG General Insurance Co. Ltd.,Travel Guard,15-10-2014,,https://irdai.gov.in/documents/37343/931203/Travel+Guard_2014-2015.pdf/dee97057-36a3-b318-e26a-c9fb1a452ec7?version=1.1&t=1668239005611&download=true,Travel Guard_2014-2015.pdf,2026-08-20T14:23:13.912425+00:00
TATTIOP21207V022021,Non-Archived,2020-2021,Tata AIG General Insurance Co. Ltd.,Travel Guard Policy,31-08-2020,Revision,https://irdai.gov.in/documents/37343/931203/TATTIOP21207V022021_2020-2021.pdf/80a0deeb-b0dc-3a14-5a56-fdd07f38d308?version=1.1&t=1668594113215&download=true,TATTIOP21207V022021_2020-2021.pdf,2026-08-20T14:23:13.912425+00:00
TATTGBP21008V012021,Non-Archived,2020-2021,Tata AIG General Insurance Co. Ltd.,Travel Protection Policy,16-04-2020,Group,https://irdai.gov.in/documents/37343/931203/TATTGBP21008V012021_2020-2021.pdf/108dc309-423a-8bb0-238e-c7276b2bdb7d?version=1.1&t=1668592149194&download=true,TATTGBP21008V012021_2020-2021.pdf,2026-08-20T14:23:13.912425+00:00
TATPAGP21208V022021,Non-Archived,2020-2021,Tata AIG General Insurance Co. Ltd.,Voluntary Group Personal Accident Policy,31-08-2020,Revision,https://irdai.gov.in/documents/37343/931203/TATPAGP21208V022021_2020-2021.pdf/1f59a836-f5cb-4973-aacb-de1f99e4e09f?version=1.1&t=1668593299971&download=true,TATPAGP21208V022021_2020-2021.pdf,2026-08-20T14:23:13.912425+00:00
TATHLIP21256V022021,Non-Archived,2020-2021,Tata AIG General Insurance Co. Ltd.,Wellsurance Executive Policy,16-09-2020,Revision,https://irdai.gov.in/documents/37343/931203/TATHLIP21256V022021_2020-2021.pdf/64d53744-f2e5-dd2a-96c5-4e11fd99549e?version=1.1&t=1668592595118&download=true,TATHLIP21256V022021_2020-2021.pdf,2026-08-20T14:23:13.912425+00:00
TATHLIP21255V022021,Non-Archived,2020-2021,Tata AIG General Insurance Co. Ltd.,Wellsurance Family Policy,16-09-2020,Revision,https://irdai.gov.in/documents/37343/931203/TATHLIP21255V022021_2020-2021.pdf/11071d22-72ca-2bda-9c94-f51b2fb0c69d?version=1.1&t=1668592552249&download=true,TATHLIP21255V022021_2020-2021.pdf,2026-08-20T14:23:13.912425+00:00
IRDA/NL-HLT/TAGI/P-H/V.I/48/14-15,Non-Archived,2014-2015,Tata AIG General Insurance Co. Ltd.,Wellsurance Family Policy,10-08-2014,,https://irdai.gov.in/documents/37343/931203/Wellsurance+Family+Policy_2014-2015.pdf/2c1dfa64-ffb5-7cf9-5a3f-4af599f7c76c?version=1.1&t=1668403919057&download=true,Wellsurance Family Policy_2014-2015.pdf,2026-08-20T14:23:13.912425+00:00
IRDA/NL-HLT/TAGI/P-H/V.I/49/14-15,Non-Archived,2014-2015,Tata AIG General Insurance Co. Ltd.,Wellsurance Senior Policy,10-08-2014,,https://irdai.gov.in/documents/37343/931203/Wellsurance+Senior+Policy_2014-2015.pdf/dec3eda6-bfaa-f1a6-8598-a709a9a19a9a?version=1.1&t=1668403975987&download=true,Wellsurance Senior Policy_2014-2015.pdf,2026-08-20T14:23:13.912425+00:00
TATHLIP21254V022021,Non-Archived,2020-2021,Tata AIG General Insurance Co. Ltd.,Wellsurance Woman Policy,16-09-2020,Revision,https://irdai.gov.in/documents/37343/931203/TATHLIP21254V022021_2020-2021.pdf/a33c9fae-0d20-bd4a-24bf-a5547d0359b8?version=1.1&t=1668592513158&download=true,TATHLIP21254V022021_2020-2021.pdf,2026-08-20T14:23:13.912425+00:00
IRDA/NL-HLT/TAGI/P-H/V.I/47/14-15,Non-Archived,2014-2015,Tata AIG General Insurance Co. Ltd.,Wellsurance Woman Policy,10-08-2014,,https://irdai.gov.in/documents/37343/931203/Wellsurance+Woman+Policy_2014-2015.pdf/b7677786-b1af-3f63-eb0a-6ff06905efdf?version=1.1&t=1668403855320&download=true,Wellsurance Woman Policy_2014-2015.pdf,2026-08-20T14:23:13.912425+00:00
IRDA/NL-HLT/TAGI/P-P/V.I/292/13-14,Non-Archived,2013-2014,Tata AIG General Insurance Company Limited,Accident & Health Product-Group Accident And Sicknees Hospital Cash Policy,01-11-2013,,https://irdai.gov.in/documents/37343/931203/Group+Accident+and+Sickness+Hospital+Cash+Policy_2013-2014.pdf/03d20815-a278-067f-be66-b835c87a7ea5?version=1.1&t=1668336573601&download=true,Group Accident and Sickness Hospital Cash Policy_2013-2014.pdf,2026-08-20T14:23:13.912425+00:00
IRDA/NL-HLT/TAGI/P-P/V.I/291/13-14,Non-Archived,2013-2014,Tata AIG General Insurance Company Limited,Accident & Health Product-Group Multiguard Personal Accident Policy,01-11-2013,,https://irdai.gov.in/documents/37343/931203/Group+Multiguard+Personal+Accident+Policy_2013-2014.pdf/df531b24-9634-8f9a-82f1-30a532489c4c?version=1.1&t=1668336538688&download=true,Group Multiguard Personal Accident Policy_2013-2014.pdf,2026-08-20T14:23:13.912425+00:00
IRDA/NL-HLT/TAGI/P-P/V.I/195/13-14,Non-Archived,2013-2014,Tata AIG General Insurance Company Limited,Accident Guard Policy,04-09-2013,,https://irdai.gov.in/documents/37343/931203/Accident+Guard+Policy_2013-2014.pdf/7cfb5068-a428-f1c2-85c0-70b6143850e7?version=1.1&t=1668339102623&download=true,Accident Guard Policy_2013-2014.pdf,2026-08-20T14:23:13.912425+00:00
IRDA/NL-HLT/TAGI/P-P/V.I/200/13-14,Non-Archived,2013-2014,Tata AIG General Insurance Company Limited,Accident Shield Policy,04-09-2013,,https://irdai.gov.in/documents/37343/931203/Accident+Shield+Policy_2013-2014.pdf/458e937a-f657-0264-8804-a226bc3a89d1?version=1.1&t=1668339313037&download=true,Accident Shield Policy_2013-2014.pdf,2026-08-20T14:23:13.912425+00:00
IRDA/NL-HLT/TAGI/P-T/V.I/241/13-14,Non-Archived,2013-2014,Tata AIG General Insurance Company Limited,Asia Travel Guard Policy,13-09-2013,,https://irdai.gov.in/documents/37343/931203/Asia+Travel+Guard+Policy_2013-2014.pdf/8cb7ebae-0d68-e0b3-339a-4060710400d6?version=1.1&t=1668337693203&download=true,Asia Travel Guard Policy_2013-2014.pdf,2026-08-20T14:23:13.912425+00:00
IRDA/NL-HLT/TAGI/P-T/V.I/300/13-14,Non-Archived,2013-2014,Tata AIG General Insurance Company Limited,Business Travel Guard,01-11-2013,,https://irdai.gov.in/documents/37343/931203/Business+Travel+Guard_2013-2014.pdf/0d71b8ab-622d-f001-99d6-8693f99845e7?version=1.1&t=1668337951329&download=true,Business Travel Guard_2013-2014.pdf,2026-08-20T14:23:13.912425+00:00
IRDA/NL-HLT/TAGI/P-P/V.I/203/13-14,Non-Archived,2013-2014,Tata AIG General Insurance Company Limited,Complete Care Policy,04-09-2013,,https://irdai.gov.in/documents/37343/931203/Complete+Care+Policy_2013-2014.pdf/dbeed306-4bdd-3c4d-3f7c-d6cab76d619b?version=1.1&t=1668339466649&download=true,Complete Care Policy_2013-2014.pdf,2026-08-20T14:23:13.912425+00:00
IRDA/NL-HLT/TAGI/P-H(C)/V.I/299/13-14,Non-Archived,2013-2014,Tata AIG General Insurance Company Limited,Critical Illness,01-11-2013,,https://irdai.gov.in/documents/37343/931203/Critical+Illness_2013-11-01.pdf/753b7f7f-54c1-a415-be3b-21f9d908d83b?version=1.1&t=1668337914379&download=true,Critical Illness_2013-11-01.pdf,2026-08-20T14:23:13.912425+00:00
IRDA/NL-HLT/TAGI/P-T/V.I/240/13-14,Non-Archived,2013-2014,Tata AIG General Insurance Company Limited,Domestic Travel Guard Policy,13-09-2013,,https://irdai.gov.in/documents/37343/931203/Domestic+Travel+Guard+Policy_2013-2014.pdf/7fabd10b-9da9-9dea-1e9f-923e1a25c015?version=1.1&t=1668337658150&download=true,Domestic Travel Guard Policy_2013-2014.pdf,2026-08-20T14:23:13.912425+00:00
IRDA/NL-HLT/TAGI/P-T/V.I/238/13-14,Non-Archived,2013-2014,Tata AIG General Insurance Company Limited,Domestic Travel Protection Policy,13-09-2013,,https://irdai.gov.in/documents/37343/931203/Domestic+Travel+Protection+Policy_2013-2014.pdf/c122c4ae-5512-68c4-b67c-5b7cb9502b79?version=1.1&t=1668339624756&download=true,Domestic Travel Protection Policy_2013-2014.pdf,2026-08-20T14:23:13.912425+00:00
IRDA/NL-HLT/TAGI/P-P/V.I/290/13-14,Non-Archived,2013-2014,Tata AIG General Insurance Company Limited,Group Personal Accident And Business Travel Accident Policy,01-11-2013,,https://irdai.gov.in/documents/37343/931203/Group+Personal+Accident+%26+Business+Travel+Accident+Policy_2013-2014.pdf/587ac2ef-8eb1-0551-cfbf-8fd75a5ca4f0?version=1.1&t=1668337860228&download=true,Group Personal Accident & Business Travel Accident Policy_2013-2014.pdf,2026-08-20T14:23:13.912425+00:00
IRDA/NL-HLT/TAGI/P-P/V.I/289/13-14,Non-Archived,2013-2014,Tata AIG General Insurance Company Limited,Group Personal Injury Policy,20-12-2013,,https://irdai.gov.in/documents/37343/931203/Group+Personal+Injury+Policy_2013-2014.pdf/a54b8e1b-3274-2e6e-4e63-dc81066d4e28?version=1.1&t=1668337826154&download=true,Group Personal Injury Policy_2013-2014.pdf,2026-08-20T14:23:13.912425+00:00
IRDA/NL-HLT/TAGI/P-H/V.I/287/13-14,Non-Archived,2013-2014,Tata AIG General Insurance Company Limited,Home Guard Plus Policy,01-11-2013,,https://irdai.gov.in/documents/37343/931203/Home+Guard+Plus+Policy_2013-2014.pdf/2b3da2f4-7129-da44-2b5b-f3c9eb7d34c5?version=1.1&t=1668337737092&download=true,Home Guard Plus Policy_2013-2014.pdf,2026-08-20T14:23:13.912425+00:00
IRDA/NL-HLT/TAGI/P-P/V.I/239/13-14,Non-Archived,2013-2014,Tata AIG General Insurance Company Limited,Hospital Care Policy,13-09-2013,,https://irdai.gov.in/documents/37343/931203/Hospital+Care+Policy_2013-2014.pdf/04d3543b-da32-cd4b-f23a-11cf2c6cb0d1?version=1.1&t=1668339665097&download=true,Hospital Care Policy_2013-2014.pdf,2026-08-20T14:23:13.912425+00:00
IRDA/NL-HLT/TAGI/P-P/V.I/198/13-14,Non-Archived,2013-2014,Tata AIG General Insurance Company Limited,Income Guard Plan,29-10-2013,,https://irdai.gov.in/documents/37343/931203/Income+Guard+Plan_2013-2014.pdf/410f38f5-6b81-ae68-ae79-b9ce9aeb4685?version=1.1&t=1668339232623&download=true,Income Guard Plan_2013-2014.pdf,2026-08-20T14:23:13.912425+00:00
IRDA/NL-HLT/TAGI/P-P/V.I/288/13-14,Non-Archived,2013-2014,Tata AIG General Insurance Company Limited,Individual Accident and Sickness Hospital Cash Policy,03-12-2013,,https://irdai.gov.in/documents/37343/931203/Individual+Accident+and+Sickness+Hospital+Cash++Policy_2013-2014.pdf/fd42f95f-a571-1b52-f717-7802bab0f5ea?version=1.1&t=1668337796391&download=true,Individual Accident and Sickness Hospital Cash Policy_2013-2014.pdf,2026-08-20T14:23:13.912425+00:00
IRDA/NL-HLT/TAGI/P-P/V.I/196/13-14,Non-Archived,2013-2014,Tata AIG General Insurance Company Limited,Injury Guard Policy,04-09-2013,,https://irdai.gov.in/documents/37343/931203/Injury+Guard+Policy_2013-2014.pdf/25cf1de7-5687-8fb6-f31d-8a13eac8c7c4?version=1.1&t=1668339142249&download=true,Injury Guard Policy_2013-2014.pdf,2026-08-20T14:23:13.912425+00:00
IRDA/NL-HLT/TAGI/P-P/V.I/199/13-14,Non-Archived,2013-2014,Tata AIG General Insurance Company Limited,Maha Raksha-Personal Injury Policy,29-10-2013,,https://irdai.gov.in/documents/37343/931203/Maha+Raksha+-+Personal+Injury+Policy_2013-2014.pdf/4b4380c0-580d-ad25-ed8e-1d914d2d6aea?version=1.1&t=1668339278042&download=true,Maha Raksha - Personal Injury Policy_2013-2014.pdf,2026-08-20T14:23:13.912425+00:00
IRDA/NL-HLT/TAGI/P-H/V.I/97/13-14,Non-Archived,2013-2014,Tata AIG General Insurance Company Limited,MediPlus,19-02-2014,,https://irdai.gov.in/documents/37343/931203/MediPlus_2013-2014.pdf/1870c57b-7558-eb8a-2e6a-823bc7e682e6?version=1.1&t=1668338863360&download=true,MediPlus_2013-2014.pdf,2026-08-20T14:23:13.912425+00:00
IRDA/NL-HLT/TAGI/P-H/V.I/99/13-14,Non-Archived,2013-2014,Tata AIG General Insurance Company Limited,MediRaksha,06-03-2014,,https://irdai.gov.in/documents/37343/931203/MediRaksha_2013-2014.pdf/34875154-b574-0db6-1174-3c5989041f92?version=1.1&t=1668339006401&download=true,MediRaksha_2013-2014.pdf,2026-08-20T14:23:13.912425+00:00
IRDA/NL-HLT/TAGI/P-H/V.I/98/13-14,Non-Archived,2013-2014,Tata AIG General Insurance Company Limited,MediSenior,19-02-2014,,https://irdai.gov.in/documents/37343/931203/MediSenior_2013-2014.pdf/12ae60b5-13eb-ba1d-457a-a7d17f474055?version=1.1&t=1668338966388&download=true,MediSenior_2013-2014.pdf,2026-08-20T14:23:13.912425+00:00
IRDA/NL-HLT/TAGI/P-H/V.I/34/13-14,Non-Archived,2013-2014,Tata AIG General Insurance Company Limited,Mediprime,20-05-2013,,https://irdai.gov.in/documents/37343/931203/MediPrime_2013-2014.pdf/05aff39a-50a4-0faf-5dd3-831b5f246d0d?version=1.1&t=1668338825402&download=true,MediPrime_2013-2014.pdf,2026-08-20T14:23:13.912425+00:00
IRDA/NL-HLT/TAGI/P-P/V.I/202/13-14,Non-Archived,2013-2014,Tata AIG General Insurance Company Limited,Secure Income High Policy,04-09-2013,,https://irdai.gov.in/documents/37343/931203/Secure+Income+High+Policy_2013-2014.pdf/bbbb3a95-a69b-ba55-b67a-a54326fd71a6?version=1.1&t=1668339422562&download=true,Secure Income High Policy_2013-2014.pdf,2026-08-20T14:23:13.912425+00:00
IRDA/NL-HLT/TAGI/P-P/V.I/201/13-14,Non-Archived,2013-2014,Tata AIG General Insurance Company Limited,Secure Income Low Policy,04-09-2013,,https://irdai.gov.in/documents/37343/931203/Secure+Income+Low+Policy_2013-2014.pdf/db1159fa-8160-5b54-b758-7801be3e8058?version=1.1&t=1668339347474&download=true,Secure Income Low Policy_2013-2014.pdf,2026-08-20T14:23:13.912425+00:00
IRDA/NL-HLT/TAGI/P-P/V.I/197/13-14,Non-Archived,2013-2014,Tata AIG General Insurance Company Limited,Secured Future Plan,29-10-2013,,https://irdai.gov.in/documents/37343/931203/Secured+Future+Plan_2013-2014.pdf/167a99d8-1244-5121-5e0f-133ef1fd7ab1?version=1.1&t=1668339203109&download=true,Secured Future Plan_2013-2014.pdf,2026-08-20T14:23:13.912425+00:00
IRDA/NL-HLT/TAGI/P-T/V.I/237/13-14,Non-Archived,2013-2014,Tata AIG General Insurance Company Limited,Student Guard Plus Policy,13-09-2013,,https://irdai.gov.in/documents/37343/931203/Student+Guard+Plus+Policy_2013-2014.pdf/1154b117-bed0-737c-04ee-7f8f69d34c92?version=1.1&t=1668339505267&download=true,Student Guard Plus Policy_2013-2014.pdf,2026-08-20T14:23:13.912425+00:00
IRDA/NL-HLT/TAGI/P-T/V.II/35/13-14,Non-Archived,2013-2014,Tata AIG General Insurance Company Limited,Travel Guard - Schengen Travel,26-02-2014,,https://irdai.gov.in/documents/37343/931203/Travel+Guard_2013-2014.pdf/a39d23a0-49c7-b5a9-cb7c-49818f621941?version=1.1&t=1668336619227&download=true,Travel Guard_2013-2014.pdf,2026-08-20T14:23:13.912425+00:00
IRDA/NL-HLT/TAGI/P-P/V.I/301/13-14,Non-Archived,2013-2014,Tata AIG General Insurance Company Limited,Voluntary Group Personal Accident Policy,12-12-2013,,https://irdai.gov.in/documents/37343/931203/Voluntary+Group+Personal+Accident+Policy_2013-2014.pdf/a85ddc82-b0c4-14b0-eeab-8bd8ce1ce18b?version=1.1&t=1668337989654&download=true,Voluntary Group Personal Accident Policy_2013-2014.pdf,2026-08-20T14:23:13.912425+00:00
IRDA/NL-HLT/TAGI/P-H/V.I/69/13-14,Non-Archived,2013-2014,Tata AIG General Insurance Company Limited,Wellsurance Executive Policy,01-07-2013,,https://irdai.gov.in/documents/37343/931203/Wellsurance+Executive+Policy_2013-2014.pdf/f5084f14-dada-b635-fa57-9103dc5efd18?version=1.1&t=1668338026677&download=true,Wellsurance Executive Policy_2013-2014.pdf,2026-08-20T14:23:13.912425+00:00
IRDAI/HLT/TAGI/P-P/V.II/200/15-16,Non-Archived,2015-2016,Tata AIG General Insurance Company Ltd,Accident Shield policy,26-05-2015,,https://irdai.gov.in/documents/37343/931203/Tata+AIG+-+Accident+Shield_2015-2016.pdf/5be6e9e1-5134-cfda-8e3e-28d6298dd6ef?version=1.1&t=1668410268451&download=true,Tata AIG - Accident Shield_2015-2016.pdf,2026-08-20T14:23:13.912425+00:00
IRDAI/NL HLT/TAGI/P-H/V.II/287/14-15,Non-Archived,2015-2016,Tata AIG General Insurance Company Ltd,Home Guard Plus policy,23-04-2015,,https://irdai.gov.in/documents/37343/931203/Tata+AIG+-+Home+Guard+Plus_2015-2016.pdf/81942b22-6254-dd20-2f9d-4deb65928156?version=1.1&t=1668410188910&download=true,Tata AIG - Home Guard Plus_2015-2016.pdf,2026-08-20T14:23:13.912425+00:00
IRDAI/NL HLT/TAGI/P-T/V.II/237/14-15,Non-Archived,2015-2016,Tata AIG General Insurance Company Ltd,Student Guard Overseas Travel health insurance plan,19-06-2015,,https://irdai.gov.in/documents/37343/931203/Tata+AIG+-+Student+Guard_2015-2016.pdf/fa41a8fb-fb79-954b-94e9-be8e9bff968d?version=1.1&t=1668410225550&download=true,Tata AIG - Student Guard_2015-2016.pdf,2026-08-20T14:23:13.912425+00:00
NICHLIP20163V031920,Non-Archived,2019-2020,The National Insurance Co Ltd,National Mediclaim Policy,16-04-2019,Revision,https://irdai.gov.in/documents/37343/931203/NICHLIP20163V031920_2019-2020.pdf/40930d49-21e0-e670-302d-0704c2b7a09e?version=1.1&t=1668577463319&download=true,NICHLIP20163V031920_2019-2020.pdf,2026-08-20T14:23:13.912425+00:00
NIAHLIP20165V011920,Non-Archived,2019-2020,The New India Assurance Co Ltd,"ArogyaSanjeevani , The New India Assuarnce Co Ltd",30-03-2020,New,https://irdai.gov.in/documents/37343/931203/NIAHLIP20165V011920_2019-2020.pdf/73d50064-76a5-2d78-8299-858ce0690605?version=1.1&t=1668577518571&download=true,NIAHLIP20165V011920_2019-2020.pdf,2026-08-20T14:23:13.912425+00:00
NIAHLIP18121V011718,Non-Archived,2017-2018,The New India Assurance Co ltd,NEW INDIA GLOBAL MEDICLAIM POLICY,03-05-2018,,https://irdai.gov.in/documents/37343/931203/NIA+_+NewIndiaGlobalMediclaim.pdf/feadcebc-0f52-e8d7-2f10-b0f01d5b67ca?version=1.1&t=1668488435761&download=true,NIA _ NewIndiaGlobalMediclaim.pdf,2026-08-20T14:23:13.912425+00:00
NIAHLIP18017V021718,Non-Archived,2017-2018,The New India Assurance Co ltd,New India Floater Mediclaim,14-07-2017,,https://irdai.gov.in/documents/37343/931203/NIA_NewIndiaFloaterMediclaimPolicy_2017-2018.pdf/6a8ae87d-ef2d-c09b-50b6-583085e053d4?version=1.1&t=1668488375125&download=true,NIA_NewIndiaFloaterMediclaimPolicy_2017-2018.pdf,2026-08-20T14:23:13.912425+00:00
NIAHLIP19029V011819,Non-Archived,2018-2019,The New India Assurance Co ltd,New India Sixty Plus Mediclaim,22-06-2018,New,https://irdai.gov.in/documents/37343/931203/NIAHLIP19029V011819_2018-2019.pdf/6cb97e1b-f4de-3e71-ecbe-b0863fbefaab?version=1.1&t=1668510286708&download=true,NIAHLIP19029V011819_2018-2019.pdf,2026-08-20T14:23:13.912425+00:00
NIAHLIP20097V011920,Non-Archived,2019-2020,The New India Assurance Co. Ltd,New India Cancer Guard,20-12-2019,New,https://irdai.gov.in/documents/37343/931203/NIAHLIP20097V011920_2019-2020.pdf/b58a7253-49c0-4354-6cf7-1e78a1d63783?version=1.1&t=1668577604783&download=true,NIAHLIP20097V011920_2019-2020.pdf,2026-08-20T14:23:13.912425+00:00
NIAHLIP20104V031920,Non-Archived,2019-2020,The New India Assurance Co. Ltd,New India Mediclaim Policy,13-01-2020,Revision,https://irdai.gov.in/documents/37343/931203/NIAHLIP20104V031920_2019-2020.pdf/18f593f8-08db-d52b-ebf4-c3e19d1d8c5c?version=1.1&t=1668577693544&download=true,NIAHLIP20104V031920_2019-2020.pdf,2026-08-20T14:23:13.912425+00:00
NIAHLIP20099V021920,Non-Archived,2019-2020,The New India Assurance Co. Ltd,New India Premier Mediclaim Policy,31-12-2019,Revision,https://irdai.gov.in/documents/37343/931203/NIAHLIP20099V021920_2019-2020.pdf/23e183f6-492f-abc6-ed87-3674442859c5?version=1.1&t=1668577645536&download=true,NIAHLIP20099V021920_2019-2020.pdf,2026-08-20T14:23:13.912425+00:00
NIAHLGP21280V032021,Non-Archived,2020-2021,The New India Assurance Co. Ltd.,Cancer Medical Expenses- Group,18-09-2020,Revision,https://irdai.gov.in/documents/37343/931203/NIAHLGP21280V032021_2020-2021.pdf/8396d3a0-c908-1683-a5d1-184403df42da?version=1.1&t=1668594240574&download=true,NIAHLGP21280V032021_2020-2021.pdf,2026-08-20T14:23:13.912425+00:00
NIAHLIP21096V012021,Non-Archived,2020-2021,The New India Assurance Co. Ltd.,"Corona Rakshak Policy,The New India Assurance Co. Ltd.",07-10-2020,Individual,https://irdai.gov.in/documents/37343/931203/NIAHLIP21096V012021_2020-2021.pdf/e39a4fc2-592f-dcef-3789-6dabe2e42f68?version=1.1&t=1668594508117&download=true,NIAHLIP21096V012021_2020-2021.pdf,2026-08-20T14:23:13.912425+00:00
NIAHLIP21275V022021,Non-Archived,2020-2021,The New India Assurance Co. Ltd.,Family Floater Mediclaim Policy,18-09-2020,Revision,https://irdai.gov.in/documents/37343/931203/NIAHLIP21275V022021_2020-2021.pdf/abfe68d4-f118-1c6d-9b17-e1c2bbf0577f?version=1.1&t=1668594822501&download=true,NIAHLIP21275V022021_2020-2021.pdf,2026-08-20T14:23:13.912425+00:00
NIAHLIP21238V022021,Non-Archived,2020-2021,The New India Assurance Co. Ltd.,Family Mediclaim 2012 Policy,09-11-2020,Revision,https://irdai.gov.in/documents/37343/931203/NIAHLIP21238V022021_2020-2021.pdf/b19193b9-6f0e-ec3b-fe70-207722ad2baa?version=1.1&t=1668594726687&download=true,NIAHLIP21238V022021_2020-2021.pdf,2026-08-20T14:23:13.912425+00:00
NIAHLGP21236V022021,Non-Archived,2020-2021,The New India Assurance Co. Ltd.,Good Health Group Mediclaim Policy,09-11-2020,Revision,https://irdai.gov.in/documents/37343/931203/NIAHLGP21236V022021_2020-2021.pdf/b9929e7f-d737-6d45-bb9b-04f5017f189b?version=1.1&t=1668594203889&download=true,NIAHLGP21236V022021_2020-2021.pdf,2026-08-20T14:23:13.912425+00:00
IRDA/NL-HLT/NIA/P-P/V.I/58/14-15,Non-Archived,2014-2015,The New India Assurance Co. Ltd.,Gramin Personal Accident Insurance Policy (Group),28-11-2014,,https://irdai.gov.in/documents/37343/931203/Gramin+Personal+Accident+Insurance+Policy%28Group%29_2014-2015.pdf/f838b983-c922-d7a1-65c6-ad5287333674?version=1.1&t=1668404495396&download=true,Gramin Personal Accident Insurance Policy(Group)_2014-2015.pdf,2026-08-20T14:23:13.912425+00:00
IRDA/NL-HLT/NIA/P-P/V.I/57/14-15,Non-Archived,2014-2015,The New India Assurance Co. Ltd.,Gramin Personal Accident Insurance Policy (Individual),28-11-2014,,https://irdai.gov.in/documents/37343/931203/Gramin+Personal+Accident+Insurance+Policy+%28Individual%29_2014-2015.pdf/ea2cff2b-d427-3855-f554-e5cec0eda3b0?version=1.1&t=1668404412399&download=true,Gramin Personal Accident Insurance Policy (Individual)_2014-2015.pdf,2026-08-20T14:23:13.912425+00:00
NIAHLGP21186V012021,Non-Archived,2020-2021,The New India Assurance Co. Ltd.,"Group Corona Kavach policy,The New India Assurance Co. Ltd.",31-08-2020,Group,https://irdai.gov.in/documents/37343/931203/NIAHLGP21186V012021_2020-2021.pdf/5cea1684-47a1-969d-0cc2-95dbfb6ca2dd?version=1.1&t=1668594161939&download=true,NIAHLGP21186V012021_2020-2021.pdf,2026-08-20T14:23:13.912425+00:00
NIAHLGP21283V022021,Non-Archived,2020-2021,The New India Assurance Co. Ltd.,Group Mediclaim Policy (2007),18-09-2020,Revision,https://irdai.gov.in/documents/37343/931203/NIAHLGP21283V022021_2020-2021.pdf/58f866f0-4619-7d9f-6470-4eeb7e7a387f?version=1.1&t=1668594365106&download=true,NIAHLGP21283V022021_2020-2021.pdf,2026-08-20T14:23:13.912425+00:00
NIAHLGP21285V022021,Non-Archived,2020-2021,The New India Assurance Co. Ltd.,Group Mediclaim Policy for workers,18-09-2020,Revision,https://irdai.gov.in/documents/37343/931203/NIAHLGP21285V022021_2020-2021.pdf/f35f31ef-e059-eb19-9f4b-cd3ff1eb6e87?version=1.1&t=1668594467882&download=true,NIAHLGP21285V022021_2020-2021.pdf,2026-08-20T14:23:13.912425+00:00
NIAHLIP21316V022021,Non-Archived,2020-2021,The New India Assurance Co. Ltd.,Jan Arogya Bima Policy,21-09-2020,Revision,https://irdai.gov.in/documents/37343/931203/NIAHLIP21316V022021_2020-2021.pdf/4887603c-8ac5-3a1c-f893-9c558805ef98?version=1.1&t=1668589531060&download=true,NIAHLIP21316V022021_2020-2021.pdf,2026-08-20T14:23:13.912425+00:00
NIAHLIP21274V022021,Non-Archived,2020-2021,The New India Assurance Co. Ltd.,Janata Mediclaim Policy,18-09-2020,Revision,https://irdai.gov.in/documents/37343/931203/NIAHLIP21274V022021_2020-2021.pdf/6fb023c0-3f29-6727-bfbc-7316710e1365?version=1.1&t=1668594776254&download=true,NIAHLIP21274V022021_2020-2021.pdf,2026-08-20T14:23:13.912425+00:00
IRDA/NL-HLT/NIA/P-P/V.I/55/14-15,Non-Archived,2014-2015,The New India Assurance Co. Ltd.,Janata Personal Accident Insurance Policy (Individual),28-11-2014,,https://irdai.gov.in/documents/37343/931203/Janata+Personal+Accident+Insurance+Policy+%28Individual%29_2014-2015.pdf/b9597dd8-e082-9b7a-f934-15b04519cc43?version=1.1&t=1668404201141&download=true,Janata Personal Accident Insurance Policy (Individual)_2014-2015.pdf,2026-08-20T14:23:13.912425+00:00
IRDA/NL-HLT/NIA/P-P/V.I/56/14-15,Non-Archived,2014-2015,The New India Assurance Co. Ltd.,Janata Personal Accident Insurance Policy(Group),28-11-2014,,https://irdai.gov.in/documents/37343/931203/Janata+Personal+Accident+Insurance+Policy+%28Group%29_2014-2015.pdf/862d9a10-ceb6-5e73-9fb2-49f7df0ab5df?version=1.1&t=1668404282571&download=true,Janata Personal Accident Insurance Policy (Group)_2014-2015.pdf,2026-08-20T14:23:13.912425+00:00
NIAHLIP21233V022021,Non-Archived,2020-2021,The New India Assurance Co. Ltd.,New India Asha Kiran Policy,09-11-2020,Revision,https://irdai.gov.in/documents/37343/931203/NIAHLIP21233V022021_2020-2021.pdf/c3fd866a-dba2-3b40-3179-a14aae9a16ff?version=1.1&t=1668594547233&download=true,NIAHLIP21233V022021_2020-2021.pdf,2026-08-20T14:23:13.912425+00:00
NIAHLGP21281V022021,Non-Archived,2020-2021,The New India Assurance Co. Ltd.,New India Flexi Floater Group Mediclaim Policy,18-09-2020,Revision,https://irdai.gov.in/documents/37343/931203/NIAHLGP21281V022021_2020-2021.pdf/149986c7-3d65-fb52-ea3b-1bb2d6e8892e?version=1.1&t=1668594280344&download=true,NIAHLGP21281V022021_2020-2021.pdf,2026-08-20T14:23:13.912425+00:00
NIAHLGP21282V022021,Non-Archived,2020-2021,The New India Assurance Co. Ltd.,New India Flexi Group Mediclaim Policy,18-09-2020,Revision,https://irdai.gov.in/documents/37343/931203/NIAHLGP21282V022021_2020-2021.pdf/e2a33e90-6427-5d92-1128-f33cc5d883b1?version=1.1&t=1668594325426&download=true,NIAHLGP21282V022021_2020-2021.pdf,2026-08-20T14:23:13.912425+00:00
NIAHLIP21278V042021,Non-Archived,2020-2021,The New India Assurance Co. Ltd.,New India Floater Mediclaim Policy,18-09-2020,Revision,https://irdai.gov.in/documents/37343/931203/NIAHLIP21278V042021_2020-2021.pdf/569ffe4d-527d-3201-38a3-03f74f7cfc74?version=1.1&t=1668594935924&download=true,NIAHLIP21278V042021_2020-2021.pdf,2026-08-20T14:23:13.912425+00:00
NIAHLIP21277V042021,Non-Archived,2020-2021,The New India Assurance Co. Ltd.,New India Mediclaim Policy,18-09-2020,Revision,https://irdai.gov.in/documents/37343/931203/NIAHLIP21277V042021_2020-2021.pdf/31273485-8a70-a74c-04be-e4847c286349?version=1.1&t=1668594892782&download=true,NIAHLIP21277V042021_2020-2021.pdf,2026-08-20T14:23:13.912425+00:00
NIAHLIP21279V032021,Non-Archived,2020-2021,The New India Assurance Co. Ltd.,New India Premier Mediclaim Policy,18-09-2020,Revision,https://irdai.gov.in/documents/37343/931203/NIAHLIP21279V032021_2020-2021.pdf/add6f0c6-5e09-f925-10ca-8ace0c2d8c2e?version=1.1&t=1668594975860&download=true,NIAHLIP21279V032021_2020-2021.pdf,2026-08-20T14:23:13.912425+00:00
NIAHLIP21237V022021,Non-Archived,2020-2021,The New India Assurance Co. Ltd.,New India Sixty Plus Mediclaim Policy,09-11-2020,Revision,https://irdai.gov.in/documents/37343/931203/NIAHLIP21237V022021_2020-2021.pdf/a8018865-7771-50c6-bbc6-5b63d21ffa3b?version=1.1&t=1668594669929&download=true,NIAHLIP21237V022021_2020-2021.pdf,2026-08-20T14:23:13.912425+00:00
NIAHLIP21276V022021,Non-Archived,2020-2021,The New India Assurance Co. Ltd.,New India Top-Up Mediclaim Policy,18-09-2020,Revision,https://irdai.gov.in/documents/37343/931203/NIAHLIP21276V022021_2020-2021.pdf/41cbce4f-1536-e393-1edb-86a07334510a?version=1.1&t=1668594857510&download=true,NIAHLIP21276V022021_2020-2021.pdf,2026-08-20T14:23:13.912425+00:00
IRDA/NL-HLT/NIA/P-H/V.I/35/14-15,Non-Archived,2014-2015,The New India Assurance Co. Ltd.,New India Top-Up Mediclaim Policy,11-12-2014,,https://irdai.gov.in/documents/37343/931203/New+India+Top-Up+Mediclaim+Policy_2014-2015.pdf/4bf9d8b7-5c39-76be-7b2c-2db9970354d3?version=1.1&t=1668404140236&download=true,New India Top-Up Mediclaim Policy_2014-2015.pdf,2026-08-20T14:23:13.912425+00:00
NIAHLIP21315V022021,Non-Archived,2020-2021,The New India Assurance Co. Ltd.,Senior Citizen Mediclaim Policy,21-09-2020,Revision,https://irdai.gov.in/documents/37343/931203/NIAHLIP21315V022021_2020-2021.pdf/b3618db7-1c28-ee5c-0ef8-a5270b4339c4?version=1.1&t=1668589499020&download=true,NIAHLIP21315V022021_2020-2021.pdf,2026-08-20T14:23:13.912425+00:00
NIAHLGP21284V022021,Non-Archived,2020-2021,The New India Assurance Co. Ltd.,Standard Group Janata Mediclaim Policy,18-09-2020,Revision,https://irdai.gov.in/documents/37343/931203/NIAHLGP21284V022021_2020-2021.pdf/1b82d1f9-d078-3b59-deb8-7bf1bfbe6fa3?version=1.1&t=1668594410828&download=true,NIAHLGP21284V022021_2020-2021.pdf,2026-08-20T14:23:13.912425+00:00
NIAHLIP21313V022021,Non-Archived,2020-2021,The New India Assurance Co. Ltd.,Teritiary Care Insurance-Individual,21-09-2020,Revision,https://irdai.gov.in/documents/37343/931203/NIAHLIP21313V022021_2020-2021.pdf/5d5ea0bf-a135-eec3-6585-0445abdf5e9a?version=1.1&t=1668595014806&download=true,NIAHLIP21313V022021_2020-2021.pdf,2026-08-20T14:23:13.912425+00:00
NIAHLIP21314V022021,Non-Archived,2020-2021,The New India Assurance Co. Ltd.,Universal Health Insurance Policy (APL),21-09-2020,Revision,https://irdai.gov.in/documents/37343/931203/NIAHLIP21314V022021_2020-2021.pdf/82dac3b7-f31f-1baa-2a05-1f1f9e2b210e?version=1.1&t=1668595056499&download=true,NIAHLIP21314V022021_2020-2021.pdf,2026-08-20T14:23:13.912425+00:00
NIAHLIP20105V031920,Non-Archived,2019-2020,The New India Assurance Co.Ltd,New India Floater Mediclaim Policy,13-01-2020,Revision,https://irdai.gov.in/documents/37343/931203/NIAHLIP20105V031920_2019-2020.pdf/8a794405-13f4-2b76-f41e-784be5d3a3b9?version=1.1&t=1668577730902&download=true,NIAHLIP20105V031920_2019-2020.pdf,2026-08-20T14:23:13.912425+00:00
NIAPAIP22003V012122,Non-Archived,2021-2022,The New India Assurance Co.Ltd.,"Saral Suraksha Bima, New India",05-04-2021,Individual,https://irdai.gov.in/documents/37343/931203/NIAPAIP22003V012122_HEALTH2042.pdf/46c81afd-440f-9811-4139-95756cd2538c?version=1.1&t=1668768542415&download=true,NIAPAIP22003V012122_HEALTH2042.pdf,2026-08-20T14:23:13.912425+00:00
IRDA/NL-HLT/NIA/P-H/V.I/345/13-14,Non-Archived,2013-2014,The New India Assurance Company Limited,Cancer Mediclaim Expenses - Group,01-11-2013,,https://irdai.gov.in/documents/37343/931203/Cancer+Medical+Expenses+-+Group_2013-2014.pdf/59202c6b-e65a-c09d-c9b0-5155f73149ff?version=1.1&t=1668248585118&download=true,Cancer Medical Expenses - Group_2013-2014.pdf,2026-08-20T14:23:13.912425+00:00
IRDA/NL-HLT/NIA/P-H/V.I/344/13-14,Non-Archived,2013-2014,The New India Assurance Company Limited,Cancer Mediclaim Expenses - Individual,01-11-2013,,https://irdai.gov.in/documents/37343/931203/Cancer+Medical+Expenses+-+Individual_2013-2014.pdf/defc3315-7242-d893-a165-f2528defd7e6?version=1.1&t=1668334086052&download=true,Cancer Medical Expenses - Individual_2013-2014.pdf,2026-08-20T14:23:13.912425+00:00
IRDA/NL-HLT/NIA/P-H/V.I/333/13-14,Non-Archived,2013-2014,The New India Assurance Company Limited,Family Floater Mediclaim Policy,01-11-2013,,https://irdai.gov.in/documents/37343/931203/Family+Floater+Mediclaim+Policy_2013-2014.pdf/f06fe0fc-098f-6745-7b9c-087b3f2f5076?version=1.1&t=1668336800820&download=true,Family Floater Mediclaim Policy_2013-2014.pdf,2026-08-20T14:23:13.912425+00:00
IRDA/NL-HLT/NIA/P-H/V.I/331/13-14,Non-Archived,2013-2014,The New India Assurance Company Limited,Family Mediclaim 2012 Policy,01-11-2013,,https://irdai.gov.in/documents/37343/931203/Family+Mediclaim+2012+Policy_2013-2014.pdf/ff5f9291-ea66-5cda-98a1-c4c293460bcd?version=1.1&t=1668336700360&download=true,Family Mediclaim 2012 Policy_2013-2014.pdf,2026-08-20T14:23:13.912425+00:00
IRDA/NL-HLT/NIA/P-H/V.I/342/13-14,Non-Archived,2013-2014,The New India Assurance Company Limited,Good Health Group Mediclaim Policy,01-11-2013,,https://irdai.gov.in/documents/37343/931203/Good+Health+Group+Mediclaim+Policy_2013-2014.pdf/c8d6e428-e2a0-965a-fbcd-df12342cc572?version=1.1&t=1668334894323&download=true,Good Health Group Mediclaim Policy_2013-2014.pdf,2026-08-20T14:23:13.912425+00:00
IRDA/NL-HLT/NIA/P-P/V.I/353/13-14,Non-Archived,2013-2014,The New India Assurance Company Limited,Good Health Group Personal Accident Policy,01-11-2013,,https://irdai.gov.in/documents/37343/931203/Good+Health+Group+Personal+Accident+Policy_2013-2014.pdf/1104de56-37e6-5505-ea34-ee2cd5485be5?version=1.1&t=1668249273273&download=true,Good Health Group Personal Accident Policy_2013-2014.pdf,2026-08-20T14:23:13.912425+00:00
IRDA/NL-HLT/NIA/P-H/V.I/334/13-14,Non-Archived,2013-2014,The New India Assurance Company Limited,Group Mediclaim Policy (2007),01-11-2013,,https://irdai.gov.in/documents/37343/931203/Group+Mediclaim+Policy+%282007%29_2013-2014.pdf/ba0dd834-c5c6-4f11-8b6b-99fa4b07fb4e?version=1.1&t=1668334976046&download=true,Group Mediclaim Policy (2007)_2013-2014.pdf,2026-08-20T14:23:13.912425+00:00
IRDA/NL-HLT/NIA/P-P/V.I/351/13-14,Non-Archived,2013-2014,The New India Assurance Company Limited,Group Personal Accident Policy,01-11-2013,,https://irdai.gov.in/documents/37343/931203/Group+Personal+Accident+Policy_2013-11-01.pdf/c8960f6a-dadd-5e41-3abd-7f3af11a68dd?version=1.1&t=1668249069130&download=true,Group Personal Accident Policy_2013-11-01.pdf,2026-08-20T14:23:13.912425+00:00
IRDA/NL-HLT/NIA/P-P/V.I/350/13-14,Non-Archived,2013-2014,The New India Assurance Company Limited,Individual Personal Accident Policy,01-11-2013,,https://irdai.gov.in/documents/37343/931203/Individual+Personal+Accident+Policy_2013-11-01.pdf/3d173dc4-b292-4d4f-0a88-d8cc76a4bc8c?version=1.1&t=1668249000810&download=true,Individual Personal Accident Policy_2013-11-01.pdf,2026-08-20T14:23:13.912425+00:00
IRDA/NL-HLT/NIA/P-H/V.I/338/13-14,Non-Archived,2013-2014,The New India Assurance Company Limited,Jan Arogya Bima Policy,01-11-2013,,https://irdai.gov.in/documents/37343/931203/Jan+Arogya+Bima+Policy_2013-2014.pdf/5afe123e-3f87-d773-26f3-19001988a6cc?version=1.1&t=1668335126996&download=true,Jan Arogya Bima Policy_2013-2014.pdf,2026-08-20T14:23:13.912425+00:00
IRDA/NL-HLT/NIA/P-H/V.I/336/13-14,Non-Archived,2013-2014,The New India Assurance Company Limited,Janata Mediclaim Policy,01-11-2013,,https://irdai.gov.in/documents/37343/931203/Janata+Mediclaim+Policy_2013-2014.pdf/0a8f3009-d2c4-111b-96d7-2029f08d34e5?version=1.1&t=1668335089427&download=true,Janata Mediclaim Policy_2013-2014.pdf,2026-08-20T14:23:13.912425+00:00
IRDA/NL-HLT/NIA/P-H/V.I/330/13-14,Non-Archived,2013-2014,The New India Assurance Company Limited,Mediclaim 2012 Policy,01-11-2013,,https://irdai.gov.in/documents/37343/931203/Mediclaim+2012+Policy_2013-2014.pdf/dae591db-deb4-2f46-1cfa-c89597a83137?version=1.1&t=1668336661718&download=true,Mediclaim 2012 Policy_2013-2014.pdf,2026-08-20T14:23:13.912425+00:00
IRDA/NL-HLT/NIA/P-H/V.I/332/13-14,Non-Archived,2013-2014,The New India Assurance Company Limited,Mediclaim Policy (2007),01-11-2013,,https://irdai.gov.in/documents/37343/931203/Mediclaim+Policy+%282007%29_2013-2014.pdf/a62182db-f55b-beca-eb22-da9f134ca2be?version=1.1&t=1668336739643&download=true,Mediclaim Policy (2007)_2013-2014.pdf,2026-08-20T14:23:13.912425+00:00
IRDA/NL-HLT/NIA/P-H/V.I/471/13-14,Non-Archived,2013-2014,The New India Assurance Company Limited,New India Asha Kiran Policy,06-03-2014,,https://irdai.gov.in/documents/37343/931203/New+India+Asha+Kiran+Policy_2013-2014.pdf/94aa9bf9-58fe-74f2-3ba5-028cff78391b?version=1.1&t=1668249820545&download=true,New India Asha Kiran Policy_2013-2014.pdf,2026-08-20T14:23:13.912425+00:00
IRDA/NL-HLT/NIA/P-H/V.I/467/13-14,Non-Archived,2013-2014,The New India Assurance Company Limited,New India Floater Mediclaim Policy,06-03-2014,,https://irdai.gov.in/documents/37343/931203/New+India+Floater+Mediclaim+Policy_2013-2014.pdf/7b75d320-e79b-bd38-ab0a-4e5b88112f7e?version=1.1&t=1668249785994&download=true,New India Floater Mediclaim Policy_2013-2014.pdf,2026-08-20T14:23:13.912425+00:00
IRDAI/HLT/NIA/P-H/V.II/330/2016-17,Non-Archived,2016-2017,The New India Assurance Company Limited,New India Mediclaim policy,09-03-2017,Retail,https://irdai.gov.in/documents/37343/931203/NewIndia_MediclaimPolicy_2016-2017.pdf/7e4bcdbd-dc3e-8aae-f034-22382d0b8839?version=1.1&t=1668421160128&download=true,NewIndia_MediclaimPolicy_2016-2017.pdf,2026-08-20T14:23:13.912425+00:00
IRDAI/HLT/NIA/P-H/V.I/46/2016-17,Non-Archived,2016-2017,The New India Assurance Company Limited,New India Premier Mediclaim Policy,09-01-2017,Retail,https://irdai.gov.in/documents/37343/931203/NewIndia_PremierMediclaimPolicy_2016-2017.pdf/6c84b1be-cd0e-6f45-8656-b3e539fd1074?version=1.1&t=1668421216774&download=true,NewIndia_PremierMediclaimPolicy_2016-2017.pdf,2026-08-20T14:23:13.912425+00:00
IRDA/NL-HLT/NIA/P-H/V.I/348/13-14,Non-Archived,2013-2014,The New India Assurance Company Limited,Overseas Mediclaim Insurance (Business & Holiday),01-11-2013,,https://irdai.gov.in/documents/37343/931203/Overseas+Mediclaim+Insurance+%28Business%26+Holiday%29_2013-2014.pdf/5f930fc1-d147-4a1a-1164-ad687e8e8b80?version=1.1&t=1668248798185&download=true,Overseas Mediclaim Insurance (Business& Holiday)_2013-2014.pdf,2026-08-20T14:23:13.912425+00:00
IRDA/NL-HLT/NIA/P-H/V.I/349/13-14,Non-Archived,2013-2014,The New India Assurance Company Limited,Overseas Mediclaim Insurance (Employment & Studies),01-11-2013,,https://irdai.gov.in/documents/37343/931203/Overseas+Mediclaim+Insurance+%28Employment+%26+Studies%29_2013-2014.pdf/1e927051-d3b0-2310-3063-134a556abe46?version=1.1&t=1668248941118&download=true,Overseas Mediclaim Insurance (Employment & Studies)_2013-2014.pdf,2026-08-20T14:23:13.912425+00:00
NIATIO22220V012122,Non-Archived,2021-2022,The New India Assurance Company Limited,Overseas Travel Ease Policy (Business & Holiday),05-03-2022,Individual,https://irdai.gov.in/documents/37343/931203/NIATIO22220V012122.pdf/ce7787b4-5938-5b74-9416-14a5d77c7ed1?version=1.0&t=1669361668606&download=true,NIATIO22220V012122.pdf,2026-08-20T14:23:13.912425+00:00
IRDA/NL-HLT/NIA/P-P/V.I/356/13-14,Non-Archived,2013-2014,The New India Assurance Company Limited,Passenger Flight Insurance,01-11-2013,,https://irdai.gov.in/documents/37343/931203/Passenger+Flight+Insurance_2013-2014.pdf/7531c063-750a-454c-07ff-01819108f9af?version=1.1&t=1668249414674&download=true,Passenger Flight Insurance_2013-2014.pdf,2026-08-20T14:23:13.912425+00:00
IRDA/NL-HLT/NIA/P-H/V.I/341/13-14,Non-Archived,2013-2014,The New India Assurance Company Limited,Rashtriya Swasthya Bima Yojana,01-11-2013,,https://irdai.gov.in/documents/37343/931203/Rashtriya+Swasthya+Bima+Yojana_2013-11-01.pdf/095831dc-d6e3-38eb-e25a-1a68cc435b26?version=1.1&t=1668334925040&download=true,Rashtriya Swasthya Bima Yojana_2013-11-01.pdf,2026-08-20T14:23:13.912425+00:00
IRDA/NL-HLT/NIA/P-P/V.I/355/13-14,Non-Archived,2013-2014,The New India Assurance Company Limited,Rasta Appatti Kavach,01-11-2013,,https://irdai.gov.in/documents/37343/931203/Rasta+Appatti+Kavach_2013-2014.pdf/9d7a2cdf-218f-a051-711a-c7a43703b503?version=1.1&t=1668249324389&download=true,Rasta Appatti Kavach_2013-2014.pdf,2026-08-20T14:23:13.912425+00:00
IRDAI/NL-HLT/NIA/R-H/V.I/16/16-17,Non-Archived,2016-2017,The New India Assurance Company Limited,Room Rent Rider,03-08-2016,Rider,https://irdai.gov.in/documents/37343/931203/NewIndia_RoomRentRider_2016-2017.pdf/76f315df-7eb5-ae6e-c906-3efb7ae7f8ff?version=1.1&t=1668421120925&download=true,NewIndia_RoomRentRider_2016-2017.pdf,2026-08-20T14:23:13.912425+00:00
IRDA/NL-HLT/NIA/P-H/V.I/335/13-14,Non-Archived,2013-2014,The New India Assurance Company Limited,Senior Citizen Mediclaim Policy,01-11-2013,,https://irdai.gov.in/documents/37343/931203/Senior+Citizen+Mediclaim+Policy_2013-2014.pdf/467249f6-5e8d-f374-af67-37eaa15cb3ab?version=1.1&t=1668335044977&download=true,Senior Citizen Mediclaim Policy_2013-2014.pdf,2026-08-20T14:23:13.912425+00:00
IRDA/NL-HLT/NIA/P-H/V.I/343/13-14,Non-Archived,2013-2014,The New India Assurance Company Limited,Standard Group Janata Mediclaim Policy,01-11-2013,,https://irdai.gov.in/documents/37343/931203/Standard+Group+Janata+Mediclaim+Policy_2013-11-01.pdf/94d5228b-c3de-3ecf-5ecf-909c37aa6107?version=1.1&t=1668334121876&download=true,Standard Group Janata Mediclaim Policy_2013-11-01.pdf,2026-08-20T14:23:13.912425+00:00
IRDA/NL-HLT/NIA/P-P/V.I/357/13-14,Non-Archived,2013-2014,The New India Assurance Company Limited,Student Safety Insurance,01-11-2013,,https://irdai.gov.in/documents/37343/931203/Student+Safety+Insurance_2013-2014.pdf/f46c0be9-f101-f3f6-bb04-adef106253c0?version=1.1&t=1668249687120&download=true,Student Safety Insurance_2013-2014.pdf,2026-08-20T14:23:13.912425+00:00
IRDA/NL-HLT/NIA/P-P/V.I/358/13-14,Non-Archived,2013-2014,The New India Assurance Company Limited,Suhana Safar Policy,01-11-2013,,https://irdai.gov.in/documents/37343/931203/Suhana+Safar+Policy_2013-2014.pdf/b88227ed-f0d0-47ff-192f-5362487f1c2d?version=1.1&t=1668249744209&download=true,Suhana Safar Policy_2013-2014.pdf,2026-08-20T14:23:13.912425+00:00
IRDA/NL-HLT/NIA/P-H/V.I/340/13-14,Non-Archived,2013-2014,The New India Assurance Company Limited,Tailor-made Floater Group Mediclaim Policy,01-11-2013,,https://irdai.gov.in/documents/37343/931203/Standard+Group+Janata+Mediclaim+Policy_2013-2014.pdf/3e9b2b52-661b-7813-5758-057d4296c879?version=1.1&t=1668335232604&download=true,Standard Group Janata Mediclaim Policy_2013-2014.pdf,2026-08-20T14:23:13.912425+00:00
IRDA/NL-HLT/NIA/P-H/V.I/339/13-14,Non-Archived,2013-2014,The New India Assurance Company Limited,Tailor-made Group Mediclaim Policy,01-11-2013,,https://irdai.gov.in/documents/37343/931203/Tailor-made+Group+Mediclaim+Policy_2013-2014.pdf/1ad5d20c-e8bd-ea41-b2da-221fe54911e6?version=1.1&t=1668335178238&download=true,Tailor-made Group Mediclaim Policy_2013-2014.pdf,2026-08-20T14:23:13.912425+00:00
IRDA/NL-HLT/NIA/P-P/V.I/352/13-14,Non-Archived,2013-2014,The New India Assurance Company Limited,Tailor-made Group Personal Accident Policy,01-11-2013,,https://irdai.gov.in/documents/37343/931203/Tailor-Made+Group+Personal+Accident+Pol_2013-2014.pdf/c1067660-8aa5-8f8e-a77d-8744ca45b031?version=1.1&t=1668249227923&download=true,Tailor-Made Group Personal Accident Pol_2013-2014.pdf,2026-08-20T14:23:13.912425+00:00
IRDA/NL-HLT/NIA/P-H/V.I/347/13-14,Non-Archived,2013-2014,The New India Assurance Company Limited,Tertiary Care Insurance - Group,01-11-2013,,https://irdai.gov.in/documents/37343/931203/Tertiary+Care+Policy+-+Group_2013-2014.pdf/95586921-109a-9801-657e-06f8baaa0421?version=1.1&t=1668248663979&download=true,Tertiary Care Policy - Group_2013-2014.pdf,2026-08-20T14:23:13.912425+00:00
IRDA/NL-HLT/NIA/P-H/V.I/346/13-14,Non-Archived,2013-2014,The New India Assurance Company Limited,Tertiary Care Insurance - Individual,01-11-2013,,https://irdai.gov.in/documents/37343/931203/Tertiary+Care+Policy+-+Individual_2013-2014.pdf/2c2a2cba-fbca-1017-9044-fa69a65fea5e?version=1.1&t=1668248631645&download=true,Tertiary Care Policy - Individual_2013-2014.pdf,2026-08-20T14:23:13.912425+00:00
IRDA/NL-HLT/NIA/P-H/V.I/337/13-14,Non-Archived,2013-2014,The New India Assurance Company Limited,Universal Health Insurance Policy (APL),01-11-2013,,https://irdai.gov.in/documents/37343/931203/Universal+Health+Insurance+Policy+%28APL%29_2013-2014.pdf/2ae744e6-0498-a2c0-6dc5-00383ba2f96c?version=1.1&t=1668249866115&download=true,Universal Health Insurance Policy (APL)_2013-2014.pdf,2026-08-20T14:23:13.912425+00:00
NIAHLIP22232V012122,Non-Archived,2021-2022,The New India Assurance Company Limited,Young India Digi Health,29-03-2022,Individual,https://irdai.gov.in/documents/37343/931203/NIAHLIP22232V012122.pdf/560c8667-301f-0c93-fb4b-8309d70d54de?version=1.0&t=1669361904150&download=true,NIAHLIP22232V012122.pdf,2026-08-20T14:23:13.912425+00:00
OICHLIP21578V012021,Non-Archived,2021-2022,The Oriental Insurance Co. Limited,Oriental - Critical illness policy,22-01-2021,Individual,https://irdai.gov.in/documents/37343/931203/OICHLIP21578V012021_HEALTH2045.pdf/ac7a5719-1e36-6ec0-3a98-6314fe098837?version=1.1&t=1668768720649&download=true,OICHLIP21578V012021_HEALTH2045.pdf,2026-08-20T14:23:13.912425+00:00
OICHLGP22026V012122,Non-Archived,2021-2022,The Oriental Insurance Co. Limited,Oriental Insurance Bank Saathi Policy- Group,28-05-2021,Group,https://irdai.gov.in/documents/37343/931203/OICHLGP22026V012122_HEALTH2044.pdf/a602ca95-6062-e332-18a6-1da1abe2ee1c?version=1.1&t=1668768669060&download=true,OICHLGP22026V012122_HEALTH2044.pdf,2026-08-20T14:23:13.912425+00:00
IRDA/NL-HLT/OIC/P-P/V.I/43/14-15,Non-Archived,2014-2015,The Oriental Insurance Co. Ltd.,Bhagyashree Child Welfare Micro Insurance Policy,09-04-2014,,https://irdai.gov.in/documents/37343/931203/Bhagyashree+Child+welfare+Micro+Insurance+Policy_2014-2015.pdf/3646df9c-9a53-2698-09db-921495f8d7c0?version=1.1&t=1668406572550&download=true,Bhagyashree Child welfare Micro Insurance Policy_2014-2015.pdf,2026-08-20T14:23:13.912425+00:00
IRDA/NL-HLT/OIC/P-P/V.I/27/14-15,Non-Archived,2014-2015,The Oriental Insurance Co. Ltd.,Bhagyashree Child Welfare Policy,18-09-2014,,https://irdai.gov.in/documents/37343/931203/Bhagyashree+Child+Welfare+Policy_2014-2015.pdf/71c713ac-b59c-c559-783c-c711a8c3d8ce?version=1.1&t=1668405556515&download=true,Bhagyashree Child Welfare Policy_2014-2015.pdf,2026-08-20T14:23:13.912425+00:00
IRDA/NL-HLT/OIC/P-P/V.I/42/14-15,Non-Archived,2014-2015,The Oriental Insurance Co. Ltd.,Gramin Accident Micro Insurance Policy,09-04-2014,,https://irdai.gov.in/documents/37343/931203/Gramin+Accident+Micro+Insurance+Policy_2014-2015.pdf/7177b889-e2c9-9463-1637-9793041bdc25?version=1.1&t=1668406459929&download=true,Gramin Accident Micro Insurance Policy_2014-2015.pdf,2026-08-20T14:23:13.912425+00:00
IRDA/NL-HLT/OIC/P-P/V.I/26/14-15,Non-Archived,2014-2015,The Oriental Insurance Co. Ltd.,Gramin Accident Policy,07-10-2014,,https://irdai.gov.in/documents/37343/931203/Gramin+Accident+Policy_2014-2015.pdf/a05b3555-bbcd-218b-5f9e-dea1e2d81b9d?version=1.1&t=1668405496285&download=true,Gramin Accident Policy_2014-2015.pdf,2026-08-20T14:23:13.912425+00:00
OICHLGP21231V012021,Non-Archived,2020-2021,The Oriental Insurance Co. Ltd.,Group Corona Kavach Policy- Oriental Insurance,09-10-2020,Group,https://irdai.gov.in/documents/37343/931203/OICHLGP21231V012021_2020-2021.pdf/647aaf11-34d4-6800-55ec-f3ca76f4022a?version=1.1&t=1668589569016&download=true,OICHLGP21231V012021_2020-2021.pdf,2026-08-20T14:23:13.912425+00:00
OICHLIP445V032021,Non-Archived,2020-2021,The Oriental Insurance Co. Ltd.,Happy Family Floater Policy – 2015,25-09-2020,Revision,https://irdai.gov.in/documents/37343/931203/OICHLIP445V032021_2020-2021.pdf/66e8156e-9055-31a7-9f95-c7339d0682c1?version=1.1&t=1668589835820&download=true,OICHLIP445V032021_2020-2021.pdf,2026-08-20T14:23:13.912425+00:00
OICHLIP448V022021,Non-Archived,2020-2021,The Oriental Insurance Co. Ltd.,Health of Privileged Elders,25-09-2020,Revision,https://irdai.gov.in/documents/37343/931203/OICHLIP448V022021_2020-2021.pdf/e40b8911-9866-bba6-9318-1e44fb08ed1d?version=1.1&t=1668589962009&download=true,OICHLIP448V022021_2020-2021.pdf,2026-08-20T14:23:13.912425+00:00
IRDA/NL-HLT/OIC/P-H/V.I/18/14-15,Non-Archived,2014-2015,The Oriental Insurance Co. Ltd.,Jan Arogya Bima Policy,07-10-2014,,https://irdai.gov.in/documents/37343/931203/Jan+Arogya+Bima+Policy_2014-2015.pdf/62ace39a-1c84-2985-5756-f70394a1b8bc?version=1.1&t=1668404654376&download=true,Jan Arogya Bima Policy_2014-2015.pdf,2026-08-20T14:23:13.912425+00:00
IRDA/NL-HLT/OIC/P-P/V.I/41/14-15,Non-Archived,2014-2015,The Oriental Insurance Co. Ltd.,Janta Personal Accident Micro Insurance Policy,09-04-2014,,https://irdai.gov.in/documents/37343/931203/Janta+Personal+Accident+Micro+Insurance+Policy_2014-2015.pdf/43857a48-3333-9c6d-3c28-178dfc12a6f6?version=1.1&t=1668406398805&download=true,Janta Personal Accident Micro Insurance Policy_2014-2015.pdf,2026-08-20T14:23:13.912425+00:00
IRDA/NL-HLT/OIC/P-P/V.I/25/14-15,Non-Archived,2014-2015,The Oriental Insurance Co. Ltd.,Janta Personal Accident Policy,07-10-2014,,https://irdai.gov.in/documents/37343/931203/Janta+Personal+Accident+Policy_2014-2015.pdf/22038d51-1288-4311-3ac4-2e228e4c74c9?version=1.1&t=1668405460464&download=true,Janta Personal Accident Policy_2014-2015.pdf,2026-08-20T14:23:13.912425+00:00
OICHLGP449V022021,Non-Archived,2020-2021,The Oriental Insurance Co. Ltd.,Mediclaim Insurance Policy (Group),25-09-2020,Revision,https://irdai.gov.in/documents/37343/931203/OICHLGP449V022021_2020-2021.pdf/4b90a9d4-e975-c491-8bab-6a32549b27e7?version=1.1&t=1668589686240&download=true,OICHLGP449V022021_2020-2021.pdf,2026-08-20T14:23:13.912425+00:00
OICHLIP446V032021,Non-Archived,2020-2021,The Oriental Insurance Co. Ltd.,Mediclaim Insurance Policy (Individual),25-09-2020,Revision,https://irdai.gov.in/documents/37343/931203/OICHLIP446V032021_2020-2021.pdf/1ac1b9f5-a128-ed90-2bb3-5dbab9cefd59?version=1.1&t=1668589889069&download=true,OICHLIP446V032021_2020-2021.pdf,2026-08-20T14:23:13.912425+00:00
IRDA/NL-HLT/OIC/P-P/V.I/40/14-15,Non-Archived,2014-2015,The Oriental Insurance Co. Ltd.,Micro RajRajeshwari Mahila Kalyan Bima Yojana,09-04-2014,,https://irdai.gov.in/documents/37343/931203/Micro+Rajrajeshwari+Mahila+Kalyan+Bima+Yojana_2014-2015.pdf/a76453b9-9b08-1854-8b36-7cd0ea69150c?version=1.1&t=1668406311410&download=true,Micro Rajrajeshwari Mahila Kalyan Bima Yojana_2014-2015.pdf,2026-08-20T14:23:13.912425+00:00
IRDA/NL-HLT/OIC/P-H/V.I/39/14-15,Non-Archived,2014-2015,The Oriental Insurance Co. Ltd.,Micro Swasthya Bima Policy,09-04-2014,,https://irdai.gov.in/documents/37343/931203/Micro+Swasthya+Bima+Policy_2014-2015.pdf/a436a0ed-3aab-8230-36f6-ee16d86d8825?version=1.1&t=1668406268758&download=true,Micro Swasthya Bima Policy_2014-2015.pdf,2026-08-20T14:23:13.912425+00:00
OICHLIP21530V022021,Non-Archived,2020-2021,The Oriental Insurance Co. Ltd.,Micro Swasthya Bima Policy (Individual),30-09-2020,Revision,https://irdai.gov.in/documents/37343/931203/OICHLIP21530V022021_2020-2021.pdf/513c21c2-4bf6-8c32-46f7-bc97eded90c7?version=1.1&t=1668590102482&download=true,OICHLIP21530V022021_2020-2021.pdf,2026-08-20T14:23:13.912425+00:00
IRDA/NL-HLT/OIC/P-H/V.I/38/14-15,Non-Archived,2014-2015,The Oriental Insurance Co. Ltd.,Micro Universal Health Insurance Policy,09-04-2014,,https://irdai.gov.in/documents/37343/931203/Micro+Universal+Health+Insurance+Policy_2014-2015.pdf/919eee4c-9f71-6adf-0e73-cfaf19c661e7?version=1.1&t=1668405593536&download=true,Micro Universal Health Insurance Policy_2014-2015.pdf,2026-08-20T14:23:13.912425+00:00
OICHLIP21531V022021,Non-Archived,2020-2021,The Oriental Insurance Co. Ltd.,Micro Universal Health Insurance Policy (Individual),30-09-2020,Revision,https://irdai.gov.in/documents/37343/931203/OICHLIP21531V022021_2020-2021.pdf/f4f02071-9e43-e88d-8b83-7311f60852da?version=1.1&t=1668590138670&download=true,OICHLIP21531V022021_2020-2021.pdf,2026-08-20T14:23:13.912425+00:00
IRDA/NL-HLT/OIC/P-H/V.I/21/14-15,Non-Archived,2014-2015,The Oriental Insurance Co. Ltd.,Nagrik Suraksha Group Policy,07-10-2014,,https://irdai.gov.in/documents/37343/931203/Nagrik+Suraksha+Group+Policy_2014-2015.pdf/98902f99-7adc-f3fc-06b6-526d2b021668?version=1.1&t=1668405013382&download=true,Nagrik Suraksha Group Policy_2014-2015.pdf,2026-08-20T14:23:13.912425+00:00
IRDA/NL-HLT/OIC/P-H/V.I/20/14-15,Non-Archived,2014-2015,The Oriental Insurance Co. Ltd.,Nagrik Suraksha Individual Policy,07-10-2014,,https://irdai.gov.in/documents/37343/931203/Nagrik+Suraksha+Individual+Policy_2014-2015.pdf/28244348-c9ed-0485-1fa0-c1a720397e1b?version=1.1&t=1668404910302&download=true,Nagrik Suraksha Individual Policy_2014-2015.pdf,2026-08-20T14:23:13.912425+00:00
OICHLGP451V022021,Non-Archived,2020-2021,The Oriental Insurance Co. Ltd.,OBC – Oriental Mediclaim Policy – 2017,25-09-2020,Revision,https://irdai.gov.in/documents/37343/931203/OICHLGP451V022021_2020-2021.pdf/92ea8521-ceac-1380-b802-227d2712e314?version=1.1&t=1668589735310&download=true,OICHLGP451V022021_2020-2021.pdf,2026-08-20T14:23:13.912425+00:00
OICHLIP21554V012021,Non-Archived,2020-2021,The Oriental Insurance Co. Ltd.,Oriental Dengue Kavach,28-12-2020,New,https://irdai.gov.in/documents/37343/931203/OICHLIP21554V012021_2020-2021.pdf/11b70e5d-83c3-c0fb-36ae-7b643e883028?version=1.1&t=1668589608834&download=true,OICHLIP21554V012021_2020-2021.pdf,2026-08-20T14:23:13.912425+00:00
OICHLIP447V022021,Non-Archived,2020-2021,The Oriental Insurance Co. Ltd.,Oriental Happy Cash – Nischint Rahein!,25-09-2020,Revision,https://irdai.gov.in/documents/37343/931203/OICHLIP447V022021_2020-2021.pdf/6b360546-3ba2-54d3-7584-b201cb358a33?version=1.1&t=1668589923428&download=true,OICHLIP447V022021_2020-2021.pdf,2026-08-20T14:23:13.912425+00:00
OICHLIP453V022021,Non-Archived,2020-2021,The Oriental Insurance Co. Ltd.,Oriental Super Health Top- Up,25-09-2020,Revision,https://irdai.gov.in/documents/37343/931203/OICHLIP453V022021_2020-2021.pdf/35e54aa5-62db-c390-ffce-cc9827f6fa1f?version=1.1&t=1668590026390&download=true,OICHLIP453V022021_2020-2021.pdf,2026-08-20T14:23:13.912425+00:00
OICTIOP21581V022021,Non-Archived,2020-2021,The Oriental Insurance Co. Ltd.,Overseas Mediclaim Policy - Business and Holiday,23-11-2020,Revision,https://irdai.gov.in/documents/37343/931203/OICTIOP21581V022021_2020-2021.pdf/fb4d77be-e5a4-bfee-148a-0818c33e8578?version=1.1&t=1668589645794&download=true,OICTIOP21581V022021_2020-2021.pdf,2026-08-20T14:23:13.912425+00:00
OICHLGP452V022021,Non-Archived,2020-2021,The Oriental Insurance Co. Ltd.,PNB - Oriental Royal Mediclaim - 2017,25-09-2020,Revision,https://irdai.gov.in/documents/37343/931203/OICHLGP452V022021_2020-2021.pdf/686135c0-7009-b0cd-8c34-cba38ee1ab2c?version=1.1&t=1668589783526&download=true,OICHLGP452V022021_2020-2021.pdf,2026-08-20T14:23:13.912425+00:00
IRDA/NL-HLT/OIC/P-T/V.I/23/14-15,Non-Archived,2014-2015,The Oriental Insurance Co. Ltd.,Passenger Flight Insurance Coupon,07-10-2014,,https://irdai.gov.in/documents/37343/931203/Passenger+Flight+Insurance+Coupon_2014-2015.pdf/4a04ec32-5f27-30bc-6486-588c44c2a237?version=1.1&t=1668405214570&download=true,Passenger Flight Insurance Coupon_2014-2015.pdf,2026-08-20T14:23:13.912425+00:00
IRDA/NL-HLT/OIC/P-T/V.I/17/14-15,Non-Archived,2014-2015,The Oriental Insurance Co. Ltd.,Pravasi Bharatiya Bima Yojana Policy,07-10-2014,,https://irdai.gov.in/documents/37343/931203/Pravasi+Bhartiya+Bima+Yojana+Policy_2014-2015.pdf/0279c48f-f7ef-19f5-0ad4-2fd16da28665?version=1.1&t=1668404575807&download=true,Pravasi Bhartiya Bima Yojana Policy_2014-2015.pdf,2026-08-20T14:23:13.912425+00:00
IRDA/NL-HLT/OIC/P-P/V.I/46/14-15,Non-Archived,2014-2015,The Oriental Insurance Co. Ltd.,Rajrajeshwari Mahila Kalyan Bima Yojana,09-04-2014,,https://irdai.gov.in/documents/37343/931203/Raj+Rajeshwari+Mahila+Kalyan+Bima+Yojana_2014-2015.pdf/24187012-e7a6-f5a4-afce-2df6709dc6eb?version=1.1&t=1668407253035&download=true,Raj Rajeshwari Mahila Kalyan Bima Yojana_2014-2015.pdf,2026-08-20T14:23:13.912425+00:00
IRDA/NL-HLT/OIC/P-H/V.I/24/14-15,Non-Archived,2014-2015,The Oriental Insurance Co. Ltd.,Rashtriya Swasthya Bima Yojana,07-10-2014,,https://irdai.gov.in/documents/37343/931203/Rashtriya+Swasthya+Bima+Yojana_2014-2015.pdf/7db0702a-9e1c-4a65-383f-1db901e87ed2?version=1.1&t=1668405396286&download=true,Rashtriya Swasthya Bima Yojana_2014-2015.pdf,2026-08-20T14:23:13.912425+00:00
IRDA/NL-HLT/OIC/P-H/V.I/22/14-15,Non-Archived,2014-2015,The Oriental Insurance Co. Ltd.,Student Safety Policy,07-10-2014,,https://irdai.gov.in/documents/37343/931203/Student+Safety+Policy_2014-2015.pdf/7482520a-30e6-f313-28c1-4f6722c3f4e6?version=1.1&t=1668405071455&download=true,Student Safety Policy_2014-2015.pdf,2026-08-20T14:23:13.912425+00:00
IRDA/NL-HLT/OIC/P-H/V.I/45/14-15,Non-Archived,2014-2015,The Oriental Insurance Co. Ltd.,Swasthya Bima Policy,09-04-2014,,https://irdai.gov.in/documents/37343/931203/Swasthya+Bima+Policy_2014-2015.pdf/212fbfdc-aa51-26b8-c0cf-c839dbe3ab49?version=1.1&t=1668407162812&download=true,Swasthya Bima Policy_2014-2015.pdf,2026-08-20T14:23:13.912425+00:00
IRDA/NL-HLT/OIC/P-H/V.I/19/14-15,Non-Archived,2014-2015,The Oriental Insurance Co. Ltd.,Thana Janta Sahakari Bank Mediplus Policy,07-10-2014,,https://irdai.gov.in/documents/37343/931203/Thana+Janta+Sahakari+Bank+Mediplus+Policy_2014-2015.pdf/ed693594-2d55-5c5f-85a7-021fb8974c83?version=1.1&t=1668404738880&download=true,Thana Janta Sahakari Bank Mediplus Policy_2014-2015.pdf,2026-08-20T14:23:13.912425+00:00
IRDA/NL-HLT/OIC/P-H/V.I/44/14-15,Non-Archived,2014-2015,The Oriental Insurance Co. Ltd.,Universal Health Insurance Policy,09-04-2014,,https://irdai.gov.in/documents/37343/931203/Universal+Health+Insurance+Policy_2014-2015.pdf/89a3d57c-1506-c8a5-dddf-e39bee7d109a?version=1.1&t=1668407073368&download=true,Universal Health Insurance Policy_2014-2015.pdf,2026-08-20T14:23:13.912425+00:00
OICHLIP21529V022021,Non-Archived,2020-2021,The Oriental Insurance Co. Ltd.,Universal Health Insurance Policy (Individual),30-09-2020,Revision,https://irdai.gov.in/documents/37343/931203/OICHLIP21529V022021_2020-2021.pdf/1ef67e0d-1099-3bd6-e816-d1ccca253a27?version=1.1&t=1668590068769&download=true,OICHLIP21529V022021_2020-2021.pdf,2026-08-20T14:23:13.912425+00:00
IRDA/NL-HLT/OIC/P-H/V.I/450/13-14,Non-Archived,2013-2014,The Oriental Insurance Company Limited,Happy Family Floater Policy,26-02-2014,,https://irdai.gov.in/documents/37343/931203/Happy+Family+Floater+Policy_2013-2014.pdf/4136520d-bd5a-11e8-99c9-e62063d9d73b?version=1.1&t=1668249977648&download=true,Happy Family Floater Policy_2013-2014.pdf,2026-08-20T14:23:13.912425+00:00
IRDA/NL-HLT/OIC/P-H/V.I/449/13-14,Non-Archived,2013-2014,The Oriental Insurance Company Limited,Health of Privileged Elders,03-03-2014,,https://irdai.gov.in/documents/37343/931203/Health+of+Privileged+Elders_2013-2014.pdf/a5d766b5-0c97-76e2-82c7-7aaf49016c27?version=1.1&t=1668250053949&download=true,Health of Privileged Elders_2013-2014.pdf,2026-08-20T14:23:13.912425+00:00
IRDA/NL-HLT/OIC/P-H/V.I/453/13-14,Non-Archived,2013-2014,The Oriental Insurance Company Limited,Mediclaim Insurance Policy (Group),26-02-2014,,https://irdai.gov.in/documents/37343/931203/Mediclaim+Insurance+Policy+%28Group%29_2013-2014.pdf/34b98171-ab5b-87c7-c6ed-c6c5c68d392a?version=1.1&t=1668250020246&download=true,Mediclaim Insurance Policy (Group)_2013-2014.pdf,2026-08-20T14:23:13.912425+00:00
IRDA/NL-HLT/OIC/P-H/V.I/448/13-14,Non-Archived,2013-2014,The Oriental Insurance Company Limited,Mediclaim Insurance Policy (Individual),26-02-2014,,https://irdai.gov.in/documents/37343/931203/Mediclaim+Insurance+Policy+%28Individual%29_2013-2014.pdf/1bb7ef67-1aab-9253-5994-f48bfbd973b8?version=1.1&t=1668249935501&download=true,Mediclaim Insurance Policy (Individual)_2013-2014.pdf,2026-08-20T14:23:13.912425+00:00
IRDA/NL-HLT/OIC/P-H/V.I/454/13-14,Non-Archived,2013-2014,The Oriental Insurance Company Limited,Oriental Bank Mediclaim Policy,03-03-2014,,https://irdai.gov.in/documents/37343/931203/Oriental+Bank+Mediclaim+Policy_2013-2014.pdf/9e30cea7-f5aa-0ffb-17be-e1ac70139328?version=1.1&t=1668250182518&download=true,Oriental Bank Mediclaim Policy_2013-2014.pdf,2026-08-20T14:23:13.912425+00:00
IRDA/NL-HLT/OIC/P-T/V.I/452/13-14,Non-Archived,2013-2014,The Oriental Insurance Company Limited,Overseas Mediclaim -Business and Holiday,03-03-2014,,https://irdai.gov.in/documents/37343/931203/Overseas+Mediclaim+-+Business+and+Holiday_2013-2014.pdf/13b77a5e-3f91-6a5e-90bd-0d39eb67082b?version=1.1&t=1668250125428&download=true,Overseas Mediclaim - Business and Holiday_2013-2014.pdf,2026-08-20T14:23:13.912425+00:00
IRDA/NL-HLT/OIC/P-T/V.I/451/13-14,Non-Archived,2013-2014,The Oriental Insurance Company Limited,Overseas Mediclaim -Employment and Study,03-03-2014,,https://irdai.gov.in/documents/37343/931203/Overseas+Mediclaim+-+Employment+and+Study_2013-2014.pdf/8c7c51e5-a409-5c70-3909-981d97ee55d8?version=1.1&t=1668250092172&download=true,Overseas Mediclaim - Employment and Study_2013-2014.pdf,2026-08-20T14:23:13.912425+00:00
IRDA/NL-HLT/OIC/P-H/V.I/455/13-14,Non-Archived,2013-2014,The Oriental Insurance Company Limited,PNB-Oriental Royal Mediclaim Insurance Policy,03-03-2014,,https://irdai.gov.in/documents/37343/931203/PNB+-Oriental+Royal+Mediclaim+Insurance+Policy_2013-2014.pdf/b3fe4591-4ed7-fcdb-d5fd-4e6bec96f671?version=1.1&t=1668250219451&download=true,PNB -Oriental Royal Mediclaim Insurance Policy_2013-2014.pdf,2026-08-20T14:23:13.912425+00:00
IRDA/NL-HLT/OIC/P-P/V.I/457/13-14,Non-Archived,2013-2014,The Oriental Insurance Company Limited,Personal Accident Policy (Group),03-03-2014,,https://irdai.gov.in/documents/37343/931203/Personal+Accident+Policy+%28Group%29_2013-2014.pdf/45957413-25a3-89f1-f3d3-7b0fe0657ba5?version=1.1&t=1668250598990&download=true,Personal Accident Policy (Group)_2013-2014.pdf,2026-08-20T14:23:13.912425+00:00
IRDA/NL-HLT/OIC/P-P/V.I/456/13-14,Non-Archived,2013-2014,The Oriental Insurance Company Limited,Personal Accident Policy (Individual),03-03-2014,,https://irdai.gov.in/documents/37343/931203/Personal+Accident+Policy+%28Individual%29_2013-2014.pdf/bbb16212-9285-7d67-3576-2fa35ef14f2d?version=1.1&t=1668250553467&download=true,Personal Accident Policy (Individual)_2013-2014.pdf,2026-08-20T14:23:13.912425+00:00
IRDAI/HLT/OIC/P-H/V.II/450/15-16,Non-Archived,2015-2016,The Oriental Insurance Company Ltd,Happy Family Floater policy 2015,10-07-2015,,https://irdai.gov.in/documents/37343/931203/Oriental_Happy+Family+Floater+Policy+-2015+Policy_2015-2016.pdf/7337b3c7-5f6b-8465-aa0e-9edfab3ecd81?version=1.1&t=1668410627425&download=true,Oriental_Happy Family Floater Policy -2015 Policy_2015-2016.pdf,2026-08-20T14:23:13.912425+00:00
IRDA/NL-HLT/OIC/P-H/V.II/448/14-15,Non-Archived,2015-2016,The Oriental Insurance Company Ltd,Mediclaim Insurance Policy Individual,22-05-2015,,https://irdai.gov.in/documents/37343/931203/Oriental_MEDICLAIM+INSURANCE+POLICY+%28INDIVIDUAL%29-+Policy+Wording_2015-2016.pdf/6c3e1ce1-e21c-ae17-cdfb-dbf76d2f2859?version=1.1&t=1668410299882&download=true,Oriental_MEDICLAIM INSURANCE POLICY (INDIVIDUAL)- Policy Wording_2015-2016.pdf,2026-08-20T14:23:13.912425+00:00
IRDA/NL-HLT/OIC/P-H/V.I/73/14-15,Non-Archived,2015-2016,The Oriental Insurance Company Ltd,Oriental Happy Cash Nischint Rahein!,22-05-2015,,https://irdai.gov.in/documents/37343/931203/Oriental-Happy-Cash+-Policy_2015-2016.pdf/c7c5be0b-513d-a3c9-8556-d07923f81003?version=1.1&t=1668410493516&download=true,Oriental-Happy-Cash -Policy_2015-2016.pdf,2026-08-20T14:23:13.912425+00:00
UIIHLIP20013V032021,Non-Archived,2020-2021,United India Insurance Co,Family Medicare Policy Revision,30-09-2020,Revision,https://irdai.gov.in/documents/37343/931203/UIIHLIP20013V032021_2020-2021.pdf/7b896646-41b9-24a4-17a9-f42fccc3c253?version=1.1&t=1668590188396&download=true,UIIHLIP20013V032021_2020-2021.pdf,2026-08-20T14:23:13.912425+00:00
UIIHLIP19116V021819,Non-Archived,2018-2019,United India Insurance Co,Individual Health Insurance Policy - Platinum / Gold / Senior Citizen Plans,02-08-2019,Revision,https://irdai.gov.in/documents/37343/931203/UIIHLIP19116V021819_2018-2019.pdf/8109a629-cf77-ddc8-468f-976c511e0bad?version=1.1&t=1668510322386&download=true,UIIHLIP19116V021819_2018-2019.pdf,2026-08-20T14:23:13.912425+00:00
UIIHCS20015V011920,Non-Archived,2019-2020,United India Insurance Co ltd,CSC Individual Health Insurance Policy,30-04-2019,csc,https://irdai.gov.in/documents/37343/931203/UIIHCS20015V011920_2019-2020.pdf/af9a643b-303d-a759-60a2-e92bfa7380d4?version=1.1&t=1668577779894&download=true,UIIHCS20015V011920_2019-2020.pdf,2026-08-20T14:23:13.912425+00:00
UIIHLIP20179V011920,Non-Archived,2019-2020,United India Insurance Co. Ltd,"Arogya Sanjeevani Policy, United India Insurance Company Limited",04-01-2020,New,https://irdai.gov.in/documents/37343/931203/UIIHLIP20179V011920_2019-2020.pdf/9140dbe8-07b0-e416-5c40-1579aacec13d?version=1.1&t=1668577890534&download=true,UIIHLIP20179V011920_2019-2020.pdf,2026-08-20T14:23:13.912425+00:00
UIIHLIP21085V012021,Non-Archived,2020-2021,United India Insurance Co. Ltd,"Corona Kavach Policy, United India Insurance Company Limited",07-09-2020,New,https://irdai.gov.in/documents/37343/931203/UIIHLIP21085V012021_2020-2021.pdf/42be207f-8277-0a08-3260-1e925f533c3b?version=1.1&t=1668152300174&download=true,UIIHLIP21085V012021_2020-2021.pdf,2026-08-20T14:23:13.912425+00:00
UIIHLGP21444V022021,Non-Archived,2020-2021,United India Insurance Co. Ltd.,Arogya Raksha (Group Health Insurance Scheme),25-09-2020,Revision,https://irdai.gov.in/documents/37343/931203/UIIHLGP21444V022021_2020-2021.pdf/ed141867-eaff-929a-3f71-bdc123e0a077?version=1.1&t=1668590344062&download=true,UIIHLGP21444V022021_2020-2021.pdf,2026-08-20T14:23:13.912425+00:00
UIIHLGP22008V032122,Non-Archived,2021-2022,United India Insurance Co. Ltd.,Arogya Raksha- Group Health Insurance Scheme,04-08-2021,Revision,https://irdai.gov.in/documents/37343/931203/UIIHLGP22008V032122_HEALTH2066.pdf/f87e04a5-f29e-dec8-3d83-4707b74287b4?version=1.1&t=1668770978079&download=true,UIIHLGP22008V032122_HEALTH2066.pdf,2026-08-20T14:23:13.912425+00:00
UIIHLIP18013V011718,Non-Archived,2017-2018,United India Insurance Co. Ltd.,CSC - Family Medicare Policy,07-07-2017,,https://irdai.gov.in/documents/37343/931203/UIIC-CSCFamilyMedicare_2017-2018.pdf/4176df56-a62b-67d5-fb7a-c53f595c145e?version=1.1&t=1668488593209&download=true,UIIC-CSCFamilyMedicare_2017-2018.pdf,2026-08-20T14:23:13.912425+00:00
UIIHLIP18012V011718,Non-Archived,2017-2018,United India Insurance Co. Ltd.,CSC - Individual Health Policy,07-07-2017,,https://irdai.gov.in/documents/37343/931203/UIIC-CSCIndividualHealthGold_2017-2018.pdf/fe7926f4-66a5-031e-9c05-26b8d9d6f014?version=1.1&t=1668488521805&download=true,UIIC-CSCIndividualHealthGold_2017-2018.pdf,2026-08-20T14:23:13.912425+00:00
UIIHLGP21226V022021,Non-Archived,2020-2021,United India Insurance Co. Ltd.,Group Health Policy,09-07-2020,Revision,https://irdai.gov.in/documents/37343/931203/UIIHLGP21226V022021_2020-2021.pdf/3761fa7d-ef8c-7d8d-2b7a-2dd44eb41f25?version=1.1&t=1668590224936&download=true,UIIHLGP21226V022021_2020-2021.pdf,2026-08-20T14:23:13.912425+00:00
UIIHLIP22180V042122,Non-Archived,2021-2022,United India Insurance Co. Ltd.,Individual Health Insurance Policy - Platinum / Gold / Senior Citizen,12-11-2021,Health,https://irdai.gov.in/documents/37343/931203/Family+Medicare+Policy.pdf/891ed605-d97f-f8a7-c535-11249898eb05?version=1.1&t=1668754871496&download=true,Family Medicare Policy.pdf,2026-08-20T14:23:13.912425+00:00
UIIHLIP21114V032021,Non-Archived,2020-2021,United India Insurance Co. Ltd.,Individual Health Insurance Policy -Platinum / Gold / Senior Citizen,24-07-2020,Individual,https://irdai.gov.in/documents/37343/931203/UIIHLIP21114V032021_2020-2021.pdf/6080fe1a-eb5c-8d05-3166-0d46918789ee?version=1.1&t=1668590512524&download=true,UIIHLIP21114V032021_2020-2021.pdf,2026-08-20T14:23:13.912425+00:00
UIIHLGP22150V032122,Non-Archived,2021-2022,United India Insurance Co. Ltd.,Maha Bank Swasthya Yojana (Group Health Insurance Scheme),24-08-2021,Health,https://irdai.gov.in/documents/37343/931203/Maha+Bank+Swasthya+Yojana+%28Group+Health+Insurance+Scheme%29.pdf/c3209c0e-0de0-0485-1edd-d3f7d255518b?version=1.1&t=1668754821978&download=true,Maha Bank Swasthya Yojana (Group Health Insurance Scheme).pdf,2026-08-20T14:23:13.912425+00:00
UIIHLGP21414V022021,Non-Archived,2020-2021,United India Insurance Co. Ltd.,Maha Bank Swasthya Yojana (Group Health Insurance Scheme),25-09-2020,Revision,https://irdai.gov.in/documents/37343/931203/UIIHLGP21414V022021_2020-2021.pdf/7dea02c1-64c6-94a1-7ea5-e99bcdc3ec57?version=1.1&t=1668590305446&download=true,UIIHLGP21414V022021_2020-2021.pdf,2026-08-20T14:23:13.912425+00:00
UIIHLIP22187V032122,Non-Archived,2021-2022,United India Insurance Co. Ltd.,Super Top-up Medicare Policy,02-12-2021,Health,https://irdai.gov.in/documents/37343/931203/Super+Top-up+Medicare+Policy.pdf/45ce10e8-35a5-cfbb-07a0-999b58a40260?version=1.1&t=1668755028527&download=true,Super Top-up Medicare Policy.pdf,2026-08-20T14:23:13.912425+00:00
UIIHLIP21230V022021,Non-Archived,2020-2021,United India Insurance Co. Ltd.,Super top up medicare Policy,09-09-2020,Revision,https://irdai.gov.in/documents/37343/931203/UIIHLIP21230V022021_2020-2021.pdf/2c9f9911-1938-1890-6a5c-bb6c1431e43c?version=1.1&t=1668590551752&download=true,UIIHLIP21230V022021_2020-2021.pdf,2026-08-20T14:23:13.912425+00:00
UIIHLGP21493V032021,Non-Archived,2020-2021,United India Insurance Co. Ltd.,TMB Happy Family Health Insurance,29-09-2020,Revision,https://irdai.gov.in/documents/37343/931203/UIIHLGP21493V032021_2020-2021.pdf/947e4b14-4d0c-63a5-66ad-9e203f67aefa?version=1.1&t=1668590463319&download=true,UIIHLGP21493V032021_2020-2021.pdf,2026-08-20T14:23:13.912425+00:00
UIIHLGP21484V022021,Non-Archived,2020-2021,United India Insurance Co. Ltd.,TMB UNI Family Medicare Policy (Group Health Insurance Scheme),28-09-2020,Revision,https://irdai.gov.in/documents/37343/931203/UIIHLGP21484V022021_2020-2021.pdf/8035d2d0-5bdb-af10-844a-7eb43cde10a3?version=1.1&t=1668590389155&download=true,UIIHLGP21484V022021_2020-2021.pdf,2026-08-20T14:23:13.912425+00:00
UIIHLGP21485V032021,Non-Archived,2020-2021,United India Insurance Co. Ltd.,TMB UNI Mahila Health Insurance,28-09-2020,Revision,https://irdai.gov.in/documents/37343/931203/UIIHLGP21485V032021_2020-2021.pdf/67ffed16-be2b-48ff-0ef3-0f043434a2cd?version=1.1&t=1668590426990&download=true,UIIHLGP21485V032021_2020-2021.pdf,2026-08-20T14:23:13.912425+00:00
UIIHLGP21251V022021,Non-Archived,2020-2021,United India Insurance Co. Ltd.,Uni Group Health Insurance Policy,15-09-2020,Revision,https://irdai.gov.in/documents/37343/931203/UIIHLGP21251V022021_2020-2021.pdf/1016f2e6-25fd-7f0e-a426-d71ac3813c48?version=1.1&t=1668590261125&download=true,UIIHLGP21251V022021_2020-2021.pdf,2026-08-20T14:23:13.912425+00:00
UIIHLIP22070V042122,Non-Archived,2021-2022,United India Insurance Co.Ltd.,Family Medicare Policy,21-06-2021,Revision,https://irdai.gov.in/documents/37343/931203/UIIHLIP22070V042122_HEALTH2068.pdf/ade80179-0e46-3c62-a889-652663255c71?version=1.1&t=1668769400360&download=true,UIIHLIP22070V042122_HEALTH2068.pdf,2026-08-20T14:23:13.912425+00:00
UIIHLGP22018V012122,Non-Archived,2021-2022,United India Insurance Co.Ltd.,UB Arogyadaan,17-05-2021,Group,https://irdai.gov.in/documents/37343/931203/UIIHLGP22018V012122_HEALTH2067.pdf/8a01a70e-15db-e8ef-9daf-cfe50d17ccf2?version=1.1&t=1668769364795&download=true,UIIHLGP22018V012122_HEALTH2067.pdf,2026-08-20T14:23:13.912425+00:00
IRDA/NL-HLT/UII/P-H/V.I/383/13-14,Non-Archived,2013-2014,United India Insurance Company Limited,AB Arogyadan(Group Health Insurance Scheme),05-02-2014,,https://irdai.gov.in/documents/37343/931203/AB_Arogyadan_Group_Health_Insurance_Scheme_2013-2014.pdf/1e13d85f-fc9f-e2e2-fc4e-78467b075bb6?version=1.1&t=1668253542028&download=true,AB_Arogyadan_Group_Health_Insurance_Scheme_2013-2014.pdf,2026-08-20T14:23:13.912425+00:00
IRDA/NL-HLT/UII/P-H/V.I/386/13-14,Non-Archived,2013-2014,United India Insurance Company Limited,Arogya Raksha(Group Health Insurance Scheme),05-02-2014,,https://irdai.gov.in/documents/37343/931203/Arogya_Raksha_Group_Health_Insurance_Scheme_2013-2014.pdf/6ac2acc0-d3a6-d203-c838-0cf7b9ebd56e?version=1.1&t=1668254007685&download=true,Arogya_Raksha_Group_Health_Insurance_Scheme_2013-2014.pdf,2026-08-20T14:23:13.912425+00:00
IRDA/NL-HLT/UII/P-H/V.I/380/13-14,Non-Archived,2013-2014,United India Insurance Company Limited,CAN Mediclaim (Group Health Insurance Scheme),05-02-2014,,https://irdai.gov.in/documents/37343/931203/CAN_Mediclaim_Group_Health_Insurance_Scheme_2013-2014.pdf/cc57ef69-d6b4-8755-ed04-dc8ddce272fb?version=1.1&t=1668253071394&download=true,CAN_Mediclaim_Group_Health_Insurance_Scheme_2013-2014.pdf,2026-08-20T14:23:13.912425+00:00
IRDA/NL-HLT/UII/P-H/V.II/231/13-14,Non-Archived,2013-2014,United India Insurance Company Limited,Family Medicare Policy,28-03-2014,,https://irdai.gov.in/documents/37343/931203/Family_Medicare_Policy_2013-2014.pdf/393f5c7d-a4e7-6c86-ab11-c2e97bb1bfee?version=1.1&t=1668254045180&download=true,Family_Medicare_Policy_2013-2014.pdf,2026-08-20T14:23:13.912425+00:00
IRDA/NL-HLT/UII/P-H/V.I/236/13-14,Non-Archived,2013-2014,United India Insurance Company Limited,Group Health Policy,13-09-2013,,https://irdai.gov.in/documents/37343/931203/Group_Health_Policy_2013-2014.pdf/96e5a0dd-76d2-27a5-bfaa-8e1d648e0225?version=1.1&t=1668251983484&download=true,Group_Health_Policy_2013-2014.pdf,2026-08-20T14:23:13.912425+00:00
IRDA/NL-HLT/UII/P-P/V.I/378/13-14,Non-Archived,2013-2014,United India Insurance Company Limited,Group Personal Accident Insurance Policy,05-02-2014,,https://irdai.gov.in/documents/37343/931203/Group_Personal_Accident_Insurance_Policy_2013-2014.pdf/60580e83-2f84-d446-784f-99e510d9ff57?version=1.1&t=1668252951621&download=true,Group_Personal_Accident_Insurance_Policy_2013-2014.pdf,2026-08-20T14:23:13.912425+00:00
IRDA/NL-HLT/UII/P-H/V.I/228/13-14,Non-Archived,2013-2014,United India Insurance Company Limited,Individual Health - Platinum Policy,13-09-2013,,https://irdai.gov.in/documents/37343/931203/Individual_Health_Platinum_Policy_2013-2014.pdf/3344810e-7459-3ab8-9a40-844fd646cb1f?version=1.1&t=1668250636698&download=true,Individual_Health_Platinum_Policy_2013-2014.pdf,2026-08-20T14:23:13.912425+00:00
IRDA/NL-HLT/UII/P-H/V.I/229/13-14,Non-Archived,2013-2014,United India Insurance Company Limited,Individual Health Gold Policy,13-09-2013,,https://irdai.gov.in/documents/37343/931203/Individual_Health_Gold_Policy_2013-2014.pdf/320128b2-60b8-b27a-a99d-94ae9fc58bea?version=1.1&t=1668250696605&download=true,Individual_Health_Gold_Policy_2013-2014.pdf,2026-08-20T14:23:13.912425+00:00
IRDA/NL-HLT/UII/P-H/V.I/230/13-14,Non-Archived,2013-2014,United India Insurance Company Limited,Individual Health Senior Citizen Policy,13-09-2013,,https://irdai.gov.in/documents/37343/931203/Individual_Health_Senior_Citizen_Policy_2013-2014.pdf/e469fd4a-aed1-79d4-aa9f-7550e66ea8ad?version=1.1&t=1668250729962&download=true,Individual_Health_Senior_Citizen_Policy_2013-2014.pdf,2026-08-20T14:23:13.912425+00:00
IRDA/NL-HLT/UII/P-H/V.I/387/13-14,Non-Archived,2013-2014,United India Insurance Company Limited,Individual Mediclaim Policy,01-11-2013,,https://irdai.gov.in/documents/37343/931203/Individual_Mediclaim_Policy_2013-2014.pdf/5490943a-44ae-f220-180b-53370460f245?version=1.1&t=1668252042163&download=true,Individual_Mediclaim_Policy_2013-2014.pdf,2026-08-20T14:23:13.912425+00:00
IRDA/NL-HLT/UII/P-H/V.I/388/13-14,Non-Archived,2013-2014,United India Insurance Company Limited,Individual Mediguard Policy,01-11-2013,,https://irdai.gov.in/documents/37343/931203/Individual_Mediguard_Policy_2013-2014.pdf/9d4aabbc-9e93-fcbb-60e1-b656adf6eb27?version=1.1&t=1668252086134&download=true,Individual_Mediguard_Policy_2013-2014.pdf,2026-08-20T14:23:13.912425+00:00
IRDA/NL-HLT/UII/P-P/V.I/377/13-14,Non-Archived,2013-2014,United India Insurance Company Limited,Individual Personal Accident Insurance Policy,05-02-2014,,https://irdai.gov.in/documents/37343/931203/Individual_Personal_Accident_Insurance_Policy_2013-2014.pdf/b719a634-fcb2-258d-5fd2-d357717eda19?version=1.1&t=1668252874724&download=true,Individual_Personal_Accident_Insurance_Policy_2013-2014.pdf,2026-08-20T14:23:13.912425+00:00
IRDA/NL-HLT/UII/P-H/V.I/382/13-14,Non-Archived,2013-2014,United India Insurance Company Limited,Maha Bank Swasthya Yojna (Group Health Insurance Scheme),05-02-2014,,https://irdai.gov.in/documents/37343/931203/Maha_Bank_Swasthya_Yojana_Group_Health_Insurance_Scheme_2013-2014.pdf/cb2d4ced-aa0a-2a5e-fa62-b2d2aef1163c?version=1.1&t=1668253404666&download=true,Maha_Bank_Swasthya_Yojana_Group_Health_Insurance_Scheme_2013-2014.pdf,2026-08-20T14:23:13.912425+00:00
IRDA/NL-HLT/UII/P-H/V.I/389/13-14,Non-Archived,2013-2014,United India Insurance Company Limited,Overseas Mediclaim Policy,30-01-2014,,https://irdai.gov.in/documents/37343/931203/Overseas_Mediclaim_Policy_2013-2014.pdf/700955b2-ea87-27aa-ced5-d37d36ea857a?version=1.1&t=1668252187260&download=true,Overseas_Mediclaim_Policy_2013-2014.pdf,2026-08-20T14:23:13.912425+00:00
IRDA/NL-HLT/UII/P-H/V.I/392/13-14,Non-Archived,2013-2014,United India Insurance Company Limited,Overseas Mediclaim Policy - Schengen,01-11-2013,,https://irdai.gov.in/documents/37343/931203/Overseas_Mediclaim_Policy_Schengen_2013-2014.pdf/101d9600-9b2b-5258-92ba-1bd2ac32afa5?version=1.1&t=1668252132040&download=true,Overseas_Mediclaim_Policy_Schengen_2013-2014.pdf,2026-08-20T14:23:13.912425+00:00
IRDA/NL-HLT/UII/P-H/V.I/233/13-14,Non-Archived,2013-2014,United India Insurance Company Limited,Super Top Up Medicare Policy,13-09-2013,,https://irdai.gov.in/documents/37343/931203/Super_Top_Up_Medicare_Policy_2013-2014.pdf/123bad3a-83ee-6449-6d74-36c57dcac08f?version=1.1&t=1668251774017&download=true,Super_Top_Up_Medicare_Policy_2013-2014.pdf,2026-08-20T14:23:13.912425+00:00
IRDA/NL-HLT/UII/P-H/V.I/381/13-14,Non-Archived,2013-2014,United India Insurance Company Limited,Synd Arogya (Group Health Insurance Scheme),05-02-2014,,https://irdai.gov.in/documents/37343/931203/Synd_Arogya_Group_Health_Insurance_Scheme_2013-2014.pdf/f5a08eb7-a380-82b8-30c5-4aaa96ae6fe9?version=1.1&t=1668253284731&download=true,Synd_Arogya_Group_Health_Insurance_Scheme_2013-2014.pdf,2026-08-20T14:23:13.912425+00:00
IRDA/NL-HLT/UII/P-H/V.I/385/13-14,Non-Archived,2013-2014,United India Insurance Company Limited,TMB UNI Family Medicare Policy(Group Health Insurance Scheme),05-02-2014,,https://irdai.gov.in/documents/37343/931203/TMB_UNI_Family_Medicare_Policy_Group_Health_Insurance_Scheme_2013-2014.pdf/9cfb4e09-a2ff-550b-6b57-9f92f74a36b7?version=1.1&t=1668253957471&download=true,TMB_UNI_Family_Medicare_Policy_Group_Health_Insurance_Scheme_2013-2014.pdf,2026-08-20T14:23:13.912425+00:00
IRDA/NL-HLT/UII/P-H/V.I/232/13-14,Non-Archived,2013-2014,United India Insurance Company Limited,Top Up Medicare Policy,13-09-2013,,https://irdai.gov.in/documents/37343/931203/Top_Up_Medicare_Policy_2013-2014.pdf/fb3445cb-67e4-2964-c298-235691a2d837?version=1.1&t=1668250790158&download=true,Top_Up_Medicare_Policy_2013-2014.pdf,2026-08-20T14:23:13.912425+00:00
IRDA/NL-HLT/UII/P-H/V.I/384/13-14,Non-Archived,2013-2014,United India Insurance Company Limited,UI Health Royal(Group Health Insurance Scheme),05-02-2014,,https://irdai.gov.in/documents/37343/931203/UI_Health_Royal_Group_Health_Insurance_Scheme_2013-2014.pdf/9a01c6cf-2646-d411-67a7-34928e482ae9?version=1.1&t=1668253912598&download=true,UI_Health_Royal_Group_Health_Insurance_Scheme_2013-2014.pdf,2026-08-20T14:23:13.912425+00:00
IRDA/NL-HLT/UII/P-H(C)/V.I/234/13-14,Non-Archived,2013-2014,United India Insurance Company Limited,Uni Criticare Policy,13-09-2013,,https://irdai.gov.in/documents/37343/931203/Uni_Criticare_Policy_2013-2014.pdf/0a83a1ab-2b7a-ccca-b80b-c55573d319e8?version=1.1&t=1668251848048&download=true,Uni_Criticare_Policy_2013-2014.pdf,2026-08-20T14:23:13.912425+00:00
IRDA/NL-HLT/UII/P-H/V.I/379/13-14,Non-Archived,2013-2014,United India Insurance Company Limited,V Arogya (Group Health Insurance Scheme),05-02-2014,,https://irdai.gov.in/documents/37343/931203/V_Arogya_Group_Health_Insurance_Scheme_2013-2014.pdf/3aff662e-55f9-cc7b-e72c-4173d41facaa?version=1.1&t=1668253033897&download=true,V_Arogya_Group_Health_Insurance_Scheme_2013-2014.pdf,2026-08-20T14:23:13.912425+00:00
IRDA/NL-HLT/UII/P-H/V.I/235/13-14,Non-Archived,2013-2014,United India Insurance Company Limited,Workmen Medicare Policy,13-09-2013,,https://irdai.gov.in/documents/37343/931203/Workmen_Medicare_Policy_2013-2014.pdf/a3b99069-723e-4130-e53b-260b294b4628?version=1.1&t=1668251923028&download=true,Workmen_Medicare_Policy_2013-2014.pdf,2026-08-20T14:23:13.912425+00:00
IRDAI/HLT/UII/P-P/V.I/4/2015-16,Non-Archived,2015-2016,United India Insurance Company Ltd,Bhagyashree Insurance - Group,11-01-2016,,https://irdai.gov.in/documents/37343/931203/3_Bhagyashree_Insurance-Group_2015-2016.pdf/13ade06a-3b04-5958-b209-837b0c6e4bb6?version=1.1&t=1668410789947&download=true,3_Bhagyashree_Insurance-Group_2015-2016.pdf,2026-08-20T14:23:13.912425+00:00
IRDAI/HLT/UII/P-P/V.I/3/2015-16,Non-Archived,2015-2016,United India Insurance Company Ltd,Bhagyashree Insurance-Individual,11-01-2016,,https://irdai.gov.in/documents/37343/931203/2_Bhagyashree_Insurance-Individual_2015-2016.pdf/41b4dd4b-2acc-240b-0080-1ea77f0d3321?version=1.1&t=1668410757735&download=true,2_Bhagyashree_Insurance-Individual_2015-2016.pdf,2026-08-20T14:23:13.912425+00:00
IRDAI/HLT/UII/P-P/V.I/17/2015-16,Non-Archived,2015-2016,United India Insurance Company Ltd,Gramin Accident Policy - Group,11-01-2016,,https://irdai.gov.in/documents/37343/931203/16_Gramin+Accident+Policy+-+Group+_2015-2016.pdf/c2c9bf57-f6fd-9a63-5161-f8765cb3cfc1?version=1.1&t=1668411358681&download=true,16_Gramin Accident Policy - Group _2015-2016.pdf,2026-08-20T14:23:13.912425+00:00
IRDAI/HLT/UII/P-P/V.I/16/2015-16,Non-Archived,2015-2016,United India Insurance Company Ltd,Gramin Accident Policy - Individual,11-01-2016,,https://irdai.gov.in/documents/37343/931203/15_Gramin+Accident+Policy+-+Individual_2015-2016.pdf/c14ac56e-7585-b33a-a452-6851704f0b19?version=1.1&t=1668411298482&download=true,15_Gramin Accident Policy - Individual_2015-2016.pdf,2026-08-20T14:23:13.912425+00:00
IRDAI/HLT/UII/P-P/V.I/26/2015-16,Non-Archived,2015-2016,United India Insurance Company Ltd,Group Margabandhu Policy,11-01-2016,,https://irdai.gov.in/documents/37343/931203/25_Group_Margabandhu_Policy_2015-2016.pdf/4623effb-d181-2925-09ee-dc270d9cd2ae?version=1.1&t=1668411742035&download=true,25_Group_Margabandhu_Policy_2015-2016.pdf,2026-08-20T14:23:13.912425+00:00
IRDAI/HLT/UII/P-P/V.I/5/2015-16,Non-Archived,2015-2016,United India Insurance Company Ltd,Group Road Safety Insurance,11-01-2016,,https://irdai.gov.in/documents/37343/931203/4_GroupRoadSafetyInsurance_2015-2016.pdf/7aab8e37-f33c-5ca0-065f-078ddb4fc945?version=1.1&t=1668410825599&download=true,4_GroupRoadSafetyInsurance_2015-2016.pdf,2026-08-20T14:23:13.912425+00:00
IRDAI/HLT/UII/P-P/V.I/6/2015-16,Non-Archived,2015-2016,United India Insurance Company Ltd,Individual Road Safety Policy,11-01-2016,,https://irdai.gov.in/documents/37343/931203/5_IndividualRoadSafetyPolicy_2015-2016.pdf/8d7894ca-d43d-ca4a-0d07-53101f431c46?version=1.1&t=1668410858467&download=true,5_IndividualRoadSafetyPolicy_2015-2016.pdf,2026-08-20T14:23:13.912425+00:00
IRDAI/HLT/UII/P-P/V.I/8/2015-16,Non-Archived,2015-2016,United India Insurance Company Ltd,Janata Personal Accident - Group,11-01-2016,,https://irdai.gov.in/documents/37343/931203/7_Janata+Personal+Accident+-+Group_2015-2016.pdf/b91c2ff0-5526-a497-c6f4-9eda3ba12cff?version=1.1&t=1668410952776&download=true,7_Janata Personal Accident - Group_2015-2016.pdf,2026-08-20T14:23:13.912425+00:00
IRDAI/HLT/UII/P-P/V.I/7/2015-16,Non-Archived,2015-2016,United India Insurance Company Ltd,Janata Personal Accident - Individual,11-01-2016,,https://irdai.gov.in/documents/37343/931203/6_JanataPersonalAccident-Individual_2015-2016.pdf/31e6c718-aa00-8351-feaf-513ba0a48bcc?version=1.1&t=1668410918834&download=true,6_JanataPersonalAccident-Individual_2015-2016.pdf,2026-08-20T14:23:13.912425+00:00
IRDAI/HLT/UII/P-P/V.I/18/2015-16,Non-Archived,2015-2016,United India Insurance Company Ltd,Kisan Credit Card Group Insurance,11-01-2016,,https://irdai.gov.in/documents/37343/931203/17_Kisan+Credit+Card+Group+Insurance_2015-2016.pdf/a1d11b26-5c2c-3ae1-c33f-e65b27203291?version=1.1&t=1668411392737&download=true,17_Kisan Credit Card Group Insurance_2015-2016.pdf,2026-08-20T14:23:13.912425+00:00
IRDAI/HLT/UII/P-P/V.I/9/2015-16,Non-Archived,2015-2016,United India Insurance Company Ltd,Mother Teresa Women and Children Policy,11-01-2016,,https://irdai.gov.in/documents/37343/931203/8_Mother+Teresa+Women+and+Children+Policy_2015-2016.pdf/21b5e214-2c05-5512-c7d0-3f3690e08c64?version=1.1&t=1668411000174&download=true,8_Mother Teresa Women and Children Policy_2015-2016.pdf,2026-08-20T14:23:13.912425+00:00
IRDAI/HLT/UII/P-P/V.I/13/2015-16,Non-Archived,2015-2016,United India Insurance Company Ltd,Naadalahiri Group,11-01-2016,,https://irdai.gov.in/documents/37343/931203/12_Naadalahiri+Group_2015-2016.pdf/af3cca77-a4ba-5d60-cbbc-b1bc94546666?version=1.1&t=1668411191110&download=true,12_Naadalahiri Group_2015-2016.pdf,2026-08-20T14:23:13.912425+00:00
IRDAI/HLT/UII/P-P/V.I/12/2015-16,Non-Archived,2015-2016,United India Insurance Company Ltd,Naadalahiri Individual,11-01-2016,,https://irdai.gov.in/documents/37343/931203/11_Naadalahiri+Individual_2015-2016.pdf/33d2a8ff-0a50-4722-983c-1703fb48b9a4?version=1.1&t=1668411158692&download=true,11_Naadalahiri Individual_2015-2016.pdf,2026-08-20T14:23:13.912425+00:00
IRDA/NL-HLT/UII/P-T/V.I/37/14-15,Non-Archived,2015-2016,United India Insurance Company Ltd,Overseas Travel Insurance 2014,25-05-2015,,https://irdai.gov.in/documents/37343/931203/1_1_OverseasTravelInsurance_SingleTrip_2015-2016.pdf/b6f26bf8-5a61-e4ac-fc65-6b58c5822ba1?version=1.1&t=1668410721695&download=true,1_1_OverseasTravelInsurance_SingleTrip_2015-2016.pdf,2026-08-20T14:23:13.912425+00:00
IRDAI/HLT/UII/P-P/V.I/24/2015-16,Non-Archived,2015-2016,United India Insurance Company Ltd,Package PBBY (Pravasi Bharatiya Bima Yojana),11-01-2016,,https://irdai.gov.in/documents/37343/931203/23_Package+PBBY+%28Pravasi+Bharatiya+Bima+Yojana%29_2015-2016.pdf/7d535cab-54e7-79e4-c910-ca8e4d12231d?version=1.1&t=1668411668753&download=true,23_Package PBBY (Pravasi Bharatiya Bima Yojana)_2015-2016.pdf,2026-08-20T14:23:13.912425+00:00
IRDAI/HLT/UII/P-P/V.I/15/2015-16,Non-Archived,2015-2016,United India Insurance Company Ltd,Passenger Flight Coupon - Group,11-01-2016,,https://irdai.gov.in/documents/37343/931203/14_Passenger+Flight+Coupon+-+Group+_2015-2016.pdf/a27ff004-7a33-9c47-0470-425f0f8c0f53?version=1.1&t=1668411264563&download=true,14_Passenger Flight Coupon - Group _2015-2016.pdf,2026-08-20T14:23:13.912425+00:00
IRDAI/HLT/UII/P-P/V.I/14/2015-16,Non-Archived,2015-2016,United India Insurance Company Ltd,Passenger Flight Coupon - Individual,11-01-2016,,https://irdai.gov.in/documents/37343/931203/13_Passenger+Flight+Coupon+-+Individual_2015-2016.pdf/6ca6c442-0bd4-ceef-eb98-c67810d0e84b?version=1.1&t=1668411227951&download=true,13_Passenger Flight Coupon - Individual_2015-2016.pdf,2026-08-20T14:23:13.912425+00:00
IRDAI/HLT/UII/P-P/V.I/11/2015-16,Non-Archived,2015-2016,United India Insurance Company Ltd,Raja Rajeshwari Mahila Kalyan Bima Yojana (Group),11-01-2016,,https://irdai.gov.in/documents/37343/931203/10_Raja+Rajeshwari+Mahila+Kalyan+Bima+Yojana+%28Group%29_2015-2016.pdf/7064bd53-7c04-5e1d-3824-bc6a5b3addf7?version=1.1&t=1668411100110&download=true,10_Raja Rajeshwari Mahila Kalyan Bima Yojana (Group)_2015-2016.pdf,2026-08-20T14:23:13.912425+00:00
IRDAI/HLT/UII/P-P/V.I/10/2015-16,Non-Archived,2015-2016,United India Insurance Company Ltd,Raja Rajeshwari Mahila Kalyan Bima Yojana (Individual),11-01-2016,,https://irdai.gov.in/documents/37343/931203/9_Raja+Rajeshwari+Mahila+Kalyan+Bima+Yojana+%28Individual%29_2015-2016.pdf/d89a56fc-602d-c2dc-6877-e2efd43edb8c?version=1.1&t=1668411056755&download=true,9_Raja Rajeshwari Mahila Kalyan Bima Yojana (Individual)_2015-2016.pdf,2026-08-20T14:23:13.912425+00:00
IRDAI/HLT/UII/P-P/V.I/20/2015-16,Non-Archived,2015-2016,United India Insurance Company Ltd,Rural Accident Package,11-01-2016,,https://irdai.gov.in/documents/37343/931203/19_Rural+Accident+Package_2015-2016.pdf/1dce4503-4358-f5a7-1e9e-573638a6fcb9?version=1.1&t=1668411468033&download=true,19_Rural Accident Package_2015-2016.pdf,2026-08-20T14:23:13.912425+00:00
IRDAI/HLT/UII/P-P/V.I/19/2015-16,Non-Archived,2015-2016,United India Insurance Company Ltd,Rural Women Package,11-01-2016,,https://irdai.gov.in/documents/37343/931203/18_Rural+Women+Package_2015-2016.pdf/97598aee-e5af-40b5-832c-a5263d0f57e2?version=1.1&t=1668411421564&download=true,18_Rural Women Package_2015-2016.pdf,2026-08-20T14:23:13.912425+00:00
IRDAI/HLT/UII/P-P/V.I/23/2015-16,Non-Archived,2015-2016,United India Insurance Company Ltd,Student Safety,11-01-2016,,https://irdai.gov.in/documents/37343/931203/22_Student_Safety_2015-2016.pdf/0b60cf60-9a9a-14ca-df55-5e9b52fdaf5b?version=1.1&t=1668411624495&download=true,22_Student_Safety_2015-2016.pdf,2026-08-20T14:23:13.912425+00:00
IRDAI/HLT/UII/P-P/V.I/25/2015-16,Non-Archived,2015-2016,United India Insurance Company Ltd,Suhana Safar,11-01-2016,,https://irdai.gov.in/documents/37343/931203/24_Suhana_Safar_2015-2016.pdf/845b46bf-5c97-ac3d-e3cb-738115b784ed?version=1.1&t=1668411704578&download=true,24_Suhana_Safar_2015-2016.pdf,2026-08-20T14:23:13.912425+00:00
IRDAI/HLT/UII/P-P/V.I/22/2015-16,Non-Archived,2015-2016,United India Insurance Company Ltd,Unistudycare Group,11-01-2016,,https://irdai.gov.in/documents/37343/931203/21_Unistudycare_Group_2015-2016.pdf/7bc5940d-66a0-e922-2901-204dbede0fcd?version=1.1&t=1668411580924&download=true,21_Unistudycare_Group_2015-2016.pdf,2026-08-20T14:23:13.912425+00:00
IRDAI/HLT/UII/P-P/V.I/21/2015-16,Non-Archived,2015-2016,United India Insurance Company Ltd,Unistudycare Individual,11-01-2016,,https://irdai.gov.in/documents/37343/931203/20_Unistudycare_Individual_2015-2016.pdf/5dfa01de-88a6-9741-3af4-ff2d14ee6764?version=1.1&t=1668411513657&download=true,20_Unistudycare_Individual_2015-2016.pdf,2026-08-20T14:23:13.912425+00:00
UNIHLIP18001V011718,Non-Archived,2017-2018,Universal Sompo GICL,CSC - Complete Healthcare Insurance,28-06-2017,,https://irdai.gov.in/documents/37343/931203/USGIC-CSC-CompleteHealthInsurance_2017-2018.pdf/ceee4c4e-c714-23d0-725f-cf2316f34b7f?version=1.1&t=1668488958740&download=true,USGIC-CSC-CompleteHealthInsurance_2017-2018.pdf,2026-08-20T14:23:13.912425+00:00
UNITIDP18002V011718,Non-Archived,2017-2018,Universal Sompo GICL,CSC - Domestic Travel Insurance,28-06-2017,,https://irdai.gov.in/documents/37343/931203/USGIC-CSCDomesticTravel-Insurance_2017-2018.pdf/8ba5b30e-ae9a-305e-0c4c-168f3e021189?version=1.1&t=1668489456642&download=true,USGIC-CSCDomesticTravel-Insurance_2017-2018.pdf,2026-08-20T14:23:13.912425+00:00
UNIHLIP18003V011718,Non-Archived,2017-2018,Universal Sompo GICL,CSC - Hospital Cash Insurance,28-06-2017,,https://irdai.gov.in/documents/37343/931203/USGIC-CSC-HospitalCashInsurance_2017-2018.pdf/6d4a2ade-5534-eb5f-54b5-4d25d8185978?version=1.1&t=1668489550012&download=true,USGIC-CSC-HospitalCashInsurance_2017-2018.pdf,2026-08-20T14:23:13.912425+00:00
UNIHLIP18004V011718,Non-Archived,2017-2018,Universal Sompo GICL,CSC - Individual Health Insurance,28-06-2017,,https://irdai.gov.in/documents/37343/931203/USGIC-CSCIndividualHealthInsurance_2017-2018.pdf/d0a545ec-0494-b0cf-cbb8-a93a6cf907e3?version=1.1&t=1668491468991&download=true,USGIC-CSCIndividualHealthInsurance_2017-2018.pdf,2026-08-20T14:23:13.912425+00:00
UNIHLIP18005V011718,Non-Archived,2017-2018,Universal Sompo GICL,CSC - Sr Citizen Health Insurance Policy,28-06-2017,,https://irdai.gov.in/documents/37343/931203/USGIC-CSC-SrCitizenHealthInsurance_2017-2018.pdf/a1c3cef6-b7b1-259e-02f8-abf0f6c15504?version=1.1&t=1668495385267&download=true,USGIC-CSC-SrCitizenHealthInsurance_2017-2018.pdf,2026-08-20T14:23:13.912425+00:00
IRDAI/HLT/USGI/P-H/V.II/245/2017-18,Non-Archived,2017-2018,Universal Sompo GICL,IOB Health Care Plus Policy,19-04-2017,,https://irdai.gov.in/documents/37343/931203/USGIC-IOBHealthCarePlus_2017-2018.pdf/f7a2f58e-79bc-40a3-8d85-567dd007eb5d?version=1.1&t=1668488914218&download=true,USGIC-IOBHealthCarePlus_2017-2018.pdf,2026-08-20T14:23:13.912425+00:00
UNIHLIP20171V011920,Non-Archived,2019-2020,Universal Sompo General Insurance Co. Ltd,"ArogyaSanjeevani Policy,Universal Sompo General Insurance Company",31-03-2020,New,https://irdai.gov.in/documents/37343/931203/UNIHLIP20171V011920_2019-2020.pdf/6390d798-eb5b-c1f3-7184-8927ea893882?version=1.1&t=1668577939253&download=true,UNIHLIP20171V011920_2019-2020.pdf,2026-08-20T14:23:13.912425+00:00
UNIHLIP21102V012021,Non-Archived,2020-2021,Universal Sompo General Insurance Co. Ltd,"Corona Kavach Policy,Universal Sompo General Insurance Company",07-10-2020,New,https://irdai.gov.in/documents/37343/931203/UNIHLIP21102V012021_2020-2021.pdf/dfeeab3e-ddeb-f5fd-e65d-49ac1212f757?version=1.1&t=1668152225106&download=true,UNIHLIP21102V012021_2020-2021.pdf,2026-08-20T14:23:13.912425+00:00
UNIHLIP21044V022021,Non-Archived,2020-2021,Universal Sompo General Insurance Co. Ltd,Indian Bank Health care plus,29-05-2020,Revision,https://irdai.gov.in/documents/37343/931203/UNIHLIP21044V022021_2020-2021.pdf/8ceb5b65-a706-4c53-0994-66b5b93cd71a?version=1.1&t=1668156051413&download=true,UNIHLIP21044V022021_2020-2021.pdf,2026-08-20T14:23:13.912425+00:00
UNIPAIP21630V012021,Non-Archived,2020-2021,Universal Sompo General Insurance Co. Ltd,"Saral Suraksha Bima, Universal Sompo General Insurance Co.Ltd.",31-03-2021,New,https://irdai.gov.in/documents/37343/931203/UNIPAIP21630V012021_2020-2021.pdf/b088de69-fd93-d03e-1ba9-163c41fd6d36?version=1.1&t=1668590661836&download=true,UNIPAIP21630V012021_2020-2021.pdf,2026-08-20T14:23:13.912425+00:00
UNIHLGP21643V012021,Non-Archived,2020-2021,Universal Sompo General Insurance Co. Ltd,"Universal Sompo General Insurance Company, Group Mashak Rakshak",31-03-2021,Group,https://irdai.gov.in/documents/37343/931203/UNIHLGP21643V012021_2020-2021.pdf/f32f2f7a-6815-5357-bcc5-171e0ed225c7?version=1.1&t=1668590609563&download=true,UNIHLGP21643V012021_2020-2021.pdf,2026-08-20T14:23:13.912425+00:00
UNIHLGP21057V012021,Non-Archived,2020-2021,Universal Sompo General Insurance Co. Ltd.,COVID-19 Group Health Policy,24-06-2020,Group,https://irdai.gov.in/documents/37343/931203/UNIHLGP21057V012021_2020-2021.pdf/98bcfd5d-f518-16c3-bc3a-e7bf701bc46c?version=1.1&t=1668155919459&download=true,UNIHLGP21057V012021_2020-2021.pdf,2026-08-20T14:23:13.912425+00:00
UNIHLIP21409V022021,Non-Archived,2020-2021,Universal Sompo General Insurance Co. Ltd.,Complete Healthcare Insurance,23-09-2020,Revision,https://irdai.gov.in/documents/37343/931203/UNIHLIP21409V022021_2020-2021.pdf/a41ae04a-7ac2-ad3b-9cb6-d6423e395d2b?version=1.1&t=1668155680161&download=true,UNIHLIP21409V022021_2020-2021.pdf,2026-08-20T14:23:13.912425+00:00
UNIHLIP21104V012021,Non-Archived,2020-2021,Universal Sompo General Insurance Co. Ltd.,"Corona Rakshak Policy, Universal Sompo General Insurance Company",07-10-2020,Individual,https://irdai.gov.in/documents/37343/931203/UNIHLIP21104V012021_2020-2021.pdf/2147150c-11f3-8e00-a125-1a26e496fe94?version=1.1&t=1668155747004&download=true,UNIHLIP21104V012021_2020-2021.pdf,2026-08-20T14:23:13.912425+00:00
UNIHLGP21355V022021,Non-Archived,2020-2021,Universal Sompo General Insurance Co. Ltd.,Group Health Insurance Policy,21-09-2020,Group,https://irdai.gov.in/documents/37343/931203/UNIHLGP21355V022021_2020-2021.pdf/0ccd2c77-78d5-4293-9379-46d1a4e131fd?version=1.1&t=1668155840920&download=true,UNIHLGP21355V022021_2020-2021.pdf,2026-08-20T14:23:13.912425+00:00
UNIPAGP21145V022021,Non-Archived,2020-2021,Universal Sompo General Insurance Co. Ltd.,Group Personal Accident Policy,08-12-2020,Group,https://irdai.gov.in/documents/37343/931203/UNIPAGP21145V022021_2020-2021.pdf/7c1993de-c60d-d1ce-853a-baa7f5a3949a?version=1.1&t=1668155984313&download=true,UNIPAGP21145V022021_2020-2021.pdf,2026-08-20T14:23:13.912425+00:00
UNIHLIP21411V032021,Non-Archived,2020-2021,Universal Sompo General Insurance Co. Ltd.,IOB Health Care Plus Policy,23-09-2020,Revision,https://irdai.gov.in/documents/37343/931203/UNIHLIP21411V032021_2020-2021.pdf/9fb467cc-bfff-6c82-2e6a-7a251f2be3f8?version=1.1&t=1668155518133&download=true,UNIHLIP21411V032021_2020-2021.pdf,2026-08-20T14:23:13.912425+00:00
UNIHLIP21410V032021,Non-Archived,2020-2021,Universal Sompo General Insurance Co. Ltd.,Indian Bank Health Care Plus,23-09-2020,Revision,https://irdai.gov.in/documents/37343/931203/UNIHLIP21410V032021_2020-2021.pdf/8081a6a7-4485-2f2f-c4ed-3f22a22d741f?version=1.1&t=1668155607082&download=true,UNIHLIP21410V032021_2020-2021.pdf,2026-08-20T14:23:13.912425+00:00
UNIHLIP21508V022021,Non-Archived,2020-2021,Universal Sompo General Insurance Co. Ltd.,K Bank Health Care Plus,29-09-2020,Revision,https://irdai.gov.in/documents/37343/931203/UNIHLIP21508V022021_2020-2021.pdf/75562e8a-0d50-0461-32e7-5eb1e5eb83ec?version=1.1&t=1668155244167&download=true,UNIHLIP21508V022021_2020-2021.pdf,2026-08-20T14:23:13.912425+00:00
IRDA/NL-HLT/USGI/P-H/V.II/4/14-15,Non-Archived,2014-2015,Universal Sompo General Insurance Co. Ltd.,K Bank Health Care Plus,23-06-2014,,https://irdai.gov.in/documents/37343/931203/K+BANK+HEALTH+CARE+PLUS_2014-2015.pdf/4c4bf1b0-5680-04f6-1a85-00a28d31fb1b?version=1.1&t=1668407484409&download=true,K BANK HEALTH CARE PLUS_2014-2015.pdf,2026-08-20T14:23:13.912425+00:00
IRDA/NL-HLT/USGI/P-T/V.I/446/13-14,Non-Archived,2014-2015,Universal Sompo General Insurance Co. Ltd.,Pravasi Bharatiya Bima Yojana,26-06-2014,,https://irdai.gov.in/documents/37343/931203/Pravasi+Bhartiya+Bima+Yojana_2014-2015.pdf/8d8ab7ab-ebac-da0f-ec4d-febd5e5284f3?version=1.1&t=1668407440379&download=true,Pravasi Bhartiya Bima Yojana_2014-2015.pdf,2026-08-20T14:23:13.912425+00:00
UNIHLIP21412V022021,Non-Archived,2020-2021,Universal Sompo General Insurance Co. Ltd.,Senior Citizen Health Insurance,23-09-2020,Revision,https://irdai.gov.in/documents/37343/931203/UNIHLIP21412V022021_2020-2021.pdf/3f61f365-cd01-9468-60c3-8e310c3f9aec?version=1.1&t=1668155432595&download=true,UNIHLIP21412V022021_2020-2021.pdf,2026-08-20T14:23:13.912425+00:00
UNIHLIP21413V022021,Non-Archived,2020-2021,Universal Sompo General Insurance Co. Ltd.,Super Healthcare Insurance,23-09-2020,Revision,https://irdai.gov.in/documents/37343/931203/UNIHLIP21413V022021_2020-2021.pdf/0d8c43ec-9db7-739e-acb9-c29e5e4dd414?version=1.1&t=1668155338212&download=true,UNIHLIP21413V022021_2020-2021.pdf,2026-08-20T14:23:13.912425+00:00
IRDA/NL-HLT/USGI/P-H/V.I/445/13-14,Non-Archived,2014-2015,Universal Sompo General Insurance Co. Ltd.,Surva Vidyarthi Bima Yojana,24-07-2014,,https://irdai.gov.in/documents/37343/931203/Surva+Vidyarthi+Bima+Yojana_2014-2015.pdf/744719c5-f156-e4a0-0e3c-4cb78f0f9d8e?version=1.1&t=1668407392855&download=true,Surva Vidyarthi Bima Yojana_2014-2015.pdf,2026-08-20T14:23:13.912425+00:00
IRDA/NL-HLT/USGI/P-H/V.I/15/14-15,Non-Archived,2014-2015,Universal Sompo General Insurance Co. Ltd.,Swarna Gramin Bima Yojana (Group),30-06-2014,,https://irdai.gov.in/documents/37343/931203/Swarna+Gramin+Bima+Yojana+%28Group%29_2014-2015.pdf/2c249701-33c8-2488-ea07-e078a4349646?version=1.1&t=1668407559400&download=true,Swarna Gramin Bima Yojana (Group)_2014-2015.pdf,2026-08-20T14:23:13.912425+00:00
IRDA/NL-HLT/USGI/P-H/V.I/30/13-14,Non-Archived,2014-2015,Universal Sompo General Insurance Co. Ltd.,Swarna Gramin Bima Yojana (Individual),30-06-2014,,https://irdai.gov.in/documents/37343/931203/Swarna+Gramin+Bima+Yojana+%28Individual%29+-+Policy+Wordings_2014-2015.pdf/29e130db-0e5d-3d2f-ddcc-706a0e1207e1?version=1.1&t=1668407304381&download=true,Swarna Gramin Bima Yojana (Individual) - Policy Wordings_2014-2015.pdf,2026-08-20T14:23:13.912425+00:00
UNITIOP21251V032021,Non-Archived,2020-2021,Universal Sompo General Insurance Co. Ltd.,Travel Insurance Policy,14-09-2020,Revision,https://irdai.gov.in/documents/37343/931203/UNITIOP21251V032021_2020-2021.pdf/a2c48ba0-fd15-aba1-b231-30eba4e0ede7?version=1.1&t=1668155162006&download=true,UNITIOP21251V032021_2020-2021.pdf,2026-08-20T14:23:13.912425+00:00
UNIHLIP19106V021819,Non-Archived,2018-2019,Universal Sompo General Insurance Company,Loan Secure Insurance Policy,01-10-2019,Retail,https://irdai.gov.in/documents/37343/931203/UNIHLIP19106V021819_2018-2019.pdf/9de37aef-a213-f9f8-1aee-bc1b4787cde9?version=1.1&t=1668510358510&download=true,UNIHLIP19106V021819_2018-2019.pdf,2026-08-20T14:23:13.912425+00:00
UNIHMIP19099V011819,Non-Archived,2018-2019,Universal Sompo General Insurance Company,Saral Suraksha Bima Micro Insurance,30-10-2018,Group,https://irdai.gov.in/documents/37343/931203/UNIHMIP19099V011819_2018-2019.pdf/c3ba93f7-8aae-8228-c92c-909034f4be72?version=1.1&t=1668510401221&download=true,UNIHMIP19099V011819_2018-2019.pdf,2026-08-20T14:23:13.912425+00:00
IRDA/NL-HLT/USGI/P-H/V.I/27/13-14,Non-Archived,2013-2014,Universal Sompo General Insurance Company Limited,Aapat Suraksha Bima Policy,30-09-2013,,https://irdai.gov.in/documents/37343/931203/Aapat+Suraksha+Bima+Policy_2013-2014.pdf/1613e98c-a3b7-37ab-1770-71bdcf2e3a8b?version=1.1&t=1668247899817&download=true,Aapat Suraksha Bima Policy_2013-2014.pdf,2026-08-20T14:23:13.912425+00:00
IRDA/NL-HLT/USGI/P-H/V.I/221/13-14,Non-Archived,2013-2014,Universal Sompo General Insurance Company Limited,Complete Healthcare Insurance,28-03-2014,,https://irdai.gov.in/documents/37343/931203/COMPLETE+HEALTHCARE+INSURANCE_2013-2014.pdf/e96d5bbf-78bc-8f2f-2a6c-442158caf72e?version=1.1&t=1668248174353&download=true,COMPLETE HEALTHCARE INSURANCE_2013-2014.pdf,2026-08-20T14:23:13.912425+00:00
IRDA/NL-HLT/USGI/P-H(C)/V.I/29/13-14,Non-Archived,2013-2014,Universal Sompo General Insurance Company Limited,Critical Illness Insurance Policy,01-01-2014,,https://irdai.gov.in/documents/37343/931203/CRITICAL+ILLNESS+INSURANCE+POLICY_2014-01-01.pdf/feb12c76-3fbf-6d48-133d-17708966d6f9?version=1.1&t=1668248447557&download=true,CRITICAL ILLNESS INSURANCE POLICY_2014-01-01.pdf,2026-08-20T14:23:13.912425+00:00
IRDA/NL-HLT/USGI/P-T/V.I/478/13-14,Non-Archived,2013-2014,Universal Sompo General Insurance Company Limited,Domestic Travel Insurance,28-03-2014,,https://irdai.gov.in/documents/37343/931203/Domestic+Travel+Insurance_2014-03-28.pdf/b5a0d723-3826-08c1-51dd-0b8ebe7d7920?version=1.1&t=1668244088428&download=true,Domestic Travel Insurance_2014-03-28.pdf,2026-08-20T14:23:13.912425+00:00
IRDA/NL-HLT/USGI/P-H/V.I/70/13-14,Non-Archived,2013-2014,Universal Sompo General Insurance Company Limited,Group Health Insurance Policy,30-09-2013,,https://irdai.gov.in/documents/37343/931203/Group+Health+Insurance+Policy_2013-09-30.pdf/acc6d3ea-e83d-093e-7336-48ec9141af3d?version=1.1&t=1668248000500&download=true,Group Health Insurance Policy_2013-09-30.pdf,2026-08-20T14:23:13.912425+00:00
IRDA/NL-HLT/USGI/P-P/V.I/85/13-14,Non-Archived,2013-2014,Universal Sompo General Insurance Company Limited,Group Personal Accident Insurance,05-07-2013,,https://irdai.gov.in/documents/37343/931203/Group+Personal+Accident+Insurance_2013-07-05.pdf/a200823c-626f-929e-6e16-432a0e2b6167?version=1.1&t=1668248324334&download=true,Group Personal Accident Insurance_2013-07-05.pdf,2026-08-20T14:23:13.912425+00:00
IRDA/NL-HLT/USGI/P-H/V.I/25/13-14,Non-Archived,2013-2014,Universal Sompo General Insurance Company Limited,Hospital Cash Insurance Policy,17-02-2014,,https://irdai.gov.in/documents/37343/931203/Hospital+Cash+Insurance+Policy_2013-2014.pdf/7eae4912-543f-ff0d-9184-65431bf2e4b2?version=1.1&t=1668254153766&download=true,Hospital Cash Insurance Policy_2013-2014.pdf,2026-08-20T14:23:13.912425+00:00
IRDA/NL-HLT/USGI/P-H/V.I/245/13-14,Non-Archived,2013-2014,Universal Sompo General Insurance Company Limited,IOB Health Care Plus Policy,30-09-2013,,https://irdai.gov.in/documents/37343/931203/IOB+Health+Care+Plus+Policy_2013-2014.pdf/df331dcd-69f1-1a03-6c3c-e3906b423b6a?version=1.1&t=1668248121733&download=true,IOB Health Care Plus Policy_2013-2014.pdf,2026-08-20T14:23:13.912425+00:00
IRDA/NL-HLT/USGI/P-P/V.I/409/13-14,Non-Archived,2013-2014,Universal Sompo General Insurance Company Limited,Individual Accident Policy,17-10-2013,,https://irdai.gov.in/documents/37343/931203/Individual+Accident+Policy_2013-2014.pdf/404746dd-34db-de39-c3f9-228971767652?version=1.1&t=1668244250277&download=true,Individual Accident Policy_2013-2014.pdf,2026-08-20T14:23:13.912425+00:00
IRDA/NL-HLT/USGI/P-H/V.I/52/13-14,Non-Archived,2013-2014,Universal Sompo General Insurance Company Limited,Individual Health Insurance,30-09-2013,,https://irdai.gov.in/documents/37343/931203/Individual+Health+Insurance_2013-2014.pdf/09686d2e-2781-a224-bc21-c84723b3040c?version=1.1&t=1668248035814&download=true,Individual Health Insurance_2013-2014.pdf,2026-08-20T14:23:13.912425+00:00
IRDA/NL-HLT/USGI/P-P/V.I/86/13-14,Non-Archived,2013-2014,Universal Sompo General Insurance Company Limited,Janata Personal Accident Insurance,05-07-2013,,https://irdai.gov.in/documents/37343/931203/Janata+Personal+Accident+Insurance_2013-2014.pdf/fbc798b9-6e01-190c-9c38-53fd3ee68a3e?version=1.1&t=1668248292880&download=true,Janata Personal Accident Insurance_2013-2014.pdf,2026-08-20T14:23:13.912425+00:00
IRDA/NL-HLT/USGI/P-P/V.I/67/13-14,Non-Archived,2013-2014,Universal Sompo General Insurance Company Limited,Janata Personal Accident Insurance Policy (Long Term),05-07-2013,,https://irdai.gov.in/documents/37343/931203/Janata+Persona+Accident+Insurance+Policy+%28Long+Term%29_2013-2014.pdf/46a2d828-af5a-a476-8808-0c79c7771dd6?version=1.1&t=1668248407432&download=true,Janata Persona Accident Insurance Policy (Long Term)_2013-2014.pdf,2026-08-20T14:23:13.912425+00:00
IRDA/NL-HLT/USGI/P-H/V.I/413/13-14,Non-Archived,2013-2014,Universal Sompo General Insurance Company Limited,K Family Care - Health Insurance Policy,23-10-2013,,https://irdai.gov.in/documents/37343/931203/K+Family+Care+-+Health+Insurance+Policy_2013-2014.pdf/8f8d7510-4497-07a7-ceb4-57523257f77d?version=1.1&t=1668244161329&download=true,K Family Care - Health Insurance Policy_2013-2014.pdf,2026-08-20T14:23:13.912425+00:00
IRDA/NL-HLT/USGI/P-H/V.I/252/13-14,Non-Archived,2013-2014,Universal Sompo General Insurance Company Limited,Loan Secure Insurance Policy,30-09-2013,,https://irdai.gov.in/documents/37343/931203/Loan+Secure+Insurance+Policy_2013-2014.pdf/76f72a50-c77a-1c28-5513-9414b52af6ca?version=1.1&t=1668247849846&download=true,Loan Secure Insurance Policy_2013-2014.pdf,2026-08-20T14:23:13.912425+00:00
IRDA/NL-HLT/USGI/P-H/V.I/246/13-14,Non-Archived,2013-2014,Universal Sompo General Insurance Company Limited,Sampoorna Suraksha Bima (Micro Insurance),30-09-2013,,https://irdai.gov.in/documents/37343/931203/Sampoorna+Suraksha+Bima+%28Micro+Insurance%29_2013-2014.pdf/54796444-7ca0-115a-e307-ff78f480002c?version=1.1&t=1668248082992&download=true,Sampoorna Suraksha Bima (Micro Insurance)_2013-2014.pdf,2026-08-20T14:23:13.912425+00:00
IRDA/NL-HLT/USGI/P-H/V.I/259/13-14,Non-Archived,2013-2014,Universal Sompo General Insurance Company Limited,Sampoorna Swasthya Kavach,30-09-2013,,https://irdai.gov.in/documents/37343/931203/Sampoorna+Swasthya+Kavach_2013-2014.pdf/1b93749f-7010-7088-3398-e75baef53c89?version=1.1&t=1668244323702&download=true,Sampoorna Swasthya Kavach_2013-2014.pdf,2026-08-20T14:23:13.912425+00:00
IRDA/NL-HLT/USGI/P-H/V.I/68/13-14,Non-Archived,2013-2014,Universal Sompo General Insurance Company Limited,Saral Suraksha Bima (Micro Insurance),05-07-2013,,https://irdai.gov.in/documents/37343/931203/Saral+Suraksha+Bima+%28Micro+Insurance%29_2013-2014.pdf/346d7fa1-020b-4d2e-fc3d-07f818c3f3b2?version=1.1&t=1668248365328&download=true,Saral Suraksha Bima (Micro Insurance)_2013-2014.pdf,2026-08-20T14:23:13.912425+00:00
IRDA/NL-HLT/USGI/P-H/V.I/28/13-14,Non-Archived,2013-2014,Universal Sompo General Insurance Company Limited,Senior Citizen Health Insurance Policy,11-03-2014,,https://irdai.gov.in/documents/37343/931203/Senior+Citizen+Health+Insurance+Policy_2013-2014.pdf/8b0ee685-1670-3551-385f-4894fa5d0474?version=1.1&t=1668248522530&download=true,Senior Citizen Health Insurance Policy_2013-2014.pdf,2026-08-20T14:23:13.912425+00:00
IRDA/NL-HLT/USGI/P-T/V.I/251/13-14,Non-Archived,2013-2014,Universal Sompo General Insurance Company Limited,Travel Insurance Policy,30-09-2013,,https://irdai.gov.in/documents/37343/931203/Travel+Insurance+Policy_2013-2014.pdf/238fb54d-ec90-7f46-9526-db6acba60d3a?version=1.1&t=1668247939943&download=true,Travel Insurance Policy_2013-2014.pdf,2026-08-20T14:23:13.912425+00:00
UNIHLIP20061V011920,Non-Archived,2019-2020,Universal Sompo General insurance Co. Ltd.,Super Health Care Insurance,25-09-2019,New,https://irdai.gov.in/documents/37343/931203/UNIHLIP20061V011920_2019-2020.pdf/ae00e139-3131-83e6-49e9-57731ec1ac01?version=1.1&t=1668577975168&download=true,UNIHLIP20061V011920_2019-2020.pdf,2026-08-20T14:23:13.912425+00:00
